# Blender 3.5.1
# www.blender.org
mtllib CabezaLow.mtl
o polySurface1
v 0.222234 1.648374 -0.020331
v 0.208135 1.655251 -0.021397
v 0.207989 1.658004 0.000000
v 0.220311 1.651726 0.000000
v 0.208135 1.655251 0.021398
v 0.222234 1.648374 0.020332
v 0.224632 1.642413 -0.031875
v 0.209624 1.649105 -0.034657
v 0.209624 1.649105 0.034658
v 0.224632 1.642413 0.031876
v 0.227380 1.631627 -0.042689
v 0.213556 1.637720 -0.048370
v 0.213556 1.637720 0.048370
v 0.227380 1.631627 0.042689
v 0.236194 1.591017 -0.052392
v 0.224182 1.597619 -0.069078
v 0.224182 1.597619 0.069078
v 0.236194 1.591017 0.052392
v 0.234817 1.569978 -0.063886
v 0.227125 1.574856 -0.078262
v 0.227125 1.574856 0.078262
v 0.234817 1.569978 0.063886
v 0.235140 1.523860 -0.069889
v 0.227423 1.521539 -0.084503
v 0.227423 1.521539 0.084503
v 0.235140 1.523860 0.069890
v 0.222965 1.473762 0.066938
v 0.230270 1.483793 0.057671
v 0.230270 1.483793 -0.057670
v 0.222965 1.473762 -0.066937
v 0.216878 1.448848 0.038057
v 0.226506 1.462920 0.032272
v 0.226506 1.462920 -0.032271
v 0.216878 1.448848 -0.038056
v 0.214036 1.440892 0.000000
v 0.224977 1.456613 0.000000
v 0.235567 1.547602 -0.068807
v 0.228771 1.548726 -0.083995
v 0.235567 1.547602 0.068808
v 0.228771 1.548726 0.083995
v 0.232504 1.501390 0.066638
v 0.225055 1.496074 0.078658
v 0.232504 1.501390 -0.066638
v 0.225055 1.496074 -0.078657
v 0.239218 1.510700 0.042304
v 0.242072 1.513639 0.045524
v 0.239644 1.506239 0.047611
v 0.237428 1.506750 0.043336
v 0.237428 1.506750 -0.043336
v 0.239644 1.506239 -0.047610
v 0.242072 1.513639 -0.045523
v 0.239218 1.510700 -0.042304
v 0.242688 1.512076 0.036695
v 0.246311 1.517745 0.038342
v 0.246311 1.517745 -0.038342
v 0.242688 1.512076 -0.036694
v 0.246678 1.513134 0.028314
v 0.250588 1.520560 0.029687
v 0.250588 1.520560 -0.029686
v 0.246678 1.513134 -0.028313
v 0.237675 1.503441 0.039955
v 0.240450 1.497086 0.042314
v 0.240450 1.497086 -0.042314
v 0.237675 1.503441 -0.039955
v 0.240659 1.501136 0.031709
v 0.242191 1.492236 0.034032
v 0.242191 1.492236 -0.034032
v 0.240659 1.501136 -0.031708
v 0.243873 1.488352 0.023999
v 0.244568 1.500232 0.022281
v 0.244568 1.500232 -0.022281
v 0.243873 1.488352 -0.023999
v 0.247443 1.500088 0.011387
v 0.244771 1.485951 0.012326
v 0.244771 1.485951 -0.012325
v 0.247443 1.500088 -0.011387
v 0.248626 1.500439 0.000000
v 0.244961 1.485293 0.000000
v 0.250665 1.513263 0.018415
v 0.254128 1.521520 0.019903
v 0.254128 1.521520 -0.019903
v 0.250665 1.513263 -0.018414
v 0.253242 1.513497 0.008178
v 0.256399 1.521826 0.009887
v 0.256399 1.521826 -0.009886
v 0.253242 1.513497 -0.008178
v 0.253304 1.513393 0.000000
v 0.257137 1.521020 0.000000
v 0.238832 1.639002 0.029245
v 0.242379 1.627788 0.037048
v 0.242379 1.627788 -0.037048
v 0.238832 1.639002 -0.029244
v 0.236046 1.645845 0.019679
v 0.236046 1.645845 -0.019678
v 0.233963 1.650424 0.000000
v 0.249609 1.597564 -0.037361
v 0.249609 1.597564 0.037361
v 0.250787 1.589069 -0.034138
v 0.243005 1.573635 -0.042460
v 0.243005 1.573635 0.042461
v 0.250787 1.589069 0.034139
v 0.254512 1.582136 -0.026346
v 0.248343 1.570105 -0.029533
v 0.248343 1.570105 0.029534
v 0.254512 1.582136 0.026347
v 0.251392 1.567655 0.019344
v 0.257122 1.578208 0.018350
v 0.257122 1.578208 -0.018350
v 0.251392 1.567655 -0.019343
v 0.253141 1.566172 0.009629
v 0.259425 1.576090 0.009538
v 0.259425 1.576090 -0.009537
v 0.253141 1.566172 -0.009629
v 0.253746 1.565564 0.000000
v 0.259900 1.575288 0.000000
v 0.151153 1.674758 -0.104183
v 0.142847 1.680161 -0.097950
v 0.151153 1.674758 0.104184
v 0.142847 1.680161 0.097950
v 0.152482 1.681101 -0.072271
v 0.160485 1.676206 -0.074942
v 0.160485 1.676206 0.074942
v 0.152482 1.681101 0.072272
v 0.153896 1.685802 -0.055927
v 0.162742 1.680131 -0.056872
v 0.162742 1.680131 0.056873
v 0.153896 1.685802 0.055928
v 0.152940 1.690916 -0.046598
v 0.161702 1.686758 -0.043529
v 0.161702 1.686758 0.043529
v 0.152940 1.690916 0.046599
v 0.151241 1.701804 -0.035597
v 0.161426 1.699304 -0.032445
v 0.161426 1.699304 0.032446
v 0.151241 1.701804 0.035598
v 0.151438 1.709398 -0.030996
v 0.162912 1.710969 -0.026494
v 0.162912 1.710969 0.026495
v 0.151438 1.709398 0.030996
v 0.153052 1.721914 -0.027004
v 0.164517 1.723965 -0.023415
v 0.164517 1.723965 0.023415
v 0.153052 1.721914 0.027005
v 0.153581 1.731876 -0.027262
v 0.165616 1.735064 -0.023257
v 0.165616 1.735064 0.023258
v 0.153581 1.731876 0.027262
v 0.157657 1.747854 -0.032203
v 0.167527 1.749838 -0.026474
v 0.167527 1.749838 0.026475
v 0.157657 1.747854 0.032204
v 0.161292 1.759092 -0.039871
v 0.170182 1.761797 -0.032201
v 0.170182 1.761797 0.032201
v 0.161292 1.759092 0.039871
v 0.165012 1.768452 -0.047969
v 0.172621 1.773594 -0.041001
v 0.172621 1.773594 0.041001
v 0.165012 1.768452 0.047970
v 0.166410 1.775579 -0.056917
v 0.172945 1.783616 -0.052543
v 0.172945 1.783616 0.052543
v 0.166410 1.775579 0.056918
v 0.162621 1.780035 -0.069921
v 0.170587 1.791004 -0.066848
v 0.170587 1.791004 0.066848
v 0.162621 1.780035 0.069922
v 0.158917 1.782707 -0.083797
v 0.165638 1.795169 -0.082258
v 0.165638 1.795169 0.082259
v 0.158917 1.782707 0.083797
v 0.155672 1.782457 -0.095274
v 0.159121 1.796323 -0.097834
v 0.159121 1.796323 0.097835
v 0.155672 1.782457 0.095274
v 0.149140 1.777762 -0.110272
v 0.150799 1.794446 -0.112518
v 0.150799 1.794446 0.112518
v 0.149140 1.777762 0.110272
v 0.144794 1.773238 -0.120747
v 0.142084 1.790057 -0.124749
v 0.142084 1.790057 0.124750
v 0.144794 1.773238 0.120747
v 0.137825 1.766311 -0.132216
v 0.129608 1.777034 -0.139666
v 0.129608 1.777034 0.139667
v 0.137825 1.766311 0.132216
v 0.123913 1.765697 -0.147272
v 0.132301 1.757225 -0.138368
v 0.132301 1.757225 0.138368
v 0.123913 1.765697 0.147272
v 0.125844 1.745051 -0.142283
v 0.120052 1.751290 -0.152913
v 0.120052 1.751290 0.152914
v 0.125844 1.745051 0.142284
v 0.117077 1.729622 -0.141543
v 0.116585 1.734455 -0.153432
v 0.116585 1.734455 0.153432
v 0.117077 1.729622 0.141544
v 0.110361 1.715298 -0.138707
v 0.111107 1.717575 -0.151481
v 0.111107 1.717575 0.151481
v 0.110361 1.715298 0.138708
v 0.111108 1.703819 -0.148344
v 0.111648 1.705184 -0.135698
v 0.111648 1.705184 0.135698
v 0.111108 1.703819 0.148345
v 0.116749 1.692789 -0.144198
v 0.116424 1.696810 -0.134204
v 0.116424 1.696810 0.134205
v 0.116749 1.692789 0.144199
v 0.125942 1.683506 -0.138049
v 0.123524 1.689708 -0.129968
v 0.123524 1.689708 0.129969
v 0.125942 1.683506 0.138049
v 0.132077 1.683943 -0.120984
v 0.137692 1.676231 -0.128380
v 0.137692 1.676231 0.128380
v 0.132077 1.683943 0.120985
v 0.153941 1.668943 -0.108040
v 0.153941 1.668943 0.108040
v 0.163107 1.669257 -0.077069
v 0.163107 1.669257 0.077070
v 0.164682 1.672205 -0.054090
v 0.164682 1.672205 0.054090
v 0.165698 1.680473 -0.039959
v 0.165698 1.680473 0.039959
v 0.168096 1.693755 -0.029673
v 0.168096 1.693755 0.029673
v 0.170786 1.707245 -0.022307
v 0.170786 1.707245 0.022308
v 0.172159 1.720683 -0.017878
v 0.172159 1.720683 0.017879
v 0.172627 1.734910 -0.016548
v 0.172627 1.734910 0.016549
v 0.172963 1.749827 -0.018586
v 0.172963 1.749827 0.018587
v 0.173735 1.763797 -0.024952
v 0.173735 1.763797 0.024952
v 0.173848 1.777541 -0.034784
v 0.173848 1.777541 0.034784
v 0.173112 1.789274 -0.047529
v 0.173112 1.789274 0.047529
v 0.170427 1.798295 -0.062926
v 0.170427 1.798295 0.062926
v 0.163656 1.803533 -0.079203
v 0.163656 1.803533 0.079203
v 0.154895 1.805376 -0.095561
v 0.154895 1.805376 0.095562
v 0.144365 1.803822 -0.110671
v 0.144365 1.803822 0.110672
v 0.133361 1.799215 -0.123464
v 0.133361 1.799215 0.123464
v 0.118194 1.784301 -0.141372
v 0.118194 1.784301 0.141373
v 0.111698 1.771546 -0.150529
v 0.111698 1.771546 0.150530
v 0.106259 1.755086 -0.157950
v 0.106259 1.755086 0.157951
v 0.103834 1.735518 -0.161422
v 0.103834 1.735518 0.161423
v 0.102065 1.716957 -0.160875
v 0.102065 1.716957 0.160875
v 0.104429 1.701287 -0.157504
v 0.104429 1.701287 0.157505
v 0.111919 1.687411 -0.151888
v 0.111919 1.687411 0.151888
v 0.123111 1.676647 -0.144069
v 0.123111 1.676647 0.144069
v 0.137268 1.670417 -0.131726
v 0.137268 1.670417 0.131726
v 0.146569 1.677994 -0.100255
v 0.135706 1.680887 -0.124124
v 0.126551 1.688563 -0.133650
v 0.117063 1.695350 -0.138476
v 0.112062 1.704683 -0.141401
v 0.112174 1.716645 -0.144385
v 0.118979 1.732065 -0.146620
v 0.125526 1.747125 -0.147212
v 0.130767 1.760548 -0.142854
v 0.136154 1.770397 -0.136460
v 0.146006 1.780376 -0.123372
v 0.152395 1.784675 -0.111716
v 0.158694 1.787207 -0.097458
v 0.163494 1.786856 -0.083553
v 0.167237 1.783636 -0.069486
v 0.169465 1.778217 -0.056226
v 0.168887 1.770220 -0.045700
v 0.165617 1.760014 -0.036867
v 0.162137 1.748694 -0.030074
v 0.159169 1.733765 -0.025853
v 0.158172 1.723334 -0.025776
v 0.156689 1.710580 -0.028766
v 0.156143 1.700130 -0.034689
v 0.156999 1.689620 -0.045310
v 0.158030 1.683757 -0.056919
v 0.155422 1.679452 -0.072996
v 0.146569 1.677994 0.100256
v 0.135706 1.680887 0.124125
v 0.126551 1.688563 0.133650
v 0.117063 1.695350 0.138476
v 0.112062 1.704683 0.141401
v 0.112174 1.716645 0.144386
v 0.118979 1.732065 0.146621
v 0.125526 1.747125 0.147213
v 0.130767 1.760548 0.142855
v 0.136154 1.770397 0.136461
v 0.146006 1.780376 0.123372
v 0.152395 1.784675 0.111716
v 0.158694 1.787207 0.097458
v 0.163494 1.786856 0.083553
v 0.167237 1.783636 0.069487
v 0.169465 1.778217 0.056226
v 0.168887 1.770220 0.045701
v 0.165617 1.760014 0.036868
v 0.162137 1.748694 0.030075
v 0.159169 1.733765 0.025854
v 0.158172 1.723334 0.025777
v 0.156689 1.710580 0.028766
v 0.156143 1.700130 0.034690
v 0.156999 1.689620 0.045311
v 0.158030 1.683757 0.056920
v 0.155422 1.679452 0.072996
v 0.153513 1.659487 -0.110614
v 0.153513 1.659487 0.110614
v 0.164083 1.659374 -0.078406
v 0.164083 1.659374 0.078407
v 0.157479 1.648159 -0.117166
v 0.157479 1.648159 0.117167
v 0.169565 1.664463 -0.053652
v 0.169565 1.664463 0.053653
v 0.172444 1.674248 -0.037259
v 0.172444 1.674248 0.037260
v 0.174829 1.688259 -0.026469
v 0.174829 1.688259 0.026469
v 0.176456 1.702758 -0.017621
v 0.176456 1.702758 0.017622
v 0.177423 1.717530 -0.012587
v 0.177423 1.717530 0.012587
v 0.178910 1.733215 -0.011555
v 0.178910 1.733215 0.011555
v 0.179199 1.748739 -0.013276
v 0.179199 1.748739 0.013277
v 0.179498 1.764956 -0.017887
v 0.179498 1.764956 0.017887
v 0.177545 1.782979 -0.026743
v 0.177545 1.782979 0.026743
v 0.174132 1.796657 -0.041842
v 0.174132 1.796657 0.041843
v 0.170887 1.806260 -0.059103
v 0.170887 1.806260 0.059103
v 0.162958 1.812983 -0.076371
v 0.162958 1.812983 0.076372
v 0.152446 1.816038 -0.093874
v 0.152446 1.816038 0.093875
v 0.140645 1.816059 -0.110865
v 0.140645 1.816059 0.110865
v 0.129923 1.812836 -0.125569
v 0.129923 1.812836 0.125569
v 0.109400 1.797048 -0.148429
v 0.109400 1.797048 0.148429
v 0.100479 1.780941 -0.158390
v 0.100479 1.780941 0.158391
v 0.094880 1.759362 -0.165862
v 0.094880 1.759362 0.165862
v 0.092624 1.736710 -0.170009
v 0.092624 1.736710 0.170010
v 0.094128 1.716650 -0.170596
v 0.094128 1.716650 0.170597
v 0.099655 1.698022 -0.167922
v 0.099655 1.698022 0.167922
v 0.108531 1.681221 -0.161597
v 0.108531 1.681221 0.161598
v 0.120338 1.668698 -0.151086
v 0.120338 1.668698 0.151086
v 0.134573 1.661879 -0.136750
v 0.134573 1.661879 0.136751
v 0.172660 1.649260 -0.083840
v 0.172660 1.649260 0.083841
v 0.178287 1.656870 -0.055609
v 0.178287 1.656870 0.055610
v 0.180512 1.668246 -0.036440
v 0.180512 1.668246 0.036441
v 0.182066 1.682399 -0.022699
v 0.182066 1.682399 0.022699
v 0.183654 1.694968 -0.011525
v 0.183654 1.694968 0.011525
v 0.182629 1.714824 -0.007926
v 0.182629 1.714824 0.007926
v 0.184213 1.731881 -0.007243
v 0.184213 1.731881 0.007243
v 0.185931 1.747612 -0.008327
v 0.185931 1.747612 0.008327
v 0.188406 1.765994 -0.012360
v 0.188406 1.765994 0.012361
v 0.188922 1.791522 -0.020187
v 0.188922 1.791522 0.020188
v 0.179897 1.807235 -0.037603
v 0.179897 1.807235 0.037604
v 0.174558 1.816666 -0.056202
v 0.174558 1.816666 0.056203
v 0.165850 1.824227 -0.074879
v 0.165850 1.824227 0.074880
v 0.154485 1.828808 -0.094116
v 0.154485 1.828808 0.094116
v 0.142183 1.830497 -0.112627
v 0.142183 1.830497 0.112628
v 0.129700 1.829330 -0.129188
v 0.129700 1.829330 0.129188
v 0.101255 1.815890 -0.157334
v 0.101255 1.815890 0.157334
v 0.086083 1.797723 -0.169947
v 0.086083 1.797723 0.169947
v 0.078610 1.766760 -0.176926
v 0.078610 1.766760 0.176926
v 0.076856 1.738363 -0.180266
v 0.076856 1.738363 0.180267
v 0.079622 1.713646 -0.181889
v 0.079622 1.713646 0.181889
v 0.089111 1.691818 -0.181227
v 0.089111 1.691818 0.181227
v 0.103942 1.673486 -0.175712
v 0.103942 1.673486 0.175712
v 0.120234 1.660004 -0.164275
v 0.120234 1.660004 0.164276
v 0.137067 1.651595 -0.147077
v 0.137067 1.651595 0.147078
v 0.187253 1.731136 0.000000
v 0.186024 1.714403 0.000000
v 0.187764 1.696542 0.000000
v 0.193340 1.680820 0.000000
v 0.191736 1.678690 0.011057
v 0.191736 1.678690 -0.011057
v 0.190574 1.671609 -0.022094
v 0.190574 1.671609 0.022094
v 0.188993 1.661152 -0.036737
v 0.188993 1.661152 0.036738
v 0.208032 1.657455 -0.010237
v 0.220596 1.651117 -0.009586
v 0.234306 1.649397 -0.009801
v 0.208032 1.657455 0.010238
v 0.220596 1.651117 0.009586
v 0.234306 1.649397 0.009802
v 0.190121 1.649016 -0.057388
v 0.190121 1.649016 0.057389
v 0.218896 1.619358 -0.059581
v 0.231391 1.614661 -0.049340
v 0.246586 1.613090 -0.040122
v 0.218896 1.619358 0.059582
v 0.231391 1.614661 0.049341
v 0.246586 1.613090 0.040123
v 0.188649 1.634516 -0.089727
v 0.188649 1.634516 0.089728
v 0.197592 1.608251 -0.107272
v 0.197592 1.608251 0.107273
v 0.202510 1.581028 -0.118392
v 0.202510 1.581028 0.118392
v 0.203174 1.552206 -0.124496
v 0.203174 1.552206 0.124496
v 0.203061 1.522206 -0.124182
v 0.203061 1.522206 0.124182
v 0.200883 1.492328 -0.116953
v 0.200883 1.492328 0.116953
v 0.195913 1.463920 -0.104483
v 0.195913 1.463920 0.104483
v 0.165708 1.411614 -0.070103
v 0.165708 1.411614 0.070104
v 0.169834 1.403367 0.000000
v 0.196480 1.665239 -0.021689
v 0.198821 1.654526 -0.036337
v 0.202379 1.642447 -0.053298
v 0.206478 1.625133 -0.070814
v 0.213027 1.602846 -0.084805
v 0.217992 1.577488 -0.094764
v 0.220462 1.549562 -0.099866
v 0.219362 1.520872 -0.099722
v 0.216713 1.492594 -0.093100
v 0.213704 1.465529 -0.080023
v 0.199998 1.430960 -0.049427
v 0.197130 1.422530 0.000000
v 0.199998 1.430960 0.049428
v 0.213704 1.465529 0.080024
v 0.216713 1.492594 0.093101
v 0.219362 1.520872 0.099723
v 0.220462 1.549562 0.099867
v 0.217992 1.577488 0.094765
v 0.213027 1.602846 0.084806
v 0.206478 1.625133 0.070815
v 0.202379 1.642447 0.053298
v 0.198821 1.654526 0.036338
v 0.196480 1.665239 0.021689
v 0.199049 1.667802 0.010763
v 0.199699 1.668794 0.000000
v 0.199049 1.667802 -0.010763
v 0.189799 1.747032 0.000000
v 0.193686 1.764366 0.000000
v 0.198135 1.788753 0.000000
v 0.199485 1.813217 0.000000
v 0.195632 1.815683 0.019950
v 0.195632 1.815683 -0.019949
v 0.186977 1.822929 0.036741
v 0.186977 1.822929 -0.036740
v 0.179621 1.829820 0.054351
v 0.179621 1.829820 -0.054350
v 0.198790 1.837533 0.019097
v 0.192081 1.841583 0.036801
v 0.192081 1.841583 -0.036801
v 0.198790 1.837533 -0.019096
v 0.200416 1.835546 0.000000
v 0.183817 1.846785 0.054355
v 0.183817 1.846785 -0.054354
v 0.124633 1.392970 0.061776
v 0.136746 1.388776 0.000000
v 0.124633 1.392970 -0.061776
v -0.088460 1.750208 -0.236395
v -0.054411 1.750776 -0.227966
v -0.055359 1.706081 -0.229206
v -0.090245 1.698425 -0.235308
v -0.090245 1.698425 0.235309
v -0.055359 1.706081 0.229207
v -0.054411 1.750776 0.227966
v -0.088460 1.750208 0.236396
v -0.052355 1.635017 -0.220922
v -0.099085 1.638779 -0.227962
v -0.099085 1.638779 0.227963
v -0.052355 1.635017 0.220923
v -0.046308 1.591512 -0.215588
v -0.093102 1.588524 -0.207733
v -0.093102 1.588524 0.207734
v -0.046308 1.591512 0.215588
v -0.036397 1.543572 -0.212221
v -0.095306 1.528961 -0.184361
v -0.095306 1.528961 0.184362
v -0.036397 1.543572 0.212221
v -0.006504 1.502958 -0.204754
v -0.042590 1.483532 -0.186566
v -0.042590 1.483532 0.186567
v -0.006504 1.502958 0.204754
v 0.029382 1.471389 -0.189240
v 0.002233 1.452480 -0.173889
v 0.002233 1.452480 0.173889
v 0.029382 1.471389 0.189241
v 0.066472 1.447630 -0.166655
v 0.044021 1.428759 -0.151346
v 0.044021 1.428759 0.151346
v 0.066472 1.447630 0.166656
v 0.102247 1.430088 -0.138664
v 0.080279 1.411981 -0.122951
v 0.080279 1.411981 0.122952
v 0.102247 1.430088 0.138664
v 0.104155 1.400417 -0.094154
v 0.133576 1.417701 -0.108150
v 0.104155 1.400417 0.094154
v 0.133576 1.417701 0.108151
v -0.093118 1.776607 -0.234337
v -0.049619 1.798902 -0.223271
v -0.049619 1.798902 0.223271
v -0.093118 1.776607 0.234338
v -0.074727 1.851770 -0.218031
v -0.041681 1.848748 -0.217897
v -0.041681 1.848748 0.217898
v -0.074727 1.851770 0.218032
v -0.064765 1.905064 -0.206479
v -0.033690 1.896963 -0.204807
v -0.033690 1.896963 0.204808
v -0.064765 1.905064 0.206479
v -0.052308 1.956781 -0.183376
v -0.052308 1.956781 0.183377
v -0.060122 2.057643 -0.062872
v -0.060122 2.057643 0.062873
v -0.068834 2.068258 0.000000
v -0.111176 1.693261 -0.238090
v -0.121177 1.652575 -0.235601
v -0.121177 1.652575 0.235602
v -0.111176 1.693261 0.238090
v -0.112730 1.732765 -0.241241
v -0.112730 1.732765 0.241241
v -0.123964 1.757619 -0.240943
v -0.106753 1.789473 -0.233670
v -0.106753 1.789473 0.233670
v -0.123964 1.757619 0.240943
v -0.126539 1.803313 -0.231329
v -0.134812 1.778719 -0.240622
v -0.134812 1.778719 0.240623
v -0.126539 1.803313 0.231330
v -0.176118 1.771411 -0.237085
v -0.186002 1.790809 -0.229567
v -0.186002 1.790809 0.229567
v -0.176118 1.771411 0.237086
v -0.200914 1.752324 -0.232838
v -0.186538 1.744599 -0.240890
v -0.186538 1.744599 0.240891
v -0.200914 1.752324 0.232838
v -0.189095 1.714845 -0.242964
v -0.203150 1.717286 -0.235557
v -0.203150 1.717286 0.235557
v -0.189095 1.714845 0.242964
v -0.188308 1.684649 -0.240972
v -0.201666 1.683790 -0.233200
v -0.201666 1.683790 0.233201
v -0.188308 1.684649 0.240972
v -0.181359 1.655322 -0.237147
v -0.192825 1.653567 -0.227895
v -0.192825 1.653567 0.227896
v -0.181359 1.655322 0.237148
v -0.172148 1.631135 -0.235868
v -0.177985 1.628651 -0.224841
v -0.177985 1.628651 0.224842
v -0.172148 1.631135 0.235868
v -0.149978 1.618484 -0.228537
v -0.152658 1.609571 -0.220430
v -0.152658 1.609571 0.220430
v -0.149978 1.618484 0.228538
v -0.133677 1.626610 -0.236863
v -0.128052 1.615323 -0.222976
v -0.128052 1.615323 0.222977
v -0.133677 1.626610 0.236864
v -0.240360 1.678446 -0.210242
v -0.240566 1.715296 -0.215198
v -0.240566 1.715296 0.215199
v -0.240360 1.678446 0.210243
v -0.273244 1.674101 -0.187427
v -0.279885 1.711385 -0.190224
v -0.279885 1.711385 0.190225
v -0.273244 1.674101 0.187428
v 0.255859 1.529363 -0.010094
v 0.256532 1.529319 0.000000
v 0.255859 1.529363 0.010094
v 0.253889 1.529154 -0.020243
v 0.253889 1.529154 0.020243
v 0.241560 1.512187 0.044206
v 0.245329 1.514231 0.037786
v 0.249564 1.515778 0.029251
v 0.253031 1.516454 0.019419
v 0.255403 1.516556 0.009442
v 0.256215 1.516327 0.000000
v 0.255403 1.516556 -0.009441
v 0.253031 1.516454 -0.019418
v 0.249564 1.515778 -0.029251
v 0.245329 1.514231 -0.037786
v 0.241560 1.512187 -0.044205
v 0.239362 1.506350 -0.045616
v 0.240937 1.499560 -0.040742
v 0.243415 1.496062 -0.032807
v 0.246306 1.492933 -0.023131
v 0.248784 1.490691 -0.012069
v 0.249727 1.490016 0.000000
v 0.248784 1.490691 0.012069
v 0.246306 1.492933 0.023132
v 0.243415 1.496062 0.032808
v 0.240937 1.499560 0.040743
v 0.239362 1.506350 0.045616
v 0.250907 1.527443 0.030508
v 0.250907 1.527443 -0.030508
v 0.246752 1.523718 0.040055
v 0.246752 1.523718 -0.040054
v 0.242397 1.517124 0.048155
v 0.242397 1.517124 -0.048155
v 0.239301 1.505747 0.050611
v 0.239301 1.505747 -0.050610
v 0.238868 1.494740 0.044104
v 0.238868 1.494740 -0.044103
v 0.239156 1.487839 0.035909
v 0.239156 1.487839 -0.035909
v 0.239284 1.482586 0.025394
v 0.239284 1.482586 -0.025394
v 0.239582 1.480265 0.013017
v 0.239582 1.480265 -0.013017
v 0.239911 1.479699 0.000000
v 0.252662 1.545231 0.010234
v 0.253186 1.545124 0.000000
v 0.252662 1.545231 -0.010233
v 0.251216 1.544687 -0.020676
v 0.251216 1.544687 0.020676
v 0.248721 1.542814 -0.031556
v 0.248721 1.542814 0.031556
v 0.245264 1.537810 -0.043118
v 0.245264 1.537810 0.043118
v 0.240686 1.526638 -0.055616
v 0.240686 1.526638 0.055617
v 0.237400 1.504646 -0.055996
v 0.237400 1.504646 0.055997
v 0.235259 1.490348 -0.050375
v 0.235259 1.490348 0.050375
v 0.233838 1.479931 -0.040591
v 0.233838 1.479931 0.040592
v 0.233127 1.473402 -0.028360
v 0.233127 1.473402 0.028361
v 0.233133 1.470423 -0.014517
v 0.233133 1.470423 0.014518
v 0.233153 1.469614 0.000000
v 0.247354 1.555330 0.031011
v 0.249986 1.555454 0.020188
v 0.251513 1.555148 0.009974
v 0.252052 1.554544 0.000000
v 0.251513 1.555148 -0.009973
v 0.249986 1.555454 -0.020188
v 0.247354 1.555330 -0.031010
v 0.046437 1.744267 -0.196027
v 0.048775 1.713827 -0.198119
v 0.048775 1.713827 0.198120
v 0.046437 1.744267 0.196028
v 0.016515 1.712685 -0.209412
v 0.015302 1.749444 -0.208354
v 0.015302 1.749444 0.208354
v 0.016515 1.712685 0.209413
v 0.017531 1.791452 -0.205185
v 0.017531 1.791452 0.205185
v 0.049383 1.782292 -0.192148
v 0.049383 1.782292 0.192149
v -0.307023 1.669623 -0.153316
v -0.315670 1.707389 -0.155557
v -0.315670 1.707389 0.155558
v -0.307023 1.669623 0.153317
v -0.334231 1.666318 -0.109161
v -0.343818 1.703851 -0.110255
v -0.343818 1.703851 0.110255
v -0.334231 1.666318 0.109162
v -0.351849 1.663137 -0.056817
v -0.361745 1.701173 -0.057313
v -0.361745 1.701173 0.057314
v -0.351849 1.663137 0.056817
v -0.358525 1.662733 0.000000
v -0.368170 1.699968 0.000000
v -0.230260 1.643685 -0.205116
v -0.230260 1.643685 0.205116
v -0.261068 1.637807 -0.182973
v -0.261068 1.637807 0.182974
v -0.293928 1.633827 -0.150117
v -0.293928 1.633827 0.150118
v -0.320480 1.630153 -0.107458
v -0.320480 1.630153 0.107458
v -0.337541 1.625666 -0.055757
v -0.337541 1.625666 0.055757
v -0.344204 1.625142 0.000000
v -0.241851 1.752725 -0.216507
v -0.241851 1.752725 0.216508
v -0.282171 1.750696 -0.190562
v -0.282171 1.750696 0.190563
v -0.319635 1.747874 -0.156353
v -0.319635 1.747874 0.156353
v -0.348697 1.745281 -0.111072
v -0.348697 1.745281 0.111073
v -0.367055 1.742819 -0.057683
v -0.367055 1.742819 0.057684
v -0.373415 1.739224 0.000000
v -0.210594 1.612332 -0.200301
v -0.210594 1.612332 0.200302
v -0.242300 1.602333 -0.176525
v -0.242300 1.602333 0.176525
v -0.275974 1.594825 -0.144400
v -0.275974 1.594825 0.144401
v -0.301251 1.590103 -0.103304
v -0.301251 1.590103 0.103305
v -0.316273 1.585288 -0.053476
v -0.316273 1.585288 0.053477
v -0.322605 1.584407 0.000000
v -0.240671 1.792804 -0.208217
v -0.240671 1.792804 0.208217
v -0.347304 1.790811 -0.111028
v -0.318434 1.791771 -0.154669
v -0.318434 1.791771 0.154670
v -0.347304 1.790811 0.111028
v -0.281882 1.792774 -0.186688
v -0.281882 1.792774 0.186688
v -0.365975 1.790050 -0.058069
v -0.365975 1.790050 0.058069
v -0.372932 1.787325 0.000000
v -0.357610 1.839909 -0.058674
v -0.363989 1.840300 0.000000
v -0.357610 1.839909 0.058675
v -0.341669 1.885889 -0.060622
v -0.348081 1.888794 0.000000
v -0.341669 1.885889 0.060622
v -0.325607 1.933064 0.000000
v -0.318329 1.928298 -0.065145
v -0.318329 1.928298 0.065145
v -0.191318 2.033424 -0.071846
v -0.195312 2.044328 0.000000
v -0.191318 2.033424 0.071846
v -0.133682 2.062745 0.000000
v -0.128006 2.051873 -0.070666
v -0.128006 2.051873 0.070667
v -0.290773 1.543876 0.000000
v -0.286235 1.546592 -0.050382
v -0.286235 1.546592 0.050383
v -0.253552 1.520138 -0.050059
v -0.255271 1.515356 0.000000
v -0.253552 1.520138 0.050060
v -0.177103 1.428098 -0.031537
v -0.183758 1.428169 0.000000
v -0.177103 1.428098 0.031538
v -0.178839 1.385827 -0.027754
v -0.187201 1.386494 0.000000
v -0.178839 1.385827 0.027755
v -0.161866 1.384447 -0.048276
v -0.160854 1.426064 -0.057592
v -0.160854 1.426064 0.057593
v -0.161866 1.384447 0.048276
v -0.141728 1.380961 -0.060944
v -0.138066 1.419753 -0.073008
v -0.138066 1.419753 0.073008
v -0.141728 1.380961 0.060945
v -0.101764 1.371080 -0.067841
v -0.097292 1.406227 -0.080949
v -0.097292 1.406227 0.080949
v -0.101764 1.371080 0.067842
v -0.081650 1.366024 0.064449
v -0.072245 1.396764 0.077964
v -0.072245 1.396764 -0.077963
v -0.081650 1.366024 -0.064448
v -0.063039 1.359620 0.056036
v -0.046435 1.386428 0.067534
v -0.046435 1.386428 -0.067534
v -0.063039 1.359620 -0.056035
v -0.040652 1.351918 0.033216
v -0.017277 1.374513 0.041700
v -0.017277 1.374513 -0.041699
v -0.040652 1.351918 -0.033216
v -0.034798 1.351208 0.021346
v -0.009130 1.372868 0.026241
v -0.009130 1.372868 -0.026240
v -0.034798 1.351208 -0.021345
v -0.030027 1.351194 0.000000
v -0.003746 1.371598 0.000000
v 0.022770 1.372389 -0.032609
v 0.029173 1.369369 0.000000
v 0.022770 1.372389 0.032609
v 0.057500 1.374835 0.040768
v 0.066705 1.371843 0.000000
v 0.057500 1.374835 -0.040768
v 0.104365 1.379095 0.000000
v 0.090001 1.381990 -0.051698
v 0.090001 1.381990 0.051699
v -0.185219 1.583735 0.192454
v -0.149075 1.559139 0.182691
v -0.149075 1.559139 -0.182690
v -0.185219 1.583735 -0.192453
v -0.217000 1.567485 0.164875
v -0.217000 1.567485 -0.164874
v -0.250128 1.558936 0.131175
v -0.250128 1.558936 -0.131175
v -0.273278 1.553134 0.094413
v -0.273278 1.553134 -0.094412
v -0.248352 1.527790 0.084531
v -0.248352 1.527790 -0.084531
v -0.225717 1.527343 0.107546
v -0.225717 1.527343 -0.107546
v -0.184275 1.533181 0.144975
v -0.184275 1.533181 -0.144974
v -0.155975 1.804738 0.226760
v -0.154884 1.780092 0.237430
v -0.155975 1.804738 -0.226759
v -0.154884 1.780092 -0.237429
v -0.123712 1.851159 0.217085
v -0.159337 1.848078 0.214171
v -0.159337 1.848078 -0.214171
v -0.123712 1.851159 -0.217084
v -0.126593 1.905947 0.204785
v -0.165399 1.899626 0.198762
v -0.165399 1.899626 -0.198762
v -0.126593 1.905947 -0.204784
v -0.128589 1.960591 0.181214
v -0.174030 1.952340 0.176806
v -0.174030 1.952340 -0.176805
v -0.128589 1.960591 -0.181213
v -0.119433 2.014278 0.138853
v -0.181934 2.000473 0.134567
v -0.181934 2.000473 -0.134567
v -0.119433 2.014278 -0.138852
v -0.339390 1.837759 -0.111303
v -0.339390 1.837759 0.111304
v -0.323011 1.878937 -0.113850
v -0.323011 1.878937 0.113851
v -0.295939 1.913210 -0.125876
v -0.295939 1.913210 0.125877
v -0.311352 1.834854 -0.150941
v -0.311352 1.834854 0.150942
v -0.278528 1.834228 -0.179379
v -0.278528 1.834228 0.179379
v -0.299533 1.871473 -0.147232
v -0.299533 1.871473 0.147233
v -0.272662 1.870242 -0.170516
v -0.272662 1.870242 0.170516
v -0.243815 1.836073 -0.196944
v -0.243815 1.836073 0.196945
v -0.245070 1.875243 -0.184018
v -0.245070 1.875243 0.184019
v -0.189122 1.841988 -0.210975
v -0.197932 1.890706 -0.194793
v -0.189122 1.841988 0.210975
v -0.197932 1.890706 0.194794
v -0.214565 1.936890 -0.171549
v -0.214565 1.936890 0.171549
v -0.262500 1.904320 -0.163681
v -0.262500 1.904320 0.163681
v -0.231630 1.976818 0.129405
v -0.245161 2.004267 0.069905
v -0.250675 2.013652 0.000000
v -0.245161 2.004267 -0.069904
v -0.231630 1.976818 -0.129404
v -0.288962 1.895364 -0.146973
v -0.288962 1.895364 0.146974
v -0.269048 1.894518 -0.161601
v -0.269048 1.894518 0.161602
v -0.130775 1.590154 0.207172
v -0.161238 1.597018 0.207702
v -0.190814 1.620784 0.212886
v -0.208383 1.648907 0.218580
v -0.217532 1.681772 0.223869
v -0.218306 1.716511 0.230477
v -0.216476 1.752736 0.228602
v -0.211107 1.792046 0.219024
v -0.213272 1.839144 0.206195
v -0.218871 1.883090 0.191368
v -0.241451 1.920930 0.167435
v -0.268640 1.947617 0.125712
v -0.286951 1.968264 0.067495
v -0.293454 1.975721 0.000000
v -0.286951 1.968264 -0.067494
v -0.268640 1.947617 -0.125711
v -0.241451 1.920930 -0.167434
v -0.218871 1.883090 -0.191368
v -0.213272 1.839144 -0.206194
v -0.211107 1.792046 -0.219023
v -0.216476 1.752736 -0.228602
v -0.218306 1.716511 -0.230477
v -0.217532 1.681772 -0.223869
v -0.208383 1.648907 -0.218580
v -0.190814 1.620784 -0.212886
v -0.161238 1.597018 -0.207702
v -0.130775 1.590154 -0.207171
v -0.189097 1.451679 -0.039588
v -0.194041 1.453811 0.000000
v -0.189097 1.451679 0.039588
v -0.172753 1.448328 -0.073758
v -0.172753 1.448328 0.073759
v -0.141788 1.442217 -0.100032
v -0.141788 1.442217 0.100032
v -0.089856 1.423055 -0.109906
v -0.089856 1.423055 0.109906
v -0.056984 1.409828 -0.107132
v -0.056984 1.409828 0.107133
v -0.023929 1.393882 -0.091139
v -0.023929 1.393882 0.091140
v 0.012408 1.377033 -0.053570
v 0.012408 1.377033 0.053570
v 0.043088 1.380372 0.066741
v 0.043088 1.380372 -0.066741
v 0.073932 1.388294 0.080267
v 0.073932 1.388294 -0.080267
v 0.042665 1.645107 -0.215087
v 0.042665 1.645107 0.215088
v 0.042948 1.601135 -0.222249
v 0.042948 1.601135 0.222249
v 0.047754 1.563266 -0.221278
v 0.047754 1.563266 0.221278
v 0.058679 1.531408 -0.213647
v 0.058679 1.531408 0.213648
v 0.075598 1.507059 -0.201808
v 0.075598 1.507059 0.201808
v 0.102887 1.489738 -0.185079
v 0.102887 1.489738 0.185080
v 0.134684 1.476597 -0.163020
v 0.134684 1.476597 0.163020
v 0.167349 1.467487 -0.135844
v 0.167349 1.467487 0.135845
v 0.069752 1.671690 -0.199548
v 0.069752 1.671690 0.199549
v 0.023209 1.838385 -0.200296
v 0.023209 1.838385 0.200296
v 0.058149 1.829680 -0.183603
v 0.058149 1.829680 0.183603
v 0.198418 1.861626 -0.019065
v 0.199890 1.860145 0.000000
v 0.198418 1.861626 0.019065
v 0.193962 1.863257 0.037369
v 0.193962 1.863257 -0.037368
v 0.186839 1.865362 0.054435
v 0.186839 1.865362 -0.054435
v 0.193971 1.886597 -0.019463
v 0.195479 1.885898 0.000000
v 0.193971 1.886597 0.019464
v 0.190156 1.886570 -0.038421
v 0.190156 1.886570 0.038422
v 0.184900 1.885633 -0.055935
v 0.184900 1.885633 0.055936
v 0.174576 1.939240 -0.021851
v 0.176063 1.938408 0.000000
v 0.174576 1.939240 0.021852
v 0.172563 1.936132 -0.043332
v 0.172563 1.936132 0.043333
v 0.169271 1.929439 -0.064233
v 0.169271 1.929439 0.064234
v 0.154928 1.969910 -0.024518
v 0.156555 1.969476 0.000000
v 0.154928 1.969910 0.024519
v 0.154698 1.964607 -0.047503
v 0.154698 1.964607 0.047504
v 0.152078 1.956290 -0.072737
v 0.152078 1.956290 0.072737
v 0.124452 2.000398 -0.028550
v 0.124629 2.001642 0.000000
v 0.124452 2.000398 0.028551
v 0.124277 1.995376 -0.056399
v 0.124277 1.995376 0.056400
v 0.121640 1.984435 -0.084657
v 0.121640 1.984435 0.084658
v 0.088316 2.023169 -0.032519
v 0.088614 2.025488 0.000000
v 0.088316 2.023169 0.032520
v 0.085540 2.017443 -0.064324
v 0.085540 2.017443 0.064324
v 0.082340 2.003828 -0.094956
v 0.082340 2.003828 0.094957
v 0.043661 2.017076 0.102240
v 0.043661 2.017076 -0.102239
v 0.092281 1.844143 -0.164983
v 0.092281 1.844143 0.164983
v 0.132082 1.848927 -0.130297
v 0.132082 1.848927 0.130298
v 0.146737 1.846590 -0.112593
v 0.146737 1.846590 0.112593
v 0.158741 1.842931 -0.094081
v 0.158741 1.842931 0.094081
v 0.170052 1.837042 -0.073803
v 0.170052 1.837042 0.073804
v 0.026765 1.885919 -0.188768
v 0.026765 1.885919 0.188769
v 0.057318 1.882908 -0.176406
v 0.057318 1.882908 0.176406
v -0.019881 1.434908 -0.153569
v -0.063476 1.458850 -0.161887
v -0.019881 1.434908 0.153569
v -0.063476 1.458850 0.161887
v -0.079244 1.440373 -0.137620
v -0.039063 1.420138 -0.130418
v -0.079244 1.440373 0.137620
v -0.039063 1.420138 0.130419
v 0.001889 1.401336 -0.112834
v 0.001889 1.401336 0.112835
v 0.023940 1.413344 -0.133160
v 0.023940 1.413344 0.133160
v -0.049640 1.354514 -0.044995
v -0.028929 1.379639 -0.055077
v -0.000150 1.383742 -0.073702
v 0.027757 1.388755 -0.090268
v -0.049640 1.354514 0.044995
v -0.028929 1.379639 0.055077
v -0.000150 1.383742 0.073702
v 0.027757 1.388755 0.090269
v 0.054116 1.398325 -0.107073
v 0.054116 1.398325 0.107074
v -0.200278 1.474337 -0.048134
v -0.205637 1.475312 0.000000
v -0.200278 1.474337 0.048135
v -0.219196 1.502171 -0.063244
v -0.226096 1.497427 0.000000
v -0.219196 1.502171 0.063245
v -0.181112 1.470333 -0.088710
v -0.181112 1.470333 0.088711
v -0.184139 1.499115 -0.107818
v -0.184139 1.499115 0.107818
v -0.146594 1.465323 -0.118665
v -0.146594 1.465323 0.118665
v -0.145641 1.491229 -0.135893
v -0.145641 1.491229 0.135894
v -0.141655 1.518613 -0.154832
v -0.141655 1.518613 0.154833
v -0.122020 1.377276 -0.066900
v -0.117502 1.413628 -0.079633
v -0.118162 1.434015 -0.107069
v -0.114688 1.455834 -0.133268
v -0.106619 1.482606 -0.156978
v -0.122020 1.377276 0.066900
v -0.117502 1.413628 0.079633
v -0.118162 1.434015 0.107069
v -0.114688 1.455834 0.133269
v -0.106619 1.482606 0.156978
v 0.141051 1.770030 -0.126052
v 0.141129 1.776165 -0.130453
v 0.135480 1.784573 -0.132679
v 0.125592 1.793249 -0.132574
v 0.119713 1.807033 -0.137586
v 0.115969 1.825134 -0.143632
v 0.114430 1.848787 -0.147204
v 0.141051 1.770030 0.126052
v 0.141129 1.776165 0.130453
v 0.135480 1.784573 0.132680
v 0.125592 1.793249 0.132574
v 0.119713 1.807033 0.137587
v 0.115969 1.825134 0.143632
v 0.114430 1.848787 0.147204
v 0.137799 1.869992 -0.127281
v 0.117686 1.875850 -0.143966
v 0.117686 1.875850 0.143967
v 0.137799 1.869992 0.127281
v 0.152204 1.864072 -0.110083
v 0.152204 1.864072 0.110083
v 0.091260 1.880514 -0.160636
v 0.091260 1.880514 0.160637
v 0.174584 1.852225 -0.072695
v 0.174584 1.852225 0.072695
v 0.164232 1.857833 -0.091575
v 0.164232 1.857833 0.091576
v 0.039641 1.993671 -0.131113
v 0.036955 1.962220 -0.154621
v 0.036955 1.962220 0.154622
v 0.039641 1.993671 0.131113
v 0.031810 1.926873 -0.173251
v 0.031810 1.926873 0.173251
v 0.075755 1.983278 -0.122162
v 0.070721 1.953629 -0.144461
v 0.070721 1.953629 0.144461
v 0.075755 1.983278 0.122162
v 0.063962 1.920647 -0.161846
v 0.063962 1.920647 0.161847
v 0.096632 1.913040 -0.148292
v 0.096632 1.913040 0.148292
v 0.105655 1.941606 -0.131878
v 0.105655 1.941606 0.131879
v 0.114850 1.966153 -0.110342
v 0.114850 1.966153 0.110342
v 0.144916 1.942881 -0.097339
v 0.144916 1.942881 0.097339
v 0.135042 1.924743 -0.117905
v 0.135042 1.924743 0.117906
v 0.124779 1.901817 -0.133719
v 0.124779 1.901817 0.133720
v 0.178478 1.868058 -0.070746
v 0.178478 1.868058 0.070746
v 0.178515 1.884165 -0.071367
v 0.178515 1.884165 0.071368
v 0.164141 1.919276 -0.083398
v 0.164141 1.919276 0.083398
v 0.154650 1.907292 -0.103986
v 0.154650 1.907292 0.103986
v 0.145775 1.890308 -0.118842
v 0.145775 1.890308 0.118843
v 0.173229 1.900578 0.075834
v 0.178692 1.906521 0.058953
v 0.183003 1.910479 0.040302
v 0.186121 1.912065 0.020379
v 0.187702 1.911084 0.000000
v 0.186121 1.912065 -0.020379
v 0.183003 1.910479 -0.040301
v 0.178692 1.906521 -0.058952
v 0.173229 1.900578 -0.075833
v 0.169101 1.872333 -0.087401
v 0.169101 1.872333 0.087402
v 0.159407 1.880032 -0.103032
v 0.159407 1.880032 0.103032
v 0.166376 1.892810 -0.091671
v 0.166376 1.892810 0.091672
v 0.172412 1.882865 -0.082905
v 0.172412 1.882865 0.082905
v -0.023540 1.969166 -0.170768
v -0.023540 1.969166 0.170769
v -0.026570 1.940765 -0.186566
v -0.026570 1.940765 0.186566
v -0.022511 2.031071 -0.111952
v -0.022511 2.031071 0.111953
v -0.022733 2.003516 -0.144598
v -0.022733 2.003516 0.144599
v -0.056961 2.000257 -0.154005
v -0.056961 2.000257 0.154005
v -0.064366 2.031342 -0.119578
v -0.064366 2.031342 0.119579
v 0.051755 2.039751 -0.035789
v 0.052766 2.042690 0.000000
v 0.051755 2.039751 0.035789
v 0.048057 2.032272 -0.069844
v 0.048057 2.032272 0.069844
v -0.021044 2.058497 -0.044565
v -0.022682 2.064038 0.000000
v -0.021044 2.058497 0.044566
v -0.020740 2.050209 -0.074039
v -0.020740 2.050209 0.074040
v 0.240359 1.547734 -0.055736
v 0.240359 1.547734 0.055736
v 0.243896 1.553522 -0.043122
v 0.243896 1.553522 0.043122
v 0.239425 1.563713 -0.054211
v 0.239425 1.563713 0.054211
v 0.228151 1.471140 0.046000
v 0.219988 1.459184 0.053369
v 0.207156 1.446962 0.066869
v 0.184000 1.438093 0.093143
v 0.153569 1.441462 0.124173
v 0.120786 1.452246 0.152449
v 0.087157 1.468416 0.177666
v 0.055327 1.490377 0.198219
v 0.028713 1.519143 0.213120
v 0.008352 1.555548 0.221944
v -0.001373 1.596655 0.223408
v -0.006703 1.637694 0.219442
v -0.019610 1.708748 0.220271
v -0.018615 1.750854 0.219384
v -0.014810 1.796248 0.215554
v -0.008738 1.843965 0.210789
v -0.002874 1.890556 0.198476
v 0.002463 1.932440 0.181917
v 0.006217 1.967919 0.162819
v 0.008911 2.000158 0.137847
v 0.011361 2.025206 0.107627
v 0.013665 2.042556 0.073340
v 0.015688 2.051442 0.038950
v 0.016136 2.055323 0.000000
v 0.015688 2.051442 -0.038950
v 0.013665 2.042556 -0.073339
v 0.011361 2.025206 -0.107626
v 0.008911 2.000158 -0.137846
v 0.006217 1.967919 -0.162818
v 0.002463 1.932440 -0.181916
v -0.002874 1.890556 -0.198475
v -0.008738 1.843965 -0.210788
v -0.014810 1.796248 -0.215553
v -0.018615 1.750854 -0.219383
v -0.019610 1.708748 -0.220271
v -0.006703 1.637694 -0.219442
v -0.001373 1.596655 -0.223407
v 0.008352 1.555548 -0.221943
v 0.028713 1.519143 -0.213119
v 0.055327 1.490377 -0.198219
v 0.087157 1.468416 -0.177666
v 0.120786 1.452246 -0.152448
v 0.153569 1.441462 -0.124172
v 0.184000 1.438093 -0.093143
v 0.207156 1.446962 -0.066869
v 0.219988 1.459184 -0.053368
v 0.228151 1.471140 -0.046000
v 0.225376 1.458136 0.016694
v 0.214681 1.442713 0.019833
v 0.197789 1.424160 0.024205
v 0.168920 1.404233 0.030393
v 0.133884 1.389325 0.028777
v 0.100310 1.379148 0.024046
v 0.063994 1.372254 0.019558
v 0.027828 1.369950 0.015473
v -0.004726 1.371830 0.012419
v -0.030594 1.350482 0.010459
v 0.225376 1.458136 -0.016694
v 0.214681 1.442713 -0.019833
v 0.197789 1.424160 -0.024204
v 0.168920 1.404233 -0.030393
v 0.133884 1.389325 -0.028777
v 0.100310 1.379148 -0.024046
v 0.063994 1.372254 -0.019557
v 0.027828 1.369950 -0.015473
v -0.004726 1.371830 -0.012419
v -0.030594 1.350482 -0.010459
v 0.254581 1.536777 0.010286
v 0.255173 1.536764 0.000000
v 0.254581 1.536777 -0.010286
v 0.253014 1.535698 -0.020645
v 0.250283 1.533953 -0.031208
v 0.246338 1.529373 -0.041489
v 0.241870 1.520787 -0.051198
v 0.238627 1.505443 -0.052946
v 0.236770 1.492722 -0.047351
v 0.236317 1.483606 -0.038399
v 0.235928 1.477718 -0.026880
v 0.235471 1.474270 -0.013940
v 0.235767 1.473660 0.000000
v 0.235471 1.474270 0.013940
v 0.235928 1.477718 0.026881
v 0.236317 1.483606 0.038399
v 0.236770 1.492722 0.047352
v 0.238627 1.505443 0.052946
v 0.241870 1.520787 0.051198
v 0.246338 1.529373 0.041490
v 0.250283 1.533953 0.031208
v 0.253014 1.535698 0.020645
v 0.166699 1.634174 0.127781
v 0.166699 1.634174 -0.127780
v 0.139990 1.637456 0.160392
v 0.139990 1.637456 -0.160391
v 0.117277 1.644883 0.179746
v 0.117277 1.644883 -0.179746
v 0.093856 1.656103 0.193012
v 0.093856 1.656103 -0.193011
v 0.174350 1.495634 0.146163
v 0.174350 1.495634 -0.146163
v 0.142641 1.502044 0.171355
v 0.142641 1.502044 -0.171354
v 0.111794 1.510777 0.190719
v 0.111794 1.510777 -0.190718
v 0.089273 1.518451 0.201961
v 0.089273 1.518451 -0.201960
v 0.084737 1.537600 0.208531
v 0.084737 1.537600 -0.208530
v 0.081703 1.565694 0.213214
v 0.081703 1.565694 -0.213213
v 0.081103 1.598248 0.212844
v 0.081103 1.598248 -0.212843
v 0.084145 1.631067 0.205774
v 0.084145 1.631067 -0.205773
v 0.178055 1.555729 0.153445
v 0.177487 1.525324 0.152783
v 0.177487 1.525324 -0.152782
v 0.178055 1.555729 -0.153445
v 0.176969 1.585158 0.149012
v 0.176969 1.585158 -0.149012
v 0.146290 1.589038 0.176161
v 0.146608 1.559669 0.179454
v 0.146608 1.559669 -0.179454
v 0.146290 1.589038 -0.176161
v 0.145860 1.530155 0.177771
v 0.145860 1.530155 -0.177771
v 0.113825 1.593670 0.197815
v 0.111669 1.563819 0.200555
v 0.111669 1.563819 -0.200555
v 0.113825 1.593670 -0.197814
v 0.113399 1.535355 0.196767
v 0.113399 1.535355 -0.196767
v 0.115651 1.622052 0.190652
v 0.115651 1.622052 -0.190651
v 0.143750 1.615918 0.169581
v 0.143750 1.615918 -0.169580
v 0.173000 1.612058 0.140643
v 0.173000 1.612058 -0.140642
v 0.135399 1.763411 -0.120582
v 0.132685 1.759246 -0.126883
v 0.132685 1.759246 0.126884
v 0.135399 1.763411 0.120582
v 0.139337 1.766847 -0.112690
v 0.139337 1.766847 0.112690
v 0.143212 1.771205 -0.103165
v 0.143212 1.771205 0.103166
v 0.146905 1.775485 -0.093053
v 0.146905 1.775485 0.093053
v 0.150297 1.777518 -0.082208
v 0.150297 1.777518 0.082209
v 0.154304 1.775512 -0.071421
v 0.154304 1.775512 0.071421
v 0.156752 1.771757 -0.060854
v 0.156752 1.771757 0.060855
v 0.156289 1.765697 -0.051043
v 0.156289 1.765697 0.051044
v 0.154374 1.757842 -0.043436
v 0.154374 1.757842 0.043436
v 0.150016 1.746377 -0.037258
v 0.150016 1.746377 0.037259
v 0.146271 1.733950 -0.032716
v 0.146271 1.733950 0.032716
v 0.144625 1.722532 -0.031406
v 0.144625 1.722532 0.031407
v 0.144279 1.712001 -0.033697
v 0.144279 1.712001 0.033698
v 0.144512 1.703077 -0.038441
v 0.144512 1.703077 0.038441
v 0.144758 1.696024 -0.045478
v 0.144758 1.696024 0.045478
v 0.144499 1.690585 -0.054933
v 0.144499 1.690585 0.054934
v 0.142394 1.686100 -0.069380
v 0.142394 1.686100 0.069381
v 0.133659 1.684228 -0.094848
v 0.133659 1.684228 0.094848
v 0.126880 1.687375 -0.118181
v 0.126880 1.687375 0.118181
v 0.121653 1.691687 -0.124110
v 0.121653 1.691687 0.124110
v 0.116527 1.697373 -0.127636
v 0.116527 1.697373 0.127637
v 0.111963 1.705328 -0.129397
v 0.111963 1.705328 0.129398
v 0.109796 1.716034 -0.131009
v 0.109796 1.716034 0.131010
v 0.112832 1.726743 -0.133674
v 0.112832 1.726743 0.133675
v 0.122399 1.741695 -0.133359
v 0.122399 1.741695 0.133360
v 0.128587 1.751362 -0.131730
v 0.128587 1.751362 0.131730
v 0.138348 1.766819 -0.123415
v 0.142377 1.769958 -0.116874
v 0.146481 1.774402 -0.106848
v 0.151320 1.779253 -0.094193
v 0.154628 1.780415 -0.082981
v 0.158600 1.777873 -0.070636
v 0.161709 1.773808 -0.058775
v 0.160834 1.767077 -0.049486
v 0.157972 1.758468 -0.041612
v 0.153805 1.747302 -0.034407
v 0.149753 1.733026 -0.029419
v 0.148723 1.722187 -0.028646
v 0.147868 1.710566 -0.032075
v 0.147937 1.702335 -0.036864
v 0.148938 1.693269 -0.045978
v 0.149371 1.688123 -0.055454
v 0.147016 1.684112 -0.070293
v 0.138319 1.682102 -0.096552
v 0.129311 1.685727 -0.119508
v 0.122638 1.690683 -0.127143
v 0.116488 1.697092 -0.131038
v 0.111760 1.705239 -0.132659
v 0.110032 1.715657 -0.135003
v 0.114871 1.728306 -0.137789
v 0.124444 1.743276 -0.137936
v 0.130923 1.754146 -0.135130
v 0.135538 1.762772 -0.129636
v 0.138348 1.766819 0.123416
v 0.142377 1.769958 0.116874
v 0.146481 1.774402 0.106848
v 0.151320 1.779253 0.094194
v 0.154628 1.780415 0.082982
v 0.158600 1.777873 0.070637
v 0.161709 1.773808 0.058775
v 0.160834 1.767077 0.049487
v 0.157972 1.758468 0.041612
v 0.153805 1.747302 0.034407
v 0.149753 1.733026 0.029420
v 0.148723 1.722187 0.028647
v 0.147868 1.710566 0.032076
v 0.147937 1.702335 0.036864
v 0.148938 1.693269 0.045978
v 0.149371 1.688123 0.055455
v 0.147016 1.684112 0.070294
v 0.138319 1.682102 0.096553
v 0.129311 1.685727 0.119509
v 0.122638 1.690683 0.127144
v 0.116488 1.697092 0.131038
v 0.111760 1.705239 0.132659
v 0.110032 1.715657 0.135003
v 0.114871 1.728306 0.137789
v 0.124444 1.743276 0.137937
v 0.130923 1.754146 0.135131
v 0.135538 1.762772 0.129636
v 0.257082 1.613804 -0.034069
v 0.259906 1.601614 -0.031840
v 0.259906 1.601614 0.031840
v 0.257082 1.613804 0.034070
v 0.264166 1.615088 -0.026445
v 0.265520 1.604345 -0.024744
v 0.265520 1.604345 0.024744
v 0.264166 1.615088 0.026445
v 0.268736 1.616289 -0.018034
v 0.269921 1.605549 -0.016753
v 0.269921 1.605549 0.016753
v 0.268736 1.616289 0.018035
v 0.272201 1.617297 0.000000
v 0.273400 1.607532 0.000000
v 0.272618 1.606843 -0.008719
v 0.271362 1.616981 -0.009218
v 0.272618 1.606843 0.008720
v 0.271362 1.616981 0.009218
v 0.254010 1.625652 -0.031898
v 0.254010 1.625652 0.031899
v 0.250370 1.636484 -0.025931
v 0.250370 1.636484 0.025931
v 0.247486 1.643345 -0.018039
v 0.247486 1.643345 0.018040
v 0.246033 1.646979 -0.009235
v 0.246033 1.646979 0.009235
v 0.245773 1.648039 0.000000
v 0.261515 1.625119 -0.024877
v 0.261515 1.625119 0.024878
v 0.266205 1.624736 -0.017261
v 0.266205 1.624736 0.017261
v 0.268824 1.624987 -0.008838
v 0.268824 1.624987 0.008838
v 0.269642 1.625125 0.000000
v 0.259794 1.593598 0.028369
v 0.259794 1.593598 -0.028368
v 0.260768 1.587778 0.023457
v 0.260768 1.587778 -0.023456
v 0.262759 1.584358 0.016927
v 0.262759 1.584358 -0.016927
v 0.264523 1.582317 0.008902
v 0.264523 1.582317 -0.008901
v 0.264787 1.580948 0.000000
v 0.265268 1.596340 0.022940
v 0.265268 1.596340 -0.022939
v 0.269027 1.597297 0.016293
v 0.269027 1.597297 -0.016292
v 0.271545 1.597684 0.008543
v 0.271545 1.597684 -0.008543
v 0.272548 1.597905 0.000000
v 0.265762 1.632226 0.000000
v 0.264935 1.632006 -0.007966
v 0.264935 1.632006 0.007967
v 0.254775 1.642491 -0.008084
v 0.254767 1.643508 0.000000
v 0.254775 1.642491 0.008084
v 0.268888 1.589428 0.008536
v 0.269732 1.588979 0.000000
v 0.268888 1.589428 -0.008536
v 0.266796 1.590291 -0.015908
v 0.266796 1.590291 0.015908
v 0.264539 1.591287 -0.020953
v 0.264539 1.591287 0.020954
v 0.258214 1.633904 -0.020770
v 0.258214 1.633904 0.020770
v 0.255681 1.639716 -0.015176
v 0.255681 1.639716 0.015176
v 0.262827 1.632105 -0.015203
v 0.262827 1.632105 0.015204
v 0.260016 1.636724 0.012743
v 0.260534 1.637642 0.007318
v 0.261014 1.638142 0.000000
v 0.260534 1.637642 -0.007317
v 0.260016 1.636724 -0.012743
v -0.087463 1.328344 -0.060845
v -0.106058 1.331956 -0.064399
v -0.106058 1.331956 0.064399
v -0.087463 1.328344 0.060846
v -0.091162 1.289595 -0.059650
v -0.109050 1.291722 -0.063567
v -0.109050 1.291722 0.063567
v -0.091162 1.289595 0.059651
v -0.091315 1.249572 -0.063485
v -0.109651 1.250033 -0.071362
v -0.109651 1.250033 0.071363
v -0.091315 1.249572 0.063485
v -0.071435 1.324261 -0.053175
v -0.071435 1.324261 0.053176
v -0.076078 1.287367 -0.052121
v -0.076078 1.287367 0.052122
v -0.076550 1.249467 -0.054177
v -0.076550 1.249467 0.054177
v -0.125798 1.336010 -0.063518
v -0.125798 1.336010 0.063519
v -0.145698 1.339376 -0.057267
v -0.145698 1.339376 0.057268
v -0.164702 1.341976 -0.044663
v -0.164702 1.341976 0.044663
v -0.179977 1.343349 -0.025093
v -0.179977 1.343349 0.025093
v -0.187202 1.343920 0.000000
v -0.129003 1.294486 -0.062428
v -0.129003 1.294486 0.062428
v -0.148396 1.297338 -0.055499
v -0.148396 1.297338 0.055499
v -0.166449 1.300031 -0.042532
v -0.166449 1.300031 0.042533
v -0.180488 1.301293 -0.023473
v -0.180488 1.301293 0.023473
v -0.186945 1.301792 0.000000
v -0.132360 1.252356 -0.072916
v -0.132360 1.252356 0.072917
v -0.154866 1.255729 -0.063935
v -0.154866 1.255729 0.063935
v -0.173649 1.258759 -0.047656
v -0.173649 1.258759 0.047656
v -0.184335 1.259324 -0.023631
v -0.184335 1.259324 0.023631
v -0.191395 1.260078 0.000000
v -0.059249 1.320871 0.043034
v -0.059249 1.320871 -0.043033
v -0.050783 1.318983 0.032155
v -0.050783 1.318983 -0.032154
v -0.045138 1.318284 0.021139
v -0.045138 1.318284 -0.021139
v -0.041808 1.317905 0.010398
v -0.041808 1.317905 -0.010398
v -0.040289 1.317969 0.000000
v -0.064420 1.285723 0.042714
v -0.064420 1.285723 -0.042714
v -0.055864 1.284775 0.032445
v -0.055864 1.284775 -0.032445
v -0.050013 1.284272 0.021991
v -0.050013 1.284272 -0.021991
v -0.046285 1.283785 0.011151
v -0.046285 1.283785 -0.011151
v -0.044593 1.283500 0.000000
v -0.065097 1.249543 0.044499
v -0.065097 1.249543 -0.044498
v -0.056096 1.249891 0.034250
v -0.056096 1.249891 -0.034249
v -0.050223 1.249832 0.024100
v -0.050223 1.249832 -0.024099
v -0.046683 1.249189 0.012273
v -0.046683 1.249189 -0.012272
v -0.046368 1.248801 0.000000
v -0.170894 1.764667 -0.254368
v -0.153169 1.772798 -0.250281
v -0.153169 1.772798 0.250281
v -0.170894 1.764667 0.254369
v -0.179620 1.762073 -0.271372
v -0.161486 1.774179 -0.271444
v -0.161486 1.774179 0.271445
v -0.179620 1.762073 0.271373
v -0.182900 1.757432 -0.282396
v -0.168605 1.770643 -0.288277
v -0.168605 1.770643 0.288277
v -0.182900 1.757432 0.282396
v -0.175318 1.759484 -0.303057
v -0.185706 1.749828 -0.290766
v -0.185706 1.749828 0.290767
v -0.175318 1.759484 0.303058
v -0.179147 1.749098 -0.308687
v -0.186889 1.740372 -0.298739
v -0.186889 1.740372 0.298740
v -0.179147 1.749098 0.308688
v -0.181039 1.737977 -0.312027
v -0.187942 1.731831 -0.301294
v -0.187942 1.731831 0.301295
v -0.181039 1.737977 0.312027
v -0.182612 1.723545 -0.313550
v -0.189034 1.719932 -0.302216
v -0.189034 1.719932 0.302217
v -0.182612 1.723545 0.313550
v -0.181418 1.704024 -0.314036
v -0.189488 1.702997 -0.300995
v -0.189488 1.702997 0.300995
v -0.181418 1.704024 0.314036
v -0.179790 1.687224 -0.311073
v -0.188050 1.685770 -0.298501
v -0.188050 1.685770 0.298501
v -0.179790 1.687224 0.311073
v -0.175045 1.666179 -0.303192
v -0.185760 1.669453 -0.292349
v -0.185760 1.669453 0.292350
v -0.175045 1.666179 0.303193
v -0.171599 1.655978 -0.298103
v -0.183552 1.661088 -0.288830
v -0.183552 1.661088 0.288830
v -0.171599 1.655978 0.298103
v -0.167903 1.643929 -0.290074
v -0.177947 1.647230 -0.282775
v -0.177947 1.647230 0.282776
v -0.167903 1.643929 0.290074
v -0.159842 1.629219 -0.276056
v -0.169027 1.630695 -0.269855
v -0.169027 1.630695 0.269856
v -0.159842 1.629219 0.276057
v -0.140411 1.624366 -0.248507
v -0.151575 1.621601 -0.247535
v -0.151575 1.621601 0.247535
v -0.140411 1.624366 0.248508
v -0.177501 1.742998 -0.254187
v -0.177501 1.742998 0.254188
v -0.180754 1.715349 -0.253046
v -0.180754 1.715349 0.253046
v -0.180717 1.690007 -0.252937
v -0.180717 1.690007 0.252938
v -0.177409 1.650904 -0.248628
v -0.177409 1.650904 0.248628
v -0.171935 1.627652 -0.248216
v -0.171935 1.627652 0.248217
v -0.164952 1.622770 -0.248865
v -0.164952 1.622770 0.248865
v -0.134178 1.634793 -0.247334
v -0.134178 1.634793 0.247334
v -0.127309 1.664897 -0.241298
v -0.127309 1.664897 0.241299
v -0.124342 1.699880 -0.242514
v -0.124342 1.699880 0.242514
v -0.125138 1.723235 -0.243347
v -0.125138 1.723235 0.243347
v -0.127746 1.751152 -0.245982
v -0.127746 1.751152 0.245982
v -0.137956 1.775406 -0.255025
v -0.137956 1.775406 0.255026
v -0.146501 1.776405 -0.276158
v -0.146501 1.776405 0.276158
v -0.157591 1.769696 -0.294081
v -0.157591 1.769696 0.294082
v -0.164443 1.759366 -0.304833
v -0.164443 1.759366 0.304833
v -0.169060 1.748990 -0.310404
v -0.169060 1.748990 0.310405
v -0.171530 1.737691 -0.313012
v -0.171530 1.737691 0.313012
v -0.173173 1.724757 -0.314391
v -0.173173 1.724757 0.314391
v -0.172763 1.708582 -0.313728
v -0.172763 1.708582 0.313729
v -0.170568 1.692668 -0.310298
v -0.170568 1.692668 0.310298
v -0.166890 1.668626 -0.303194
v -0.166890 1.668626 0.303194
v -0.162936 1.659047 -0.298066
v -0.162936 1.659047 0.298066
v -0.159713 1.649248 -0.292315
v -0.159713 1.649248 0.292315
v -0.150160 1.635193 -0.276839
v -0.150160 1.635193 0.276840
v -0.187116 1.677653 -0.295753
v -0.177447 1.676095 -0.307600
v -0.169536 1.680788 -0.307596
v -0.187116 1.677653 0.295753
v -0.177447 1.676095 0.307600
v -0.169536 1.680788 0.307596
v -0.173659 1.638404 -0.276990
v -0.164052 1.636137 -0.283667
v -0.156011 1.640059 -0.285295
v -0.173659 1.638404 0.276991
v -0.164052 1.636137 0.283668
v -0.156011 1.640059 0.285295
v -0.174853 1.634143 -0.265617
v -0.174853 1.634143 0.265618
v -0.178098 1.640617 -0.271344
v -0.178098 1.640617 0.271344
v -0.181516 1.648214 -0.275815
v -0.181516 1.648214 0.275816
v -0.186294 1.662280 -0.282329
v -0.186294 1.662280 0.282330
v -0.188555 1.670466 -0.285965
v -0.188555 1.670466 0.285965
v -0.190312 1.679415 -0.288936
v -0.190312 1.679415 0.288937
v -0.191393 1.687366 -0.290687
v -0.191393 1.687366 0.290687
v -0.192286 1.701795 -0.293025
v -0.192286 1.701795 0.293026
v -0.191940 1.718178 -0.294001
v -0.191940 1.718178 0.294002
v -0.191220 1.728979 -0.292537
v -0.191220 1.728979 0.292538
v -0.190217 1.737067 -0.290464
v -0.190217 1.737067 0.290465
v -0.189346 1.744741 -0.284855
v -0.189346 1.744741 0.284856
v -0.188359 1.749295 -0.279411
v -0.188359 1.749295 0.279411
v -0.186027 1.749894 -0.269590
v -0.186027 1.749894 0.269591
v -0.145892 1.761071 -0.275896
v -0.145892 1.761071 0.275897
v -0.153347 1.758495 -0.287688
v -0.153347 1.758495 0.287688
v -0.138517 1.760251 -0.263742
v -0.138517 1.760251 0.263743
v -0.159875 1.752474 -0.297523
v -0.159875 1.752474 0.297524
v -0.163524 1.744843 -0.303442
v -0.163524 1.744843 0.303443
v -0.165890 1.736402 -0.307679
v -0.165890 1.736402 0.307680
v -0.167298 1.726049 -0.308304
v -0.167298 1.726049 0.308305
v -0.167656 1.712039 -0.307168
v -0.167656 1.712039 0.307169
v -0.142489 1.634092 -0.264239
v -0.149718 1.624274 -0.264136
v -0.161161 1.623885 -0.260015
v -0.170034 1.626963 -0.256424
v -0.142489 1.634092 0.264239
v -0.149718 1.624274 0.264136
v -0.161161 1.623885 0.260015
v -0.170034 1.626963 0.256425
v -0.166173 1.694525 -0.303531
v -0.166173 1.694525 0.303532
v -0.164749 1.683525 -0.301536
v -0.164749 1.683525 0.301536
v -0.162268 1.672877 -0.298230
v -0.162268 1.672877 0.298230
v -0.159669 1.665718 -0.294336
v -0.159669 1.665718 0.294336
v -0.155959 1.655585 -0.289401
v -0.155959 1.655585 0.289402
v -0.151288 1.648236 -0.281294
v -0.151288 1.648236 0.281295
v -0.146420 1.644218 -0.272138
v -0.146420 1.644218 0.272139
v -0.140005 1.645193 -0.260836
v -0.140005 1.645193 0.260837
v -0.174829 1.631207 -0.254868
v -0.174829 1.631207 0.254868
v -0.178501 1.638247 -0.263053
v -0.178501 1.638247 0.263053
v -0.180507 1.643064 -0.266805
v -0.180507 1.643064 0.266806
v -0.182659 1.649131 -0.269809
v -0.182659 1.649131 0.269809
v -0.186558 1.663162 -0.275067
v -0.186558 1.663162 0.275068
v -0.188662 1.671303 -0.277621
v -0.188662 1.671303 0.277621
v -0.190624 1.680160 -0.279914
v -0.190624 1.680160 0.279915
v -0.191834 1.689066 -0.281351
v -0.191834 1.689066 0.281351
v -0.193133 1.702376 -0.283054
v -0.193133 1.702376 0.283054
v -0.193475 1.716689 -0.283215
v -0.193475 1.716689 0.283216
v -0.192953 1.726308 -0.282786
v -0.192953 1.726308 0.282786
v -0.192344 1.733392 -0.281551
v -0.192344 1.733392 0.281552
v -0.191700 1.738213 -0.280499
v -0.191700 1.738213 0.280500
v -0.190763 1.740294 -0.277428
v -0.190763 1.740294 0.277428
v -0.186839 1.739362 -0.270625
v -0.186839 1.739362 0.270626
v -0.145063 1.704134 -0.253484
v -0.134966 1.702837 -0.247454
v -0.134966 1.702837 0.247455
v -0.145063 1.704134 0.253484
v -0.145761 1.717906 -0.255278
v -0.136220 1.719576 -0.248547
v -0.136220 1.719576 0.248547
v -0.145761 1.717906 0.255279
v -0.147299 1.741161 -0.261933
v -0.140350 1.746444 -0.254609
v -0.140350 1.746444 0.254610
v -0.147299 1.741161 0.261934
v -0.144727 1.754153 -0.264628
v -0.148414 1.748083 -0.266410
v -0.148414 1.748083 0.266411
v -0.144727 1.754153 0.264629
v -0.152111 1.746745 -0.272104
v -0.149970 1.754397 -0.273476
v -0.149970 1.754397 0.273477
v -0.152111 1.746745 0.272105
v -0.156670 1.744722 -0.279435
v -0.155885 1.752206 -0.282603
v -0.155885 1.752206 0.282604
v -0.156670 1.744722 0.279435
v -0.164729 1.735326 -0.291487
v -0.166163 1.737041 -0.299025
v -0.166163 1.737041 0.299026
v -0.164729 1.735326 0.291488
v -0.165882 1.726066 -0.291253
v -0.167846 1.727101 -0.300086
v -0.167846 1.727101 0.300087
v -0.165882 1.726066 0.291253
v -0.166611 1.715073 -0.290797
v -0.169031 1.715463 -0.299674
v -0.169031 1.715463 0.299674
v -0.166611 1.715073 0.290798
v -0.166354 1.702712 -0.290143
v -0.167521 1.700746 -0.298347
v -0.167521 1.700746 0.298348
v -0.166354 1.702712 0.290143
v -0.165461 1.691317 -0.289812
v -0.165792 1.689494 -0.296271
v -0.165792 1.689494 0.296272
v -0.165461 1.691317 0.289813
v -0.164025 1.683155 -0.288609
v -0.163541 1.678848 -0.293286
v -0.163541 1.678848 0.293287
v -0.164025 1.683155 0.288609
v -0.161047 1.672411 -0.285269
v -0.160963 1.670396 -0.290165
v -0.160963 1.670396 0.290166
v -0.161047 1.672411 0.285269
v -0.155665 1.659728 -0.281763
v -0.156083 1.660083 -0.285508
v -0.156083 1.660083 0.285509
v -0.155665 1.659728 0.281764
v -0.153241 1.657487 -0.274514
v -0.151085 1.651201 -0.277462
v -0.151085 1.651201 0.277463
v -0.153241 1.657487 0.274515
v -0.147333 1.649860 -0.267867
v -0.150696 1.657609 -0.268619
v -0.150696 1.657609 0.268620
v -0.147333 1.649860 0.267868
v -0.164192 1.743513 -0.296390
v -0.163464 1.741491 -0.291539
v -0.164192 1.743513 0.296391
v -0.163464 1.741491 0.291539
v -0.160766 1.742720 -0.286451
v -0.160757 1.748371 -0.290654
v -0.160766 1.742720 0.286452
v -0.160757 1.748371 0.290655
v -0.135791 1.652412 -0.253712
v -0.138985 1.634677 -0.257751
v -0.144595 1.623884 -0.256135
v -0.154220 1.622261 -0.255239
v -0.167316 1.624751 -0.253874
v -0.173735 1.629685 -0.252799
v -0.135791 1.652412 0.253712
v -0.138985 1.634677 0.257751
v -0.144595 1.623884 0.256136
v -0.154220 1.622261 0.255239
v -0.167316 1.624751 0.253874
v -0.173735 1.629685 0.252799
v 0.110287 1.710841 -0.130238
v 0.110264 1.710601 -0.133892
v 0.110361 1.710405 -0.137345
v 0.111322 1.710926 -0.142989
v 0.110370 1.711079 -0.149660
v 0.102997 1.709499 -0.159128
v 0.096691 1.707774 -0.169265
v 0.083887 1.703571 -0.181310
v 0.055128 1.691744 -0.199695
v 0.023603 1.680414 -0.210706
v -0.015235 1.674269 -0.218692
v -0.055203 1.670959 -0.226809
v -0.094373 1.668745 -0.233523
v -0.116005 1.675440 -0.237579
v -0.124453 1.680501 -0.241224
v -0.134369 1.686266 -0.246699
v -0.144368 1.691301 -0.252676
v 0.110287 1.710841 0.130239
v 0.110264 1.710601 0.133892
v 0.110361 1.710405 0.137346
v 0.111322 1.710926 0.142990
v 0.110370 1.711079 0.149661
v 0.102997 1.709499 0.159129
v 0.096691 1.707774 0.169266
v 0.083887 1.703571 0.181311
v 0.055128 1.691744 0.199695
v 0.023603 1.680414 0.210707
v -0.015235 1.674269 0.218693
v -0.055203 1.670959 0.226809
v -0.094373 1.668745 0.233524
v -0.116005 1.675440 0.237580
v -0.124453 1.680501 0.241224
v -0.134369 1.686266 0.246700
v -0.144368 1.691301 0.252676
v -0.136651 1.677825 -0.249823
v -0.144262 1.684220 -0.254377
v -0.136651 1.677825 0.249824
v -0.144262 1.684220 0.254377
v -0.144674 1.676856 -0.258680
v -0.138518 1.673308 -0.255127
v -0.138518 1.673308 0.255127
v -0.144674 1.676856 0.258681
v -0.139386 1.666373 -0.259310
v -0.145447 1.668820 -0.262009
v -0.145447 1.668820 0.262009
v -0.139386 1.666373 0.259311
v -0.141640 1.656980 -0.261247
v -0.146402 1.661348 -0.263361
v -0.146402 1.661348 0.263361
v -0.141640 1.656980 0.261248
v -0.132725 1.656774 -0.247393
v -0.136608 1.634712 -0.252771
v -0.142510 1.624012 -0.252500
v -0.153962 1.621754 -0.250689
v -0.166290 1.623634 -0.250759
v -0.172873 1.628628 -0.250412
v -0.132725 1.656774 0.247393
v -0.136608 1.634712 0.252772
v -0.142510 1.624012 0.252501
v -0.153962 1.621754 0.250689
v -0.166290 1.623634 0.250759
v -0.172873 1.628628 0.250413
v -0.089268 1.993506 -0.161536
v -0.091650 1.957100 -0.185672
v -0.096856 1.906832 -0.206512
v -0.102152 1.852063 -0.218050
v -0.117604 1.746913 -0.241676
v -0.126396 1.739117 -0.243920
v -0.138049 1.734083 -0.250389
v -0.146429 1.730584 -0.258108
v -0.089268 1.993506 0.161537
v -0.091650 1.957100 0.185673
v -0.096856 1.906832 0.206513
v -0.102152 1.852063 0.218051
v -0.117604 1.746913 0.241677
v -0.126396 1.739117 0.243921
v -0.138049 1.734083 0.250390
v -0.146429 1.730584 0.258109
v -0.151061 1.704250 -0.262599
v -0.151622 1.716575 -0.264361
v -0.151622 1.716575 0.264361
v -0.151061 1.704250 0.262600
v -0.156284 1.704190 -0.271829
v -0.156735 1.715660 -0.273293
v -0.156735 1.715660 0.273294
v -0.156284 1.704190 0.271830
v -0.161587 1.703588 -0.280863
v -0.161844 1.715116 -0.281974
v -0.161844 1.715116 0.281975
v -0.161587 1.703588 0.280864
v -0.150104 1.692957 -0.261612
v -0.150104 1.692957 0.261612
v -0.155282 1.693292 -0.270743
v -0.160649 1.692805 -0.279807
v -0.160649 1.692805 0.279808
v -0.155282 1.693292 0.270744
v -0.149343 1.683992 -0.261991
v -0.149343 1.683992 0.261991
v -0.154387 1.683867 -0.270217
v -0.154387 1.683867 0.270217
v -0.159393 1.683388 -0.278634
v -0.159393 1.683388 0.278635
v -0.153468 1.674957 -0.269885
v -0.157654 1.674066 -0.277077
v -0.157654 1.674066 0.277077
v -0.153468 1.674957 0.269886
v -0.152432 1.666363 -0.269486
v -0.155755 1.665779 -0.275753
v -0.155755 1.665779 0.275754
v -0.152432 1.666363 0.269487
v -0.149030 1.675749 -0.263645
v -0.149030 1.675749 0.263645
v -0.176595 1.634286 -0.258858
v -0.172002 1.629669 -0.260667
v -0.164846 1.626325 -0.264538
v -0.153997 1.625672 -0.269831
v -0.145697 1.634496 -0.269913
v -0.143197 1.644720 -0.265554
v -0.145178 1.653429 -0.263096
v -0.148459 1.659139 -0.265199
v -0.176595 1.634286 0.258858
v -0.172002 1.629669 0.260668
v -0.164846 1.626325 0.264538
v -0.153997 1.625672 0.269831
v -0.145697 1.634496 0.269913
v -0.143197 1.644720 0.265554
v -0.145178 1.653429 0.263097
v -0.148459 1.659139 0.265200
v -0.148894 1.667351 -0.264875
v -0.148894 1.667351 0.264876
v -0.184704 1.656019 -0.272250
v -0.184117 1.655168 -0.279245
v -0.180991 1.654093 -0.285963
v -0.169841 1.649874 -0.294334
v -0.161288 1.654167 -0.295312
v -0.157736 1.660721 -0.291944
v -0.158688 1.665245 -0.287842
v -0.158507 1.665816 -0.283386
v -0.184704 1.656019 0.272251
v -0.184117 1.655168 0.279245
v -0.180991 1.654093 0.285964
v -0.169841 1.649874 0.294335
v -0.161288 1.654167 0.295313
v -0.157736 1.660721 0.291944
v -0.158688 1.665245 0.287842
v -0.158507 1.665816 0.283387
v -0.161485 1.725806 -0.283201
v -0.161485 1.725806 0.283202
v -0.156649 1.726512 -0.275148
v -0.156649 1.726512 0.275149
v -0.151788 1.728008 -0.266735
v -0.151788 1.728008 0.266735
v -0.152025 1.738124 -0.269483
v -0.152025 1.738124 0.269484
v -0.156562 1.736245 -0.277213
v -0.156562 1.736245 0.277214
v -0.161012 1.735138 -0.284555
v -0.161012 1.735138 0.284556
v -0.191040 1.731773 -0.277185
v -0.191040 1.731773 0.277186
v -0.186281 1.727975 -0.271033
v -0.186281 1.727975 0.271033
v -0.180168 1.715680 -0.259683
v -0.180168 1.715680 0.259683
v -0.191754 1.725264 -0.278955
v -0.191754 1.725264 0.278955
v -0.187060 1.720340 -0.272611
v -0.187060 1.720340 0.272612
v -0.180816 1.708523 -0.262958
v -0.180816 1.708523 0.262959
v -0.191631 1.715130 -0.278879
v -0.191631 1.715130 0.278879
v -0.190696 1.702832 -0.277830
v -0.190696 1.702832 0.277830
v -0.189172 1.691495 -0.276010
v -0.189172 1.691495 0.276010
v -0.187571 1.681428 -0.273716
v -0.186074 1.672009 -0.271165
v -0.186074 1.672009 0.271165
v -0.187571 1.681428 0.273716
v -0.184664 1.663175 -0.268705
v -0.184664 1.663175 0.268706
v -0.183442 1.655591 -0.266692
v -0.183442 1.655591 0.266693
v -0.182172 1.649367 -0.265167
v -0.182172 1.649367 0.265168
v -0.181104 1.645066 -0.264107
v -0.181104 1.645066 0.264107
v -0.180065 1.642618 -0.261210
v -0.180065 1.642618 0.261211
v -0.178810 1.639665 -0.257592
v -0.178810 1.639665 0.257593
v -0.177586 1.637737 -0.254343
v -0.177586 1.637737 0.254344
v -0.177431 1.639527 -0.252627
v -0.177431 1.639527 0.252627
v -0.177431 1.642260 -0.251548
v -0.177431 1.642260 0.251548
v -0.187708 1.710821 -0.273851
v -0.187708 1.710821 0.273851
v -0.182840 1.699809 -0.267755
v -0.182840 1.699809 0.267755
v -0.180428 1.686017 -0.262111
v -0.180428 1.686017 0.262112
v -0.188066 1.702612 -0.274505
v -0.188066 1.702612 0.274505
v -0.185672 1.694078 -0.271816
v -0.185672 1.694078 0.271816
v -0.183461 1.683324 -0.268560
v -0.183461 1.683324 0.268561
v -0.179432 1.658533 -0.256724
v -0.179432 1.658533 0.256724
v -0.179519 1.649667 -0.256544
v -0.179519 1.649667 0.256544
v -0.179264 1.644222 -0.256663
v -0.179264 1.644222 0.256664
v -0.179763 1.671731 -0.258509
v -0.180027 1.670251 -0.249417
v -0.184870 1.668389 -0.239206
v -0.197156 1.666971 -0.230882
v -0.212823 1.663503 -0.221564
v -0.235130 1.659147 -0.207967
v -0.266909 1.653959 -0.185437
v -0.300216 1.649759 -0.151887
v -0.327097 1.646250 -0.108439
v -0.344464 1.642335 -0.056349
v -0.351156 1.641859 0.000000
v -0.344464 1.642335 0.056350
v -0.327097 1.646250 0.108440
v -0.300216 1.649759 0.151888
v -0.266909 1.653959 0.185438
v -0.235130 1.659147 0.207968
v -0.212823 1.663503 0.221565
v -0.197156 1.666971 0.230882
v -0.184870 1.668389 0.239207
v -0.180027 1.670251 0.249417
v -0.179763 1.671731 0.258509
v -0.182319 1.672150 -0.265512
v -0.182319 1.672150 0.265512
v -0.181931 1.661873 -0.263083
v -0.181931 1.661873 0.263083
v -0.181482 1.653681 -0.261517
v -0.181482 1.653681 0.261517
v -0.180917 1.647508 -0.260928
v -0.180917 1.647508 0.260928
v 0.237432 1.501625 0.010897
v 0.238555 1.501361 0.000000
v 0.237432 1.501625 -0.010896
v 0.235035 1.502378 -0.021379
v 0.235035 1.502378 0.021379
v 0.233264 1.502714 -0.030940
v 0.233264 1.502714 0.030940
v 0.232071 1.503705 -0.037497
v 0.232071 1.503705 0.037498
v 0.232430 1.506065 -0.042345
v 0.232430 1.506065 0.042346
v 0.235041 1.511916 -0.042424
v 0.235041 1.511916 0.042425
v 0.237633 1.513161 -0.035209
v 0.237633 1.513161 0.035209
v 0.241341 1.513172 -0.027489
v 0.241341 1.513172 0.027489
v 0.244495 1.513417 -0.017916
v 0.244495 1.513417 0.017916
v 0.245985 1.513719 -0.008529
v 0.245985 1.513719 0.008530
v 0.246645 1.513854 0.000000
v 0.243255 1.500920 0.011056
v 0.244621 1.500833 0.000000
v 0.243255 1.500920 -0.011055
v 0.240434 1.501506 -0.021607
v 0.237546 1.501998 -0.030875
v 0.235847 1.503526 -0.038820
v 0.235213 1.506211 -0.042640
v 0.237361 1.511404 -0.042192
v 0.240391 1.512074 -0.035337
v 0.244209 1.512576 -0.027522
v 0.248260 1.512838 -0.018119
v 0.249835 1.512998 -0.008461
v 0.250245 1.513145 0.000000
v 0.249835 1.512998 0.008462
v 0.248260 1.512838 0.018119
v 0.244209 1.512576 0.027522
v 0.240391 1.512074 0.035338
v 0.237361 1.511404 0.042192
v 0.235213 1.506211 0.042640
v 0.235847 1.503526 0.038821
v 0.237546 1.501998 0.030875
v 0.240434 1.501506 0.021607
v 0.240255 1.511001 0.042892
v 0.243970 1.512792 0.038268
v 0.248257 1.513879 0.029300
v 0.251725 1.514186 0.018826
v 0.254266 1.514339 0.008658
v 0.254679 1.514108 0.000000
v 0.254266 1.514339 -0.008658
v 0.251725 1.514186 -0.018825
v 0.248257 1.513879 -0.029299
v 0.243970 1.512792 -0.038267
v 0.240255 1.511001 -0.042891
v 0.237957 1.506602 -0.044228
v 0.240035 1.501674 -0.040242
v 0.243185 1.498861 -0.032028
v 0.246904 1.496774 -0.022638
v 0.250427 1.495732 -0.011903
v 0.252068 1.495504 0.000000
v 0.250427 1.495732 0.011903
v 0.246904 1.496774 0.022639
v 0.243185 1.498861 0.032029
v 0.240035 1.501674 0.040242
v 0.237957 1.506602 0.044228
v 0.241865 1.515017 0.008191
v 0.240515 1.514834 0.017339
v 0.240515 1.514834 -0.017339
v 0.241865 1.515017 -0.008191
v 0.243101 1.514842 0.000000
v 0.237496 1.514562 -0.026416
v 0.237496 1.514562 0.026417
v 0.234269 1.514451 -0.034833
v 0.234269 1.514451 0.034833
v 0.231973 1.512818 -0.042836
v 0.231973 1.512818 0.042837
v 0.228815 1.505920 -0.041924
v 0.228815 1.505920 0.041925
v 0.227432 1.503997 -0.036414
v 0.227432 1.503997 0.036414
v 0.227526 1.503442 -0.029883
v 0.227526 1.503442 0.029883
v 0.228210 1.503361 -0.021432
v 0.228210 1.503361 0.021432
v 0.229398 1.502952 -0.010775
v 0.229398 1.502952 0.010776
v 0.230883 1.502225 0.000000
v 0.219777 1.503742 -0.010520
v 0.219958 1.503414 0.000000
v 0.219777 1.503742 0.010521
v 0.219624 1.504192 -0.020731
v 0.219624 1.504192 0.020731
v 0.220094 1.504180 -0.028299
v 0.220094 1.504180 0.028300
v 0.221453 1.504376 -0.035001
v 0.221453 1.504376 0.035001
v 0.224030 1.505684 -0.041285
v 0.224030 1.505684 0.041286
v 0.234249 1.517027 -0.016889
v 0.232254 1.517172 -0.025712
v 0.232254 1.517172 0.025713
v 0.234249 1.517027 0.016889
v 0.235260 1.516952 -0.008186
v 0.235260 1.516952 0.008187
v 0.230202 1.516682 -0.034520
v 0.230202 1.516682 0.034521
v 0.227956 1.513595 -0.043733
v 0.227956 1.513595 0.043734
v 0.236235 1.516692 0.000000
v 0.208861 1.503889 0.000000
v 0.209499 1.503431 -0.010114
v 0.209499 1.503431 0.010115
v 0.210711 1.503488 0.018922
v 0.210711 1.503488 -0.018922
v 0.212123 1.504407 0.026465
v 0.212123 1.504407 -0.026465
v 0.214473 1.505110 0.033385
v 0.214473 1.505110 -0.033384
v 0.217986 1.505783 0.040821
v 0.217986 1.505783 -0.040820
v 0.222491 1.514620 0.044271
v 0.222491 1.514620 -0.044270
v 0.227856 1.518793 0.007988
v 0.228300 1.518616 0.000000
v 0.227856 1.518793 -0.007988
v 0.227125 1.519099 0.016399
v 0.227125 1.519099 -0.016399
v 0.225943 1.519324 0.025312
v 0.225943 1.519324 -0.025312
v 0.224515 1.518473 0.034832
v 0.224515 1.518473 -0.034832
v 0.196628 1.502537 0.000000
v 0.199098 1.502184 -0.010493
v 0.199098 1.502184 0.010494
v 0.201758 1.502308 -0.018023
v 0.201758 1.502308 0.018024
v 0.203820 1.503454 -0.025280
v 0.203820 1.503454 0.025280
v 0.216117 1.515735 -0.045233
v 0.211359 1.505820 -0.040514
v 0.211359 1.505820 0.040515
v 0.216117 1.515735 0.045234
v 0.206152 1.504823 -0.031944
v 0.206152 1.504823 0.031945
v 0.220342 1.520614 -0.007617
v 0.220926 1.520411 0.000000
v 0.220342 1.520614 0.007617
v 0.219664 1.520983 -0.016070
v 0.219664 1.520983 0.016070
v 0.218713 1.521003 -0.025651
v 0.218713 1.521003 0.025651
v 0.217583 1.519441 -0.035780
v 0.217583 1.519441 0.035781
v 0.190654 1.500241 0.009312
v 0.189423 1.500337 0.000000
v 0.190654 1.500241 -0.009311
v 0.193236 1.500287 -0.017587
v 0.193236 1.500287 0.017588
v 0.196055 1.501911 -0.025516
v 0.196055 1.501911 0.025516
v 0.199470 1.503979 -0.032727
v 0.199470 1.503979 0.032728
v 0.204964 1.505635 -0.041620
v 0.204964 1.505635 0.041620
v 0.209871 1.516474 -0.046405
v 0.209871 1.516474 0.046406
v 0.210339 1.520802 -0.036744
v 0.210339 1.520802 0.036744
v 0.210947 1.523015 -0.026562
v 0.210947 1.523015 0.026563
v 0.211632 1.523329 -0.016424
v 0.211632 1.523329 0.016424
v 0.212398 1.523135 -0.007689
v 0.212398 1.523135 0.007690
v 0.213878 1.522617 0.000000
v 0.181348 1.496376 -0.009178
v 0.180391 1.496234 0.000000
v 0.181348 1.496376 0.009178
v 0.170790 1.490631 -0.009163
v 0.170276 1.490216 0.000000
v 0.170790 1.490631 0.009164
v 0.160887 1.485597 -0.012089
v 0.159450 1.484524 0.000000
v 0.160887 1.485597 0.012089
v 0.136428 1.490764 -0.015286
v 0.134722 1.489192 0.000000
v 0.136428 1.490764 0.015287
v 0.149062 1.484522 0.014514
v 0.148077 1.483494 0.000000
v 0.149062 1.484522 -0.014514
v 0.131156 1.504455 0.014630
v 0.129597 1.504131 0.000000
v 0.131156 1.504455 -0.014629
v 0.133279 1.517435 0.013719
v 0.131812 1.517206 0.000000
v 0.133279 1.517435 -0.013719
v 0.137841 1.528248 0.000000
v 0.139406 1.527576 0.013008
v 0.139406 1.527576 -0.013007
v 0.148931 1.535326 0.000000
v 0.149768 1.534611 0.011858
v 0.149768 1.534611 -0.011858
v 0.161050 1.537976 -0.010866
v 0.160609 1.538443 0.000000
v 0.161050 1.537976 0.010866
v 0.172719 1.538376 -0.010324
v 0.172535 1.538532 0.000000
v 0.172719 1.538376 0.010324
v 0.183792 1.535461 -0.009807
v 0.183560 1.535214 0.000000
v 0.183792 1.535461 0.009807
v 0.193704 1.530926 0.009261
v 0.193814 1.530750 0.000000
v 0.193704 1.530926 -0.009260
v 0.203386 1.526775 0.008439
v 0.204174 1.526503 0.000000
v 0.203386 1.526775 -0.008439
v 0.184254 1.497066 0.018635
v 0.184254 1.497066 -0.018634
v 0.187827 1.499449 0.027713
v 0.187827 1.499449 -0.027713
v 0.192484 1.502462 0.036282
v 0.192484 1.502462 -0.036282
v 0.198682 1.505429 0.045509
v 0.198682 1.505429 -0.045509
v 0.202171 1.517832 0.047135
v 0.202171 1.517832 -0.047135
v 0.202757 1.526361 0.017822
v 0.202757 1.526361 -0.017822
v 0.202489 1.525388 0.027740
v 0.202489 1.525388 -0.027739
v 0.202310 1.522509 0.037639
v 0.202310 1.522509 -0.037638
v 0.193381 1.524846 0.038696
v 0.193648 1.528865 0.028953
v 0.193648 1.528865 -0.028952
v 0.193381 1.524846 -0.038696
v 0.193616 1.530346 0.018880
v 0.193616 1.530346 -0.018879
v 0.193198 1.519219 0.048187
v 0.193198 1.519219 -0.048186
v 0.191784 1.506130 0.051605
v 0.191784 1.506130 -0.051604
v 0.184644 1.499703 0.041891
v 0.184644 1.499703 -0.041890
v 0.179065 1.495409 0.031813
v 0.179065 1.495409 -0.031812
v 0.174407 1.492500 0.020009
v 0.174407 1.492500 -0.020009
v 0.163834 1.487723 -0.024671
v 0.163834 1.487723 0.024671
v 0.168704 1.491310 -0.037767
v 0.168704 1.491310 0.037768
v 0.174541 1.497120 -0.049280
v 0.174541 1.497120 0.049280
v 0.182486 1.508911 -0.059184
v 0.182486 1.508911 0.059185
v 0.182858 1.521282 -0.050230
v 0.182858 1.521282 0.050231
v 0.183378 1.527442 -0.040146
v 0.183378 1.527442 0.040146
v 0.183921 1.532351 -0.030264
v 0.183921 1.532351 0.030265
v 0.183969 1.534576 -0.019694
v 0.183969 1.534576 0.019695
v 0.151611 1.486129 -0.028863
v 0.151611 1.486129 0.028864
v 0.137785 1.492348 -0.030351
v 0.137785 1.492348 0.030351
v 0.132570 1.506004 -0.028655
v 0.132570 1.506004 0.028655
v 0.135648 1.518341 -0.026644
v 0.135648 1.518341 0.026644
v 0.139923 1.496753 -0.044980
v 0.155586 1.490836 -0.042968
v 0.155586 1.490836 0.042968
v 0.139923 1.496753 0.044981
v 0.167378 1.515779 -0.063868
v 0.160733 1.497384 -0.056902
v 0.160733 1.497384 0.056903
v 0.167378 1.515779 0.063869
v 0.142831 1.506224 -0.058960
v 0.142831 1.506224 0.058961
v 0.170910 1.525427 -0.051687
v 0.170910 1.525427 0.051688
v 0.173081 1.537006 -0.020828
v 0.173081 1.537006 0.020829
v 0.173257 1.534535 -0.031262
v 0.173257 1.534535 0.031262
v 0.172714 1.530360 -0.041222
v 0.172714 1.530360 0.041223
v 0.134468 1.509364 -0.041574
v 0.134468 1.509364 0.041574
v 0.139223 1.519690 -0.038279
v 0.139223 1.519690 0.038279
v 0.141963 1.527307 -0.025016
v 0.141963 1.527307 0.025017
v 0.145741 1.527264 -0.035256
v 0.145741 1.527264 0.035256
v 0.152322 1.520162 -0.055926
v 0.152322 1.520162 0.055927
v 0.139351 1.513420 -0.049460
v 0.139351 1.513420 0.049461
v 0.158674 1.527010 -0.048918
v 0.158674 1.527010 0.048919
v 0.144976 1.520132 -0.047754
v 0.144976 1.520132 0.047754
v 0.162282 1.531472 -0.040402
v 0.162282 1.531472 0.040402
v 0.161949 1.536255 -0.021602
v 0.161949 1.536255 0.021602
v 0.162686 1.534275 -0.031486
v 0.162686 1.534275 0.031487
v 0.151612 1.533089 -0.022768
v 0.151612 1.533089 0.022768
v 0.153664 1.531972 -0.032267
v 0.153664 1.531972 0.032268
v 0.150916 1.526822 0.043043
v 0.150916 1.526822 -0.043042
v 0.155477 1.530557 0.038752
v 0.155477 1.530557 -0.038752
v 0.239850 1.510870 0.042653
v 0.243541 1.512321 0.037648
v 0.247788 1.513254 0.028949
v 0.251300 1.513822 0.018661
v 0.253875 1.513979 0.008470
v 0.254147 1.513798 0.000000
v 0.253875 1.513979 -0.008469
v 0.251300 1.513822 -0.018661
v 0.247788 1.513254 -0.028948
v 0.243541 1.512321 -0.037648
v 0.239850 1.510870 -0.042652
v 0.237592 1.506644 -0.044010
v 0.239165 1.502459 -0.040099
v 0.242191 1.500124 -0.032033
v 0.246171 1.498748 -0.022726
v 0.249742 1.498537 -0.011774
v 0.251818 1.498656 0.000000
v 0.249742 1.498537 0.011774
v 0.246171 1.498748 0.022726
v 0.242191 1.500124 0.032034
v 0.239165 1.502459 0.040099
v 0.237592 1.506644 0.044011
vn 0.3227 0.8939 -0.3112
vn 0.5358 0.7955 -0.2832
vn 0.6053 0.7854 -0.1298
vn 0.3024 0.9432 -0.1374
vn 0.6053 0.7854 0.1298
vn 0.3024 0.9432 0.1374
vn 0.2910 0.9567 -0.0000
vn 0.6314 0.7755 -0.0000
vn 0.3788 0.7774 -0.5021
vn 0.4832 0.7678 -0.4207
vn 0.3788 0.7774 0.5021
vn 0.3227 0.8939 0.3112
vn 0.5358 0.7955 0.2832
vn 0.4832 0.7678 0.4207
vn 0.5458 0.6446 -0.5354
vn 0.4833 0.5676 -0.6665
vn 0.5458 0.6446 0.5354
vn 0.4833 0.5676 0.6665
vn 0.6875 0.4680 -0.5553
vn 0.6295 0.3343 -0.7014
vn 0.8039 0.1563 -0.5738
vn 0.8058 0.3364 -0.4874
vn 0.6875 0.4680 0.5553
vn 0.6295 0.3343 0.7014
vn 0.9007 0.1590 -0.4043
vn 0.8686 0.2182 -0.4449
vn 0.9007 0.1590 0.4043
vn 0.8039 0.1563 0.5738
vn 0.8058 0.3364 0.4874
vn 0.8686 0.2182 0.4449
vn 0.9179 0.0555 -0.3929
vn 0.8932 0.0610 -0.4456
vn 0.9120 -0.0852 0.4013
vn 0.9179 0.0555 0.3929
vn 0.8932 0.0610 0.4456
vn 0.8846 -0.1075 0.4537
vn 0.8819 -0.3438 0.3225
vn 0.8935 -0.2243 0.3890
vn 0.8699 -0.2436 0.4288
vn 0.8583 -0.3799 0.3450
vn 0.9120 -0.0852 -0.4013
vn 0.8935 -0.2243 -0.3890
vn 0.8699 -0.2436 -0.4288
vn 0.8846 -0.1075 -0.4537
vn 0.8516 -0.5055 0.1388
vn 0.8689 -0.4407 0.2252
vn 0.8311 -0.5002 0.2430
vn 0.8040 -0.5745 0.1532
vn 0.8311 -0.5002 -0.2430
vn 0.8689 -0.4407 -0.2252
vn 0.8516 -0.5055 -0.1388
vn 0.8040 -0.5745 -0.1532
vn 0.8388 -0.5407 0.0633
vn 0.7861 -0.6143 0.0681
vn 0.7803 -0.6254 -0.0000
vn 0.8344 -0.5511 -0.0000
vn 0.8388 -0.5407 -0.0633
vn 0.7861 -0.6143 -0.0681
vn 0.8819 -0.3438 -0.3225
vn 0.8583 -0.3799 -0.3450
vn 0.9763 -0.0758 -0.2026
vn 0.8693 -0.4935 0.0288
vn 0.9323 -0.2966 0.2071
vn 0.9730 -0.1862 0.1362
vn 0.8693 -0.4935 -0.0288
vn 0.9763 -0.0758 0.2026
vn 0.9730 -0.1862 -0.1362
vn 0.9323 -0.2966 -0.2071
vn 0.8234 -0.4722 0.3147
vn 0.8998 -0.2441 0.3616
vn 0.8234 -0.4722 -0.3147
vn 0.8998 -0.2441 -0.3616
vn 0.8636 -0.3967 0.3110
vn 0.9260 -0.1575 0.3432
vn 0.8636 -0.3967 -0.3110
vn 0.9260 -0.1575 -0.3432
vn 0.9415 -0.1700 0.2909
vn 0.9793 0.1419 0.1441
vn 0.9793 0.1419 -0.1441
vn 0.9415 -0.1700 -0.2909
vn 0.8808 -0.3416 0.3279
vn 0.9520 -0.0490 0.3021
vn 0.9520 -0.0490 -0.3021
vn 0.8808 -0.3416 -0.3279
vn 0.9143 -0.2774 0.2952
vn 0.8264 -0.5034 0.2521
vn 0.9143 -0.2774 -0.2952
vn 0.8264 -0.5034 -0.2521
vn 0.7657 -0.6306 0.1262
vn 0.8704 -0.4593 0.1773
vn 0.8704 -0.4594 -0.1773
vn 0.7657 -0.6306 -0.1262
vn 0.7380 -0.6748 -0.0000
vn 0.8505 -0.5260 -0.0000
vn 0.9594 -0.1050 0.2617
vn 0.8934 -0.3745 0.2481
vn 0.9594 -0.1050 -0.2617
vn 0.8934 -0.3745 -0.2481
vn 0.9869 -0.0685 0.1464
vn 0.9200 -0.3623 0.1496
vn 0.9869 -0.0685 -0.1464
vn 0.9200 -0.3623 -0.1496
vn 0.9977 -0.0677 -0.0000
vn 0.9314 -0.3640 -0.0000
vn 0.4192 0.4784 0.7716
vn 0.3193 0.7306 0.6036
vn 0.3193 0.7306 -0.6036
vn 0.4192 0.4784 -0.7716
vn 0.2273 0.8892 0.3972
vn 0.2273 0.8892 -0.3972
vn 0.1544 0.9880 -0.0000
vn 0.1712 0.9664 0.1917
vn 0.1712 0.9664 -0.1917
vn 0.5238 0.1866 -0.8312
vn 0.6325 -0.0703 -0.7714
vn 0.5238 0.1866 0.8312
vn 0.7320 -0.2271 -0.6424
vn 0.9002 -0.0114 -0.4353
vn 0.7320 -0.2271 0.6424
vn 0.6325 -0.0703 0.7714
vn 0.9002 -0.0114 0.4353
vn 0.7708 -0.3785 -0.5124
vn 0.9123 -0.1580 -0.3777
vn 0.7708 -0.3785 0.5124
vn 0.9123 -0.1580 0.3777
vn 0.9235 -0.2587 0.2832
vn 0.7877 -0.4888 0.3749
vn 0.7877 -0.4888 -0.3749
vn 0.9235 -0.2587 -0.2832
vn 0.9335 -0.3240 0.1536
vn 0.8019 -0.5620 0.2026
vn 0.8019 -0.5620 -0.2026
vn 0.9335 -0.3240 -0.1536
vn 0.8094 -0.5872 -0.0000
vn 0.9389 -0.3442 -0.0000
vn 0.4542 0.8589 -0.2368
vn 0.5025 0.8449 -0.1834
vn 0.4409 0.8867 -0.1394
vn 0.3976 0.8861 -0.2381
vn 0.7088 0.6401 0.2963
vn 0.7528 0.6205 0.2197
vn 0.4542 0.8589 0.2368
vn 0.5025 0.8449 0.1834
vn 0.4749 0.8203 -0.3187
vn 0.3814 0.8541 -0.3537
vn 0.8043 0.5483 0.2292
vn 0.4749 0.8203 0.3187
vn 0.4581 0.7287 -0.5090
vn 0.3742 0.7740 -0.5109
vn 0.7278 0.5304 0.4348
vn 0.4581 0.7287 0.5090
vn 0.3813 0.5630 -0.7332
vn 0.3458 0.5768 -0.7401
vn 0.5357 0.4339 0.7244
vn 0.3813 0.5630 0.7332
vn 0.3045 0.3218 -0.8965
vn 0.3252 0.3765 -0.8675
vn 0.4626 0.2574 0.8484
vn 0.3045 0.3218 0.8965
vn 0.3196 0.1036 -0.9419
vn 0.3013 0.0771 -0.9504
vn 0.3013 0.0771 0.9504
vn 0.4938 0.0679 0.8669
vn 0.3684 -0.1828 -0.9115
vn 0.3844 -0.1863 -0.9042
vn 0.3844 -0.1863 0.9042
vn 0.5837 -0.1326 0.8010
vn 0.5138 -0.4318 -0.7413
vn 0.4477 -0.4761 -0.7569
vn 0.7026 -0.3298 0.6305
vn 0.5138 -0.4318 0.7413
vn 0.6229 -0.5612 -0.5450
vn 0.4868 -0.6286 -0.6065
vn 0.8195 -0.3956 0.4146
vn 0.6229 -0.5612 0.5450
vn 0.5187 -0.6830 -0.5143
vn 0.7180 -0.5578 -0.4164
vn 0.7180 -0.5578 0.4164
vn 0.9214 -0.3031 0.2430
vn 0.5504 -0.7089 -0.4411
vn 0.7753 -0.5164 -0.3636
vn 0.7753 -0.5164 0.3636
vn 0.9661 -0.1663 0.1976
vn 0.5458 -0.7576 -0.3581
vn 0.7971 -0.4936 -0.3479
vn 0.7971 -0.4936 0.3479
vn 0.9640 -0.0419 0.2624
vn 0.8379 -0.4356 -0.3290
vn 0.5901 -0.7713 -0.2386
vn 0.9343 0.0939 0.3438
vn 0.8379 -0.4356 0.3290
vn 0.8866 -0.3115 -0.3420
vn 0.6980 -0.6985 -0.1579
vn 0.8688 0.2300 0.4385
vn 0.8866 -0.3115 0.3420
vn 0.8126 -0.5621 -0.1540
vn 0.8944 -0.1712 -0.4131
vn 0.8944 -0.1712 0.4131
vn 0.7586 0.3350 0.5589
vn 0.8528 -0.0598 -0.5188
vn 0.8345 -0.5000 -0.2315
vn 0.8528 -0.0598 0.5188
vn 0.6349 0.3861 0.6691
vn 0.8445 -0.4740 -0.2494
vn 0.7959 -0.0021 -0.6054
vn 0.7959 -0.0021 0.6054
vn 0.5417 0.3720 0.7537
vn 0.5027 0.3243 0.8013
vn 0.7654 0.0206 0.6432
vn 0.9015 -0.3675 -0.2287
vn 0.7783 -0.0452 -0.6262
vn 0.7654 0.0206 -0.6432
vn 0.8884 -0.3750 -0.2649
vn 0.5075 0.2356 0.8288
vn 0.7783 -0.0452 0.6262
vn 0.8382 -0.2335 -0.4929
vn 0.8944 -0.4415 -0.0717
vn 0.5654 0.0452 0.8236
vn 0.8382 -0.2335 0.4929
vn 0.8942 -0.3861 -0.2268
vn 0.8894 -0.4295 0.1563
vn 0.6952 -0.1892 0.6935
vn 0.8942 -0.3861 0.2268
vn 0.9645 -0.2636 -0.0172
vn 0.9677 -0.1567 0.1974
vn 0.8249 -0.2338 0.5146
vn 0.9645 -0.2636 0.0172
vn 0.9875 0.1251 0.0963
vn 0.9995 0.0234 0.0206
vn 0.8936 0.1562 0.4208
vn 0.9525 0.2992 0.0575
vn 0.9995 0.0234 -0.0206
vn 0.9136 -0.0724 0.4001
vn 0.7927 0.6095 -0.0136
vn 0.8094 0.5606 -0.1750
vn 0.9525 0.2992 -0.0575
vn 0.9333 0.3589 0.0103
vn 0.7949 0.3433 0.5002
vn 0.8094 0.5606 0.1750
vn 0.6324 0.7746 0.0090
vn 0.7025 0.6735 -0.2298
vn 0.7290 0.3927 0.5607
vn 0.7025 0.6735 0.2298
vn 0.6380 0.7398 -0.2137
vn 0.5278 0.8488 -0.0321
vn 0.7357 0.4867 0.4710
vn 0.6380 0.7398 0.2137
vn 0.7088 0.6401 -0.2963
vn 0.7528 0.6205 -0.2197
vn 0.9233 0.3072 -0.2306
vn 0.8700 0.2725 -0.4109
vn 0.8700 0.2725 0.4109
vn 0.9233 0.3072 0.2306
vn 0.8913 0.3814 -0.2453
vn 0.8043 0.5483 -0.2292
vn 0.8913 0.3814 0.2453
vn 0.7278 0.5304 -0.4348
vn 0.7821 0.4180 -0.4622
vn 0.7821 0.4180 0.4622
vn 0.5357 0.4339 -0.7244
vn 0.6664 0.3485 -0.6591
vn 0.6664 0.3485 0.6591
vn 0.4626 0.2574 -0.8484
vn 0.6426 0.2320 -0.7303
vn 0.6426 0.2320 0.7303
vn 0.6557 0.0866 -0.7501
vn 0.4938 0.0679 -0.8669
vn 0.6557 0.0866 0.7501
vn 0.6698 -0.0678 -0.7395
vn 0.5837 -0.1326 -0.8010
vn 0.6698 -0.0678 0.7395
vn 0.7276 -0.2199 -0.6498
vn 0.7026 -0.3298 -0.6305
vn 0.7276 -0.2199 0.6498
vn 0.8464 -0.2673 -0.4605
vn 0.8195 -0.3956 -0.4146
vn 0.8464 -0.2673 0.4605
vn 0.9534 -0.1628 -0.2540
vn 0.9214 -0.3031 -0.2430
vn 0.9534 -0.1628 0.2540
vn 0.9661 -0.1663 -0.1976
vn 0.9879 -0.0205 -0.1540
vn 0.9879 -0.0205 0.1540
vn 0.9640 -0.0419 -0.2624
vn 0.9651 0.1199 -0.2329
vn 0.9651 0.1199 0.2329
vn 0.9343 0.0939 -0.3438
vn 0.8944 0.2586 -0.3650
vn 0.8944 0.2586 0.3650
vn 0.8688 0.2300 -0.4385
vn 0.8049 0.3526 -0.4772
vn 0.8049 0.3526 0.4772
vn 0.7128 0.3689 -0.5966
vn 0.7586 0.3350 -0.5589
vn 0.7128 0.3689 0.5966
vn 0.6475 0.3230 -0.6902
vn 0.6349 0.3861 -0.6691
vn 0.6475 0.3230 0.6902
vn 0.5417 0.3720 -0.7537
vn 0.6003 0.2764 -0.7505
vn 0.6003 0.2764 0.7505
vn 0.5653 0.2525 0.7853
vn 0.5027 0.3244 -0.8013
vn 0.5075 0.2356 -0.8288
vn 0.5319 0.2195 -0.8179
vn 0.5653 0.2525 -0.7853
vn 0.5319 0.2195 0.8179
vn 0.5247 0.1202 -0.8428
vn 0.5654 0.0452 -0.8236
vn 0.5247 0.1202 0.8428
vn 0.5964 -0.0191 -0.8024
vn 0.6952 -0.1892 -0.6935
vn 0.5964 -0.0191 0.8024
vn 0.7273 -0.0593 -0.6838
vn 0.8249 -0.2338 -0.5146
vn 0.7273 -0.0593 0.6838
vn 0.9136 -0.0724 -0.4001
vn 0.8117 0.0072 -0.5841
vn 0.8117 0.0072 0.5841
vn 0.8287 0.1445 0.5408
vn 0.7813 0.2610 -0.5669
vn 0.8287 0.1445 -0.5408
vn 0.8936 0.1562 -0.4208
vn 0.7949 0.3433 -0.5002
vn 0.7813 0.2610 0.5669
vn 0.7284 0.2796 -0.6255
vn 0.7290 0.3927 -0.5607
vn 0.7284 0.2796 0.6255
vn 0.7651 0.2475 -0.5945
vn 0.7357 0.4867 -0.4710
vn 0.7651 0.2475 0.5944
vn 0.4409 0.8867 0.1394
vn 0.5278 0.8488 0.0321
vn 0.6324 0.7746 -0.0090
vn 0.7927 0.6095 0.0136
vn 0.9333 0.3589 -0.0103
vn 0.9875 0.1251 -0.0963
vn 0.9677 -0.1567 -0.1974
vn 0.8894 -0.4295 -0.1563
vn 0.8944 -0.4415 0.0717
vn 0.9015 -0.3675 0.2287
vn 0.8884 -0.3750 0.2649
vn 0.8445 -0.4740 0.2494
vn 0.8126 -0.5621 0.1540
vn 0.8345 -0.5000 0.2315
vn 0.6980 -0.6985 0.1579
vn 0.5901 -0.7713 0.2386
vn 0.5458 -0.7576 0.3581
vn 0.5504 -0.7089 0.4411
vn 0.5187 -0.6830 0.5143
vn 0.4868 -0.6286 0.6065
vn 0.4477 -0.4761 0.7569
vn 0.3684 -0.1828 0.9115
vn 0.3196 0.1036 0.9419
vn 0.3252 0.3765 0.8675
vn 0.3458 0.5768 0.7401
vn 0.3742 0.7740 0.5109
vn 0.3814 0.8541 0.3537
vn 0.3976 0.8861 0.2381
vn 0.8335 0.4691 -0.2919
vn 0.8300 0.3650 -0.4217
vn 0.8300 0.3650 0.4217
vn 0.8335 0.4691 0.2919
vn 0.7177 0.5925 -0.3658
vn 0.7177 0.5925 0.3658
vn 0.6290 0.5356 -0.5635
vn 0.6290 0.5356 0.5635
vn 0.6595 0.3844 -0.6459
vn 0.6595 0.3844 0.6459
vn 0.7138 0.2396 -0.6581
vn 0.7138 0.2396 0.6581
vn 0.6934 0.0813 -0.7160
vn 0.6934 0.0813 0.7160
vn 0.6314 -0.0554 -0.7735
vn 0.6314 -0.0554 0.7735
vn 0.6071 -0.1825 -0.7734
vn 0.6071 -0.1825 0.7734
vn 0.6701 -0.2569 -0.6964
vn 0.6701 -0.2569 0.6964
vn 0.7976 -0.2475 -0.5501
vn 0.7976 -0.2475 0.5501
vn 0.9119 -0.1915 -0.3630
vn 0.9119 -0.1915 0.3630
vn 0.9338 -0.0832 -0.3479
vn 0.9338 -0.0832 0.3479
vn 0.8867 0.0080 -0.4623
vn 0.8867 0.0080 0.4623
vn 0.8414 0.0406 -0.5389
vn 0.8414 0.0406 0.5389
vn 0.8038 0.0190 -0.5946
vn 0.8038 0.0190 0.5946
vn 0.7694 -0.0062 -0.6388
vn 0.7694 -0.0062 0.6388
vn 0.7317 -0.0041 -0.6817
vn 0.7317 -0.0041 0.6817
vn 0.6956 0.0332 0.7176
vn 0.6488 0.0757 -0.7572
vn 0.6956 0.0332 -0.7176
vn 0.6488 0.0757 0.7572
vn 0.6012 0.0836 -0.7947
vn 0.6012 0.0836 0.7947
vn 0.6069 0.0631 -0.7923
vn 0.6069 0.0631 0.7923
vn 0.6703 0.0780 -0.7380
vn 0.6703 0.0780 0.7380
vn 0.7488 0.1377 -0.6483
vn 0.7488 0.1377 0.6483
vn 0.7857 0.2342 0.5725
vn 0.7883 0.3562 -0.5017
vn 0.7857 0.2342 -0.5725
vn 0.7883 0.3562 0.5017
vn 0.7489 0.4333 -0.5014
vn 0.7489 0.4333 0.5014
vn 0.7462 0.4051 -0.5282
vn 0.7462 0.4051 0.5282
vn 0.6260 0.7096 -0.3234
vn 0.6733 0.6362 -0.3768
vn 0.6733 0.6362 0.3768
vn 0.6260 0.7096 0.3234
vn 0.5472 0.7389 -0.3933
vn 0.5472 0.7389 0.3933
vn 0.5611 0.6268 -0.5406
vn 0.5611 0.6268 0.5406
vn 0.6815 0.4580 -0.5708
vn 0.6815 0.4580 0.5708
vn 0.8268 0.2966 -0.4779
vn 0.8268 0.2966 0.4779
vn 0.8290 0.0566 -0.5564
vn 0.8290 0.0566 0.5564
vn 0.7915 -0.0855 -0.6052
vn 0.7915 -0.0855 0.6052
vn 0.7614 -0.1787 -0.6232
vn 0.7614 -0.1787 0.6232
vn 0.7580 -0.2225 -0.6132
vn 0.7580 -0.2225 0.6132
vn 0.8137 -0.2361 -0.5311
vn 0.8137 -0.2361 0.5311
vn 0.8162 -0.2925 -0.4983
vn 0.8162 -0.2925 0.4983
vn 0.8607 -0.2533 -0.4417
vn 0.8607 -0.2533 0.4417
vn 0.8390 -0.1995 -0.5063
vn 0.8390 -0.1995 0.5063
vn 0.8163 -0.1916 -0.5449
vn 0.8163 -0.1916 0.5449
vn 0.7963 -0.1705 -0.5804
vn 0.7963 -0.1705 0.5804
vn 0.7587 -0.1200 -0.6402
vn 0.7588 -0.1200 0.6402
vn 0.7076 -0.0637 -0.7038
vn 0.7076 -0.0637 0.7038
vn 0.6384 -0.0108 0.7696
vn 0.5719 0.0408 -0.8193
vn 0.6384 -0.0108 -0.7696
vn 0.5719 0.0408 0.8193
vn 0.5391 0.0659 -0.8397
vn 0.5391 0.0659 0.8397
vn 0.5198 0.0845 -0.8501
vn 0.5198 0.0845 0.8501
vn 0.5279 0.1351 -0.8385
vn 0.5279 0.1351 0.8385
vn 0.5588 0.2052 -0.8035
vn 0.5588 0.2052 0.8035
vn 0.5965 0.2863 0.7498
vn 0.6771 0.3787 -0.6309
vn 0.5965 0.2863 -0.7498
vn 0.6772 0.3787 0.6309
vn 0.7072 0.4923 -0.5075
vn 0.7072 0.4923 0.5075
vn 0.6826 0.5811 -0.4432
vn 0.6826 0.5811 0.4432
vn 0.9998 0.0216 -0.0000
vn 0.9939 -0.1103 -0.0000
vn 0.9684 0.2496 -0.0000
vn 0.8168 0.4688 0.3363
vn 0.8943 0.4474 -0.0000
vn 0.8168 0.4688 -0.3363
vn 0.6762 0.5638 -0.4742
vn 0.6762 0.5638 0.4742
vn 0.5505 0.6891 -0.4713
vn 0.5505 0.6891 0.4713
vn 0.6475 0.6650 -0.3722
vn 0.5337 0.7331 -0.4216
vn 0.5337 0.7331 0.4216
vn 0.6474 0.6650 0.3722
vn 0.7711 0.6013 0.2097
vn 0.8206 0.5715 -0.0000
vn 0.7711 0.6013 -0.2097
vn 0.5571 0.7313 -0.3935
vn 0.5571 0.7313 0.3935
vn 0.5744 0.6877 -0.4439
vn 0.5744 0.6877 0.4439
vn 0.6653 0.6361 -0.3909
vn 0.6961 0.5593 -0.4502
vn 0.6653 0.6361 0.3909
vn 0.6961 0.5593 0.4502
vn 0.7896 0.4109 -0.4557
vn 0.7670 0.4285 -0.4776
vn 0.7896 0.4109 0.4557
vn 0.7670 0.4285 0.4776
vn 0.8406 0.2439 -0.4837
vn 0.7954 0.2409 -0.5561
vn 0.8406 0.2439 0.4837
vn 0.7954 0.2409 0.5561
vn 0.7932 0.0622 -0.6058
vn 0.8570 0.0623 -0.5116
vn 0.7932 0.0622 0.6058
vn 0.8570 0.0623 0.5116
vn 0.7781 -0.1163 -0.6173
vn 0.8509 -0.1131 -0.5129
vn 0.7781 -0.1163 0.6173
vn 0.8509 -0.1131 0.5129
vn 0.8294 -0.2660 -0.4912
vn 0.7427 -0.2963 -0.6005
vn 0.8294 -0.2660 0.4912
vn 0.7427 -0.2963 0.6005
vn 0.6857 -0.4667 -0.5585
vn 0.7922 -0.4358 -0.4271
vn 0.6857 -0.4667 0.5585
vn 0.7922 -0.4358 0.4271
vn 0.5889 -0.6480 -0.4830
vn 0.7334 -0.5914 -0.3352
vn 0.6766 -0.7015 -0.2238
vn 0.4704 -0.8166 -0.3345
vn 0.6766 -0.7015 0.2238
vn 0.7334 -0.5914 0.3352
vn 0.5889 -0.6480 0.4830
vn 0.4704 -0.8166 0.3345
vn 0.6609 -0.7446 -0.0939
vn 0.4823 -0.8672 -0.1235
vn 0.6609 -0.7446 0.0939
vn 0.4823 -0.8672 0.1235
vn 0.4886 -0.8725 -0.0000
vn 0.6574 -0.7535 -0.0000
vn 0.9823 -0.1874 -0.0000
vn 0.9801 -0.1985 -0.0000
vn 0.9861 -0.1663 -0.0000
vn 0.9918 -0.1275 -0.0000
vn 0.9077 -0.1720 0.3827
vn 0.9077 -0.1720 -0.3827
vn 0.8448 -0.2407 0.4779
vn 0.8448 -0.2407 -0.4779
vn 0.8469 -0.2481 0.4703
vn 0.8469 -0.2481 -0.4703
vn 0.9662 -0.0714 0.2475
vn 0.9035 -0.1364 0.4064
vn 0.9662 -0.0714 -0.2475
vn 0.9035 -0.1364 -0.4064
vn 0.9992 -0.0388 -0.0000
vn 0.8694 -0.1745 0.4623
vn 0.8694 -0.1745 -0.4623
vn 0.3308 -0.9357 0.1228
vn 0.3444 -0.9388 -0.0000
vn 0.3308 -0.9357 -0.1228
vn 0.2920 -0.9131 -0.2846
vn 0.1835 -0.0517 -0.9817
vn 0.1954 0.0415 -0.9798
vn 0.2225 0.0431 -0.9740
vn 0.2122 -0.0238 -0.9769
vn 0.1954 0.0415 0.9798
vn 0.1835 -0.0517 0.9817
vn 0.2122 -0.0238 0.9769
vn 0.2225 0.0431 0.9740
vn 0.1675 -0.0867 -0.9821
vn 0.1667 -0.1296 -0.9775
vn 0.0443 -0.1348 0.9899
vn 0.1675 -0.0867 0.9821
vn 0.1667 -0.1296 0.9775
vn 0.1512 -0.2744 0.9496
vn -0.1359 -0.1614 0.9775
vn -0.1067 -0.3435 0.9331
vn -0.3209 -0.4036 -0.8568
vn -0.1067 -0.3435 -0.9331
vn -0.1359 -0.1614 -0.9775
vn -0.2295 -0.2486 -0.9410
vn -0.3209 -0.4036 0.8568
vn -0.2295 -0.2486 0.9410
vn -0.1411 -0.4049 -0.9034
vn -0.2624 -0.4751 -0.8399
vn -0.1411 -0.4049 0.9034
vn -0.2624 -0.4751 0.8399
vn 0.0112 -0.5553 -0.8316
vn -0.0864 -0.6355 -0.7672
vn 0.0112 -0.5553 0.8316
vn -0.0864 -0.6355 0.7672
vn 0.0581 -0.7386 -0.6716
vn 0.1439 -0.6557 -0.7412
vn 0.0581 -0.7386 0.6716
vn 0.1439 -0.6557 0.7412
vn 0.1636 -0.8108 -0.5621
vn 0.2467 -0.7245 -0.6436
vn 0.1636 -0.8108 0.5621
vn 0.2467 -0.7245 0.6436
vn 0.2305 -0.8695 -0.4367
vn 0.3394 -0.7831 -0.5211
vn 0.2305 -0.8695 0.4367
vn 0.3394 -0.7831 0.5211
vn 0.1423 0.1344 -0.9807
vn 0.1822 0.0997 -0.9782
vn 0.1423 0.1344 0.9807
vn 0.1822 0.0997 0.9782
vn 0.0586 0.1975 -0.9785
vn 0.1575 0.1656 -0.9735
vn 0.0586 0.1975 0.9785
vn 0.1575 0.1656 0.9735
vn 0.0629 0.3044 -0.9505
vn 0.1713 0.2863 -0.9427
vn 0.0629 0.3044 0.9505
vn 0.1713 0.2863 0.9427
vn 0.2737 -0.1187 -0.9545
vn 0.2224 -0.0688 -0.9725
vn 0.2737 -0.1187 0.9545
vn 0.4816 -0.2320 0.8451
vn 0.1969 -0.0053 -0.9804
vn 0.1969 -0.0053 0.9804
vn 0.2224 -0.0688 0.9725
vn 0.2364 0.0841 -0.9680
vn 0.4511 0.2193 -0.8651
vn 0.0868 0.2103 -0.9738
vn 0.2364 0.0841 0.9680
vn 0.2007 0.5063 -0.8387
vn -0.0217 0.2853 -0.9582
vn -0.0217 0.2853 0.9582
vn 0.2007 0.5063 0.8387
vn 0.4511 0.2193 0.8651
vn 0.0868 0.2103 0.9738
vn -0.2260 0.2883 -0.9305
vn -0.1144 0.3266 -0.9382
vn -0.1745 0.6356 -0.7521
vn -0.3959 0.4451 -0.8032
vn -0.1144 0.3266 0.9382
vn -0.1745 0.6356 0.7521
vn -0.6220 0.1889 -0.7599
vn -0.3419 0.1704 -0.9242
vn -0.3419 0.1704 0.9242
vn -0.6220 0.1889 0.7599
vn -0.3959 0.4451 0.8032
vn -0.2260 0.2883 0.9305
vn -0.4087 -0.0024 -0.9127
vn -0.6530 0.0154 -0.7572
vn -0.4087 -0.0024 0.9127
vn -0.6530 0.0154 0.7572
vn -0.4652 -0.1672 -0.8693
vn -0.6729 -0.1397 -0.7265
vn -0.4652 -0.1672 0.8693
vn -0.6729 -0.1397 0.7265
vn -0.7287 -0.2378 -0.6422
vn -0.4839 -0.2701 -0.8324
vn -0.4839 -0.2701 0.8324
vn -0.7287 -0.2378 0.6422
vn -0.4462 -0.5303 -0.7208
vn -0.5097 -0.3528 -0.7847
vn -0.8010 -0.3116 -0.5112
vn -0.7193 -0.6285 -0.2960
vn -0.5097 -0.3528 0.7847
vn -0.4462 -0.5303 0.7208
vn -0.7193 -0.6285 0.2960
vn -0.8010 -0.3116 0.5112
vn -0.0849 -0.8790 -0.4692
vn -0.1584 -0.6532 -0.7404
vn -0.0849 -0.8790 0.4692
vn -0.1584 -0.6532 0.7404
vn 0.4825 -0.6126 -0.6261
vn 0.1066 -0.5287 -0.8421
vn 0.4825 -0.6126 0.6261
vn 0.1066 -0.5287 0.8421
vn 0.4816 -0.2320 -0.8451
vn 0.1512 -0.2744 -0.9496
vn -0.4342 -0.0473 -0.8996
vn -0.4721 -0.1851 -0.8619
vn -0.5181 -0.1883 -0.8343
vn -0.5247 -0.0781 -0.8477
vn -0.5181 -0.1883 0.8343
vn -0.4721 -0.1851 0.8619
vn -0.4342 -0.0473 0.8996
vn -0.5247 -0.0781 0.8477
vn -0.6128 -0.1079 -0.7829
vn -0.6083 -0.2123 -0.7648
vn -0.6128 -0.1079 0.7829
vn -0.6083 -0.2123 0.7648
vn 0.9858 0.1082 -0.1282
vn 0.9925 0.1224 -0.0000
vn 0.9858 0.1082 0.1282
vn 0.9684 0.0636 -0.2411
vn 0.9684 0.0636 0.2411
vn 0.6683 -0.6992 -0.2540
vn 0.6392 -0.7445 0.1926
vn 0.7286 -0.6392 0.2460
vn 0.7440 -0.6378 0.1993
vn 0.7428 -0.6595 0.1158
vn 0.7320 -0.6814 -0.0000
vn 0.7427 -0.6595 -0.1158
vn 0.7440 -0.6378 -0.1993
vn 0.7286 -0.6392 -0.2460
vn 0.6392 -0.7445 -0.1926
vn 0.6683 -0.6992 0.2540
vn 0.7698 0.0643 0.6350
vn 0.8215 0.5560 0.1268
vn 0.9078 0.3422 -0.2426
vn 0.9461 0.1156 -0.3024
vn 0.9757 -0.0422 -0.2149
vn 0.9949 -0.1004 -0.0000
vn 0.9757 -0.0422 0.2149
vn 0.9461 0.1156 0.3024
vn 0.9078 0.3422 0.2426
vn 0.8215 0.5560 -0.1268
vn 0.7698 0.0643 -0.6350
vn 0.9415 -0.0102 0.3370
vn 0.9415 -0.0102 -0.3370
vn 0.9211 -0.1033 0.3753
vn 0.9211 -0.1033 -0.3753
vn 0.9315 -0.1780 0.3172
vn 0.9315 -0.1780 -0.3172
vn 0.9348 -0.2109 0.2857
vn 0.9348 -0.2109 -0.2857
vn 0.8900 -0.3037 0.3401
vn 0.8900 -0.3037 -0.3401
vn 0.8448 -0.4371 0.3086
vn 0.8448 -0.4371 -0.3086
vn 0.8178 -0.5397 0.1998
vn 0.8178 -0.5397 -0.1998
vn 0.7943 -0.6004 0.0924
vn 0.7943 -0.6004 -0.0924
vn 0.7864 -0.6178 -0.0000
vn 0.9849 0.1731 -0.0000
vn 0.9809 0.1667 0.1003
vn 0.9758 0.1882 0.1117
vn 0.9798 0.2001 -0.0000
vn 0.9809 0.1667 -0.1003
vn 0.9758 0.1882 -0.1117
vn 0.9676 0.1534 -0.2005
vn 0.9637 0.1529 -0.2187
vn 0.9676 0.1534 0.2005
vn 0.9637 0.1529 0.2187
vn 0.9492 0.1228 -0.2898
vn 0.9425 0.0960 -0.3202
vn 0.9492 0.1228 0.2898
vn 0.9425 0.0960 0.3202
vn 0.9380 0.0601 -0.3415
vn 0.9277 0.0061 -0.3733
vn 0.9380 0.0601 0.3415
vn 0.9277 0.0061 0.3733
vn 0.9322 -0.0418 -0.3596
vn 0.9230 -0.0988 -0.3720
vn 0.9322 -0.0418 0.3596
vn 0.9230 -0.0988 0.3720
vn 0.9199 -0.2023 -0.3359
vn 0.9175 -0.2046 -0.3410
vn 0.9199 -0.2023 0.3359
vn 0.9175 -0.2046 0.3410
vn 0.8997 -0.3193 -0.2977
vn 0.9004 -0.3081 -0.3072
vn 0.8997 -0.3193 0.2977
vn 0.9004 -0.3081 0.3072
vn 0.8759 -0.4213 -0.2351
vn 0.8699 -0.4182 -0.2615
vn 0.8759 -0.4213 0.2351
vn 0.8699 -0.4182 0.2615
vn 0.8492 -0.5015 -0.1653
vn 0.8589 -0.4898 -0.1497
vn 0.8492 -0.5015 0.1653
vn 0.8589 -0.4898 0.1497
vn 0.8408 -0.5360 -0.0764
vn 0.8509 -0.5209 -0.0685
vn 0.8408 -0.5360 0.0764
vn 0.8509 -0.5209 0.0685
vn 0.8477 -0.5305 -0.0000
vn 0.8376 -0.5463 -0.0000
vn 0.9999 -0.0101 -0.0000
vn 0.9940 -0.0090 -0.1088
vn 0.9940 -0.0090 0.1088
vn 0.9781 0.0132 0.2076
vn 0.9781 0.0132 -0.2076
vn 0.9568 0.0429 0.2876
vn 0.9568 0.0429 -0.2876
vn 0.3950 0.1164 -0.9113
vn 0.4183 0.0695 -0.9057
vn 0.4183 0.0695 0.9057
vn 0.3950 0.1164 0.9113
vn 0.2978 0.0599 -0.9527
vn 0.3361 0.0489 -0.9406
vn 0.2978 0.0599 0.9527
vn 0.3361 0.0489 0.9406
vn 0.2674 0.0417 -0.9627
vn 0.2478 0.0089 -0.9688
vn 0.2478 0.0089 0.9688
vn 0.2674 0.0417 0.9627
vn 0.2684 0.0624 -0.9613
vn 0.2684 0.0624 0.9613
vn 0.3583 0.0584 -0.9318
vn 0.4432 0.0630 -0.8942
vn 0.4432 0.0630 0.8942
vn 0.3583 0.0584 0.9318
vn -0.7480 -0.2499 -0.6149
vn -0.7632 -0.1444 -0.6298
vn -0.7480 -0.2499 0.6149
vn -0.7632 -0.1444 0.6298
vn -0.8631 -0.2755 -0.4233
vn -0.8864 -0.1726 -0.4295
vn -0.8631 -0.2755 0.4233
vn -0.8864 -0.1726 0.4295
vn -0.9319 -0.2896 -0.2185
vn -0.9574 -0.1866 -0.2201
vn -0.9319 -0.2896 0.2185
vn -0.9574 -0.1866 0.2201
vn -0.9561 -0.2930 -0.0000
vn -0.9815 -0.1913 -0.0000
vn -0.4534 -0.2705 -0.8493
vn -0.4935 -0.2716 -0.8263
vn -0.4935 -0.2716 0.8263
vn -0.4534 -0.2705 0.8493
vn -0.5924 -0.2925 -0.7507
vn -0.5924 -0.2925 0.7507
vn -0.7273 -0.3209 -0.6067
vn -0.7273 -0.3209 0.6067
vn -0.8402 -0.3428 -0.4202
vn -0.8402 -0.3428 0.4202
vn -0.9088 -0.3561 -0.2176
vn -0.9088 -0.3561 0.2176
vn -0.9331 -0.3597 -0.0000
vn -0.4791 0.0866 -0.8735
vn -0.3737 0.1405 -0.9168
vn -0.3737 0.1405 0.9168
vn -0.4791 0.0866 0.8735
vn -0.6007 0.0226 -0.7991
vn -0.6007 0.0226 0.7991
vn -0.7650 -0.0179 -0.6438
vn -0.7650 -0.0180 0.6438
vn -0.8989 -0.0408 -0.4362
vn -0.8989 -0.0408 0.4362
vn -0.9738 -0.0520 -0.2213
vn -0.9738 -0.0520 0.2213
vn -0.9982 -0.0597 -0.0000
vn -0.3845 -0.4617 -0.7994
vn -0.4612 -0.3534 -0.8139
vn -0.4239 -0.3523 -0.8344
vn -0.3518 -0.4679 -0.8108
vn -0.4612 -0.3534 0.8139
vn -0.3845 -0.4617 0.7994
vn -0.3518 -0.4679 0.8108
vn -0.4239 -0.3523 0.8344
vn -0.4919 -0.4883 -0.7209
vn -0.5633 -0.3657 -0.7409
vn -0.4919 -0.4883 0.7209
vn -0.5633 -0.3657 0.7409
vn -0.6291 -0.5096 -0.5871
vn -0.7009 -0.3816 -0.6026
vn -0.7009 -0.3816 0.6026
vn -0.6291 -0.5096 0.5871
vn -0.7512 -0.5241 -0.4013
vn -0.8166 -0.4012 -0.4150
vn -0.8166 -0.4012 0.4150
vn -0.7512 -0.5241 0.4013
vn -0.8170 -0.5391 -0.2046
vn -0.8818 -0.4205 -0.2134
vn -0.8170 -0.5391 0.2046
vn -0.8818 -0.4205 0.2134
vn -0.8393 -0.5436 -0.0000
vn -0.9043 -0.4269 -0.0000
vn -0.3255 0.2447 -0.9133
vn -0.4095 0.1976 -0.8906
vn -0.3255 0.2447 0.9133
vn -0.4095 0.1976 0.8906
vn -0.8923 0.0928 -0.4418
vn -0.7506 0.1073 -0.6520
vn -0.7506 0.1073 0.6520
vn -0.8923 0.0928 0.4418
vn -0.5718 0.1415 -0.8081
vn -0.5718 0.1415 0.8081
vn -0.9712 0.0908 -0.2201
vn -0.9712 0.0907 0.2201
vn -0.9961 0.0882 -0.0000
vn -0.9705 0.2412 -0.0000
vn -0.9459 0.2382 -0.2204
vn -0.9459 0.2382 0.2204
vn -0.9203 0.3911 -0.0000
vn -0.8910 0.3880 -0.2357
vn -0.8910 0.3880 0.2357
vn -0.8091 0.5238 -0.2665
vn -0.8438 0.5367 -0.0000
vn -0.8091 0.5238 0.2665
vn -0.7305 0.6829 -0.0000
vn -0.6993 0.6552 -0.2860
vn -0.6993 0.6552 0.2860
vn -0.1633 0.9316 -0.3247
vn -0.3583 0.8760 -0.3227
vn -0.3840 0.9233 -0.0000
vn -0.1825 0.9832 -0.0000
vn -0.3583 0.8760 0.3227
vn -0.1633 0.9316 0.3247
vn 0.0080 0.9548 0.2971
vn -0.0086 1.0000 -0.0000
vn 0.0080 0.9548 -0.2971
vn -0.6979 -0.6901 -0.1913
vn -0.7126 -0.7016 -0.0000
vn -0.6979 -0.6901 0.1913
vn -0.5688 -0.8224 -0.0000
vn -0.5617 -0.8046 -0.1925
vn -0.5617 -0.8046 0.1925
vn -0.6143 -0.7288 -0.3024
vn -0.6459 -0.7634 -0.0000
vn -0.6143 -0.7288 0.3024
vn -0.9996 0.0275 -0.0000
vn -0.9790 -0.2038 -0.0000
vn -0.8985 -0.2778 -0.3400
vn -0.8982 -0.0042 -0.4396
vn -0.8982 -0.0042 0.4396
vn -0.8985 -0.2778 0.3400
vn -0.7012 -0.4186 -0.5771
vn -0.6905 -0.0725 -0.7197
vn -0.6905 -0.0725 0.7197
vn -0.7012 -0.4186 0.5771
vn -0.4932 -0.4985 -0.7129
vn -0.4494 -0.1334 -0.8833
vn -0.4494 -0.1334 0.8833
vn -0.4932 -0.4985 0.7129
vn -0.2093 -0.6064 -0.7671
vn -0.0174 -0.2243 -0.9744
vn -0.2261 -0.1852 -0.9563
vn -0.3348 -0.5599 -0.7579
vn -0.2261 -0.1852 0.9563
vn -0.3348 -0.5599 0.7579
vn -0.0791 -0.6787 0.7302
vn -0.2093 -0.6064 0.7671
vn -0.0174 -0.2243 0.9744
vn 0.1805 -0.2879 0.9405
vn -0.0791 -0.6787 -0.7302
vn 0.1805 -0.2879 -0.9405
vn 0.3792 -0.3594 0.8527
vn 0.0582 -0.7583 0.6493
vn 0.3792 -0.3594 -0.8527
vn 0.0582 -0.7583 -0.6493
vn 0.5523 -0.4334 0.7121
vn 0.1624 -0.8330 0.5288
vn 0.5523 -0.4334 -0.7121
vn 0.1624 -0.8330 -0.5288
vn 0.2486 -0.8942 -0.3724
vn 0.6868 -0.5007 -0.5268
vn 0.2799 -0.9322 -0.2296
vn 0.7575 -0.5427 -0.3627
vn 0.2768 -0.9551 0.1057
vn 0.8021 -0.5681 0.1842
vn 0.8126 -0.5828 -0.0000
vn 0.2853 -0.9584 -0.0000
vn 0.2768 -0.9551 -0.1057
vn 0.8021 -0.5681 -0.1842
vn -0.0023 -0.9877 -0.1564
vn 0.0006 -0.9971 -0.0755
vn 0.0006 -0.9971 0.0755
vn 0.0030 -1.0000 -0.0000
vn 0.1296 -0.9916 -0.0000
vn 0.1162 -0.9886 0.0956
vn 0.0890 -0.9756 -0.2006
vn 0.1162 -0.9886 -0.0956
vn 0.1880 -0.9522 -0.2410
vn 0.2249 -0.9682 -0.1091
vn 0.2249 -0.9682 0.1091
vn 0.2408 -0.9706 -0.0000
vn 0.0443 -0.1348 -0.9899
vn -0.0801 -0.5034 0.8603
vn -0.1929 -0.5674 0.8005
vn -0.2748 -0.5747 0.7709
vn -0.2458 -0.5653 0.7875
vn -0.2748 -0.5747 -0.7709
vn -0.1929 -0.5674 -0.8005
vn -0.0801 -0.5034 -0.8603
vn -0.2458 -0.5653 -0.7875
vn -0.3877 -0.6335 0.6696
vn -0.3877 -0.6335 -0.6696
vn -0.5139 -0.6624 0.5450
vn -0.5139 -0.6624 -0.5450
vn -0.6343 -0.6726 0.3812
vn -0.6343 -0.6726 -0.3812
vn -0.5329 -0.7678 0.3556
vn -0.5329 -0.7678 -0.3556
vn -0.4755 -0.7399 0.4760
vn -0.4755 -0.7399 -0.4760
vn -0.3983 -0.6570 0.6400
vn -0.3983 -0.6570 -0.6400
vn -0.1371 0.2731 0.9522
vn -0.0775 0.2480 0.9657
vn -0.1371 0.2731 -0.9522
vn -0.0775 0.2480 -0.9657
vn -0.1135 0.3065 0.9451
vn -0.1832 0.3109 0.9326
vn -0.1832 0.3109 -0.9326
vn -0.1135 0.3065 -0.9451
vn -0.2398 0.5002 0.8320
vn -0.1395 0.5120 0.8476
vn -0.2398 0.5002 -0.8320
vn -0.1395 0.5120 -0.8476
vn -0.3005 0.7297 0.6141
vn -0.1253 0.7658 0.6308
vn -0.3005 0.7297 -0.6141
vn -0.1253 0.7658 -0.6308
vn 0.1061 0.4754 0.8733
vn -0.0165 0.4833 0.8753
vn -0.0203 0.3038 0.9525
vn -0.0165 0.4833 -0.8753
vn -0.0203 0.3038 -0.9525
vn 0.0011 0.2243 0.9745
vn 0.0011 0.2243 -0.9745
vn -0.8628 0.2295 -0.4504
vn -0.8628 0.2295 0.4504
vn -0.8104 0.3597 -0.4625
vn -0.8104 0.3597 0.4625
vn -0.7063 0.4722 -0.5273
vn -0.7063 0.4722 0.5273
vn -0.6023 0.5803 -0.5482
vn -0.6023 0.5803 0.5482
vn -0.7206 0.2245 -0.6559
vn -0.7206 0.2245 0.6559
vn -0.5494 0.2301 -0.8033
vn -0.5494 0.2301 0.8033
vn -0.6861 0.3105 -0.6579
vn -0.6861 0.3105 0.6579
vn -0.5422 0.2942 -0.7871
vn -0.5422 0.2942 0.7871
vn -0.3868 0.2417 -0.8899
vn -0.3868 0.2417 0.8899
vn -0.4032 0.3027 -0.8636
vn -0.4032 0.3027 0.8636
vn -0.2011 0.2835 -0.9376
vn -0.2374 0.3147 -0.9190
vn -0.2897 0.2640 0.9200
vn -0.3058 0.3111 0.8998
vn -0.3058 0.3111 -0.8998
vn -0.2897 0.2640 -0.9200
vn -0.2374 0.3147 0.9190
vn -0.2011 0.2835 0.9376
vn -0.3464 0.4754 -0.8087
vn -0.3464 0.4754 0.8087
vn -0.5142 0.4136 -0.7514
vn -0.4390 0.4454 -0.7803
vn -0.5142 0.4136 0.7514
vn -0.4390 0.4454 0.7803
vn -0.5463 0.7805 0.3041
vn -0.4673 0.6653 0.5822
vn -0.5743 0.8186 -0.0000
vn -0.5463 0.7805 -0.3041
vn -0.4673 0.6653 -0.5822
vn -0.6383 0.3836 -0.6674
vn -0.6383 0.3836 0.6674
vn -0.5549 0.3627 -0.7487
vn -0.5549 0.3627 0.7487
vn -0.8918 -0.4525 -0.0000
vn -0.8352 -0.5026 -0.2234
vn -0.8352 -0.5026 0.2234
vn -0.6773 -0.5915 -0.4376
vn -0.6773 -0.5915 0.4376
vn -0.4967 -0.6573 -0.5668
vn -0.4967 -0.6573 0.5668
vn -0.3122 -0.7638 -0.5649
vn -0.3910 -0.7107 -0.5848
vn -0.3910 -0.7107 0.5848
vn -0.2262 -0.8234 -0.5205
vn -0.3122 -0.7638 0.5649
vn -0.2262 -0.8234 0.5205
vn -0.1357 -0.8865 -0.4424
vn -0.1357 -0.8865 0.4424
vn -0.0640 -0.9331 -0.3538
vn -0.0179 -0.9684 -0.2489
vn -0.0640 -0.9331 0.3538
vn 0.0479 -0.9527 -0.3001
vn 0.1413 -0.9200 -0.3655
vn 0.1734 0.0129 -0.9848
vn 0.0503 0.0463 0.9977
vn 0.1734 0.0129 0.9848
vn 0.0503 0.0463 -0.9977
vn -0.0474 -0.0031 -0.9989
vn -0.0474 -0.0031 0.9989
vn -0.0597 -0.1523 -0.9865
vn -0.0597 -0.1523 0.9865
vn 0.0148 -0.3260 -0.9453
vn 0.0148 -0.3260 0.9453
vn 0.1227 -0.4647 -0.8769
vn 0.1227 -0.4647 0.8769
vn 0.2363 -0.5548 -0.7977
vn 0.2363 -0.5548 0.7977
vn 0.3387 -0.6084 -0.7177
vn 0.3387 -0.6084 0.7177
vn 0.4522 -0.6420 -0.6191
vn 0.4522 -0.6420 0.6191
vn 0.3675 0.2051 -0.9071
vn 0.2272 0.1277 -0.9654
vn 0.3675 0.2051 0.9071
vn 0.2272 0.1277 0.9654
vn 0.1992 0.1799 0.9633
vn 0.3880 0.2732 0.8802
vn 0.2781 0.1372 -0.9507
vn 0.2781 0.1372 0.9507
vn 0.3749 0.1198 -0.9193
vn 0.4551 0.0885 -0.8860
vn 0.4551 0.0885 0.8860
vn 0.3749 0.1198 0.9193
vn 0.9958 0.0912 -0.0000
vn 0.9832 0.0779 -0.1654
vn 0.9832 0.0779 0.1654
vn 0.9478 0.0276 0.3178
vn 0.9478 0.0276 -0.3178
vn 0.9099 -0.0329 0.4135
vn 0.9099 -0.0329 -0.4135
vn 0.9729 0.2311 -0.0000
vn 0.9655 0.2262 -0.1289
vn 0.9655 0.2262 0.1289
vn 0.9479 0.1980 -0.2497
vn 0.9479 0.1980 0.2497
vn 0.9245 0.1460 -0.3520
vn 0.9245 0.1460 0.3520
vn 0.9403 0.3403 -0.0000
vn 0.9358 0.3345 -0.1114
vn 0.8835 0.4584 -0.0967
vn 0.8875 0.4609 -0.0000
vn 0.8835 0.4584 0.0967
vn 0.9358 0.3345 0.1114
vn 0.9263 0.3069 -0.2185
vn 0.8807 0.4270 -0.2051
vn 0.8807 0.4270 0.2051
vn 0.9263 0.3069 0.2185
vn 0.9081 0.2651 -0.3243
vn 0.8652 0.3718 -0.3364
vn 0.8652 0.3718 0.3364
vn 0.9081 0.2651 0.3243
vn 0.7792 0.6202 -0.0903
vn 0.7845 0.6201 -0.0000
vn 0.7792 0.6202 0.0903
vn 0.7850 0.5827 -0.2103
vn 0.7850 0.5827 0.2103
vn 0.7673 0.5162 -0.3805
vn 0.7673 0.5162 0.3805
vn 0.6296 0.7769 -0.0000
vn 0.6270 0.7722 -0.1028
vn 0.6270 0.7722 0.1028
vn 0.6211 0.7427 -0.2504
vn 0.6211 0.7427 0.2504
vn 0.5970 0.6625 -0.4523
vn 0.5970 0.6625 0.4523
vn 0.4854 0.8743 -0.0000
vn 0.4770 0.8691 -0.1313
vn 0.4770 0.8691 0.1313
vn 0.4532 0.8392 -0.3006
vn 0.4532 0.8392 0.3006
vn 0.4298 0.7468 -0.5076
vn 0.4298 0.7468 0.5076
vn 0.5380 0.0547 -0.8412
vn 0.5380 0.0547 0.8412
vn 0.6482 -0.0104 -0.7614
vn 0.7213 -0.0975 -0.6857
vn 0.6482 -0.0104 0.7614
vn 0.7794 -0.1751 -0.6016
vn 0.7794 -0.1751 0.6016
vn 0.7213 -0.0975 0.6857
vn 0.8103 -0.2144 -0.5454
vn 0.8103 -0.2144 0.5454
vn 0.8309 -0.2251 -0.5089
vn 0.8309 -0.2251 0.5089
vn 0.2886 0.2635 -0.9205
vn 0.2886 0.2635 0.9205
vn 0.3673 0.2345 -0.9000
vn 0.4124 0.2058 -0.8875
vn 0.3673 0.2345 0.9000
vn 0.4124 0.2058 0.8875
vn -0.1522 -0.7120 -0.6854
vn -0.3011 -0.5808 -0.7563
vn -0.3181 -0.6860 0.6544
vn -0.2008 -0.7818 0.5904
vn -0.1522 -0.7120 0.6854
vn -0.3011 -0.5808 0.7563
vn -0.3181 -0.6860 -0.6544
vn -0.2008 -0.7818 -0.5904
vn -0.0865 -0.8579 -0.5064
vn -0.0865 -0.8579 0.5064
vn -0.0025 -0.9137 -0.4064
vn -0.0025 -0.9137 0.4064
vn -0.0140 -0.8053 -0.5927
vn -0.0140 -0.8053 0.5927
vn 0.2486 -0.8942 0.3724
vn 0.6868 -0.5007 0.5268
vn -0.0179 -0.9684 0.2489
vn 0.0479 -0.9527 0.3001
vn 0.0829 -0.8705 -0.4851
vn 0.0829 -0.8705 0.4851
vn 0.1413 -0.9200 0.3655
vn -0.8270 -0.5622 -0.0000
vn -0.7979 -0.5552 -0.2347
vn -0.7979 -0.5552 0.2347
vn -0.6846 -0.5353 -0.4948
vn -0.6846 -0.5353 0.4948
vn -0.5730 -0.5962 -0.5623
vn -0.5730 -0.5962 0.5623
vn -0.5366 -0.5384 -0.6498
vn -0.5366 -0.5384 0.6498
vn -0.4230 -0.5968 -0.6819
vn -0.4230 -0.5968 0.6819
vn -0.5045 -0.4902 -0.7107
vn -0.5045 -0.4902 0.7107
vn -0.4229 -0.4687 -0.7756
vn -0.4229 -0.4687 0.7756
vn -0.4232 -0.5187 -0.7428
vn -0.4232 -0.5187 0.7428
vn 0.5994 0.0957 -0.7947
vn 0.6988 -0.0141 -0.7152
vn 0.6988 -0.0141 0.7152
vn 0.5994 0.0957 0.7947
vn 0.7794 -0.1105 -0.6167
vn 0.7794 -0.1105 0.6167
vn 0.4867 0.1711 -0.8566
vn 0.4867 0.1711 0.8566
vn 0.8475 -0.1791 -0.4997
vn 0.8475 -0.1791 0.4997
vn 0.8238 -0.1632 -0.5429
vn 0.8238 -0.1632 0.5429
vn 0.3973 0.4424 -0.8040
vn 0.3349 0.4758 -0.8133
vn 0.3254 0.6357 -0.7000
vn 0.4060 0.6017 -0.6878
vn 0.3349 0.4758 0.8133
vn 0.3973 0.4424 0.8040
vn 0.4060 0.6017 0.6878
vn 0.3254 0.6357 0.7000
vn 0.3291 0.7812 -0.5304
vn 0.3291 0.7812 0.5304
vn 0.3964 0.3203 -0.8604
vn 0.3473 0.3468 -0.8713
vn 0.3964 0.3203 0.8604
vn 0.3473 0.3468 0.8713
vn 0.4767 0.2812 -0.8329
vn 0.4767 0.2812 0.8329
vn 0.4997 0.3942 -0.7713
vn 0.4997 0.3942 0.7713
vn 0.5477 0.5329 -0.6450
vn 0.5477 0.5329 0.6450
vn 0.7110 0.4209 -0.5633
vn 0.7110 0.4209 0.5633
vn 0.6383 0.3194 -0.7004
vn 0.6383 0.3194 0.7004
vn 0.5899 0.2114 -0.7793
vn 0.5899 0.2114 0.7793
vn 0.8781 -0.0765 -0.4723
vn 0.8781 -0.0765 0.4723
vn 0.8966 0.0862 -0.4343
vn 0.8966 0.0862 0.4343
vn 0.8775 0.2146 -0.4288
vn 0.8267 0.3045 -0.4732
vn 0.8775 0.2146 0.4288
vn 0.8267 0.3045 0.4732
vn 0.7624 0.2259 -0.6064
vn 0.7624 0.2259 0.6064
vn 0.7107 0.1081 -0.6951
vn 0.7107 0.1081 0.6951
vn 0.8454 -0.0769 -0.5286
vn 0.8454 -0.0769 0.5286
vn 0.8010 -0.0046 -0.5986
vn 0.8010 -0.0046 0.5986
vn 0.8376 0.1262 -0.5315
vn 0.8376 0.1262 0.5315
vn 0.8680 0.0387 -0.4951
vn 0.8680 0.0387 0.4951
vn 0.2759 0.5058 -0.8173
vn 0.2889 0.3722 -0.8820
vn 0.2026 0.3982 -0.8946
vn 0.1989 0.5271 -0.8262
vn 0.2026 0.3982 0.8946
vn 0.2889 0.3722 0.8820
vn 0.2759 0.5058 0.8173
vn 0.1989 0.5271 0.8262
vn 0.1061 0.4754 -0.8733
vn 0.2505 0.8025 -0.5415
vn 0.2581 0.6606 -0.7050
vn 0.1737 0.6763 -0.7158
vn 0.1483 0.8275 -0.5416
vn 0.1737 0.6763 0.7158
vn 0.2581 0.6606 0.7050
vn 0.2505 0.8025 0.5415
vn 0.1483 0.8275 0.5416
vn 0.0799 0.6656 -0.7420
vn 0.0799 0.6656 0.7420
vn 0.0225 0.8353 -0.5493
vn 0.0225 0.8353 0.5493
vn -0.0175 0.6376 -0.7701
vn -0.0175 0.6376 0.7701
vn 0.3738 0.9275 -0.0000
vn 0.3659 0.9171 -0.1582
vn 0.3659 0.9171 0.1582
vn 0.3464 0.8762 -0.3350
vn 0.3464 0.8762 0.3350
vn 0.1391 0.9903 -0.0000
vn 0.2664 0.9639 -0.0000
vn 0.2654 0.9482 -0.1745
vn 0.1492 0.9706 -0.1886
vn 0.2654 0.9482 0.1745
vn 0.1492 0.9706 0.1886
vn 0.2571 0.8994 -0.3534
vn 0.1481 0.9201 -0.3625
vn 0.2571 0.8994 0.3534
vn 0.1481 0.9201 0.3625
vn 0.9381 0.0527 -0.3424
vn 0.9381 0.0527 0.3424
vn 0.9453 0.0596 -0.3206
vn 0.9453 0.0596 0.3206
vn 0.9322 0.0984 -0.3483
vn 0.9322 0.0984 0.3483
vn 0.5520 -0.4819 0.6804
vn 0.4262 -0.4736 0.7708
vn 0.3216 -0.4435 0.8365
vn 0.2221 -0.3736 0.9006
vn 0.1612 -0.2469 0.9555
vn 0.1334 -0.0909 0.9869
vn 0.1374 0.0746 0.9877
vn 0.1992 0.1799 -0.9633
vn 0.1374 0.0746 -0.9877
vn 0.1334 -0.0909 -0.9869
vn 0.1612 -0.2469 -0.9555
vn 0.2221 -0.3735 -0.9006
vn 0.3216 -0.4435 -0.8365
vn 0.4262 -0.4736 -0.7708
vn 0.5520 -0.4819 -0.6804
vn 0.2920 -0.9131 0.2846
vn 0.1880 -0.9522 0.2410
vn 0.0890 -0.9756 0.2006
vn -0.0023 -0.9877 0.1564
vn 0.2799 -0.9322 0.2296
vn 0.7575 -0.5427 0.3627
vn 0.6792 0.5808 0.4488
vn 0.6792 0.5808 -0.4488
vn 0.6727 0.4774 0.5654
vn 0.6727 0.4774 -0.5654
vn 0.6250 0.3748 0.6847
vn 0.6250 0.3748 -0.6847
vn 0.5040 0.3118 0.8054
vn 0.5040 0.3118 -0.8054
vn 0.3880 0.2732 -0.8802
vn 0.6205 -0.3183 -0.7167
vn 0.6205 -0.3183 0.7167
vn 0.4950 -0.3238 0.8063
vn 0.4950 -0.3238 -0.8063
vn 0.3904 -0.3138 0.8655
vn 0.3904 -0.3138 -0.8655
vn 0.3045 -0.2939 0.9060
vn 0.3045 -0.2939 -0.9060
vn 0.3005 -0.1856 0.9355
vn 0.3005 -0.1856 -0.9355
vn 0.3118 -0.0491 0.9489
vn 0.3118 -0.0491 -0.9489
vn 0.3353 0.0963 0.9372
vn 0.3353 0.0963 -0.9372
vn 0.3825 0.2166 0.8982
vn 0.3825 0.2166 -0.8982
vn 0.6701 -0.1323 -0.7304
vn 0.7009 0.0466 -0.7118
vn 0.7191 0.2131 -0.6614
vn 0.5825 0.0161 0.8127
vn 0.7009 0.0466 0.7118
vn 0.7191 0.2131 0.6614
vn 0.6180 0.1642 0.7689
vn 0.5825 0.0161 -0.8127
vn 0.6180 0.1642 -0.7689
vn 0.5453 -0.1506 0.8246
vn 0.6701 -0.1323 0.7304
vn 0.5453 -0.1506 -0.8246
vn 0.4549 -0.0190 0.8904
vn 0.4972 0.1185 0.8595
vn 0.4549 -0.0190 -0.8904
vn 0.4972 0.1185 -0.8595
vn 0.4298 -0.1622 0.8882
vn 0.4298 -0.1622 -0.8882
vn 0.5492 0.2458 0.7987
vn 0.5492 0.2458 -0.7987
vn 0.6513 0.3149 0.6904
vn 0.6513 0.3149 -0.6904
vn 0.7199 0.3901 0.5741
vn 0.7199 0.3901 -0.5741
vn 0.8283 -0.5592 0.0347
vn 0.7554 -0.6544 -0.0331
vn 0.7484 -0.6633 -0.0014
vn 0.8149 -0.5684 0.1131
vn 0.8283 -0.5592 -0.0347
vn 0.7554 -0.6544 0.0331
vn 0.7315 -0.6800 -0.0498
vn 0.7115 -0.7025 -0.0165
vn 0.7315 -0.6800 0.0498
vn 0.7124 -0.7017 -0.0025
vn 0.6998 -0.7138 0.0286
vn 0.7124 -0.7017 0.0025
vn 0.6476 -0.7619 -0.0074
vn 0.6218 -0.7821 -0.0398
vn 0.6218 -0.7821 0.0398
vn 0.5164 -0.8328 -0.1997
vn 0.5534 -0.8113 -0.1883
vn 0.5164 -0.8328 0.1997
vn 0.4923 -0.7946 -0.3555
vn 0.4752 -0.8056 -0.3538
vn 0.4752 -0.8056 0.3538
vn 0.4762 -0.7682 -0.4279
vn 0.4669 -0.7651 -0.4435
vn 0.4669 -0.7651 0.4435
vn 0.4363 -0.7207 -0.5387
vn 0.4415 -0.7155 -0.5414
vn 0.4415 -0.7155 0.5414
vn 0.4731 -0.6268 -0.6191
vn 0.4581 -0.6355 -0.6214
vn 0.4581 -0.6355 0.6214
vn 0.5594 -0.4888 -0.6695
vn 0.5009 -0.4955 -0.7097
vn 0.5008 -0.4955 0.7097
vn 0.5997 -0.3009 -0.7415
vn 0.5181 -0.2616 -0.8143
vn 0.5181 -0.2616 0.8143
vn 0.4775 0.0540 -0.8770
vn 0.5685 0.0243 -0.8223
vn 0.4775 0.0540 0.8770
vn 0.5066 0.2982 -0.8090
vn 0.4382 0.3364 -0.8336
vn 0.4382 0.3364 0.8336
vn 0.4026 0.5706 -0.7157
vn 0.4412 0.5589 -0.7021
vn 0.4026 0.5706 0.7157
vn 0.4035 0.7190 -0.5659
vn 0.3809 0.7503 -0.5404
vn 0.3809 0.7503 0.5404
vn 0.3912 0.8358 -0.3852
vn 0.3908 0.8450 -0.3651
vn 0.3908 0.8450 0.3651
vn 0.3598 0.8987 -0.2507
vn 0.3761 0.8932 -0.2466
vn 0.3761 0.8932 0.2466
vn 0.4079 0.9064 -0.1095
vn 0.4117 0.9045 -0.1114
vn 0.4117 0.9045 0.1114
vn 0.5458 0.8378 -0.0121
vn 0.5263 0.8499 -0.0238
vn 0.5264 0.8499 0.0238
vn 0.6737 0.7389 -0.0114
vn 0.6686 0.7432 -0.0230
vn 0.6686 0.7432 0.0230
vn 0.7999 0.5987 -0.0401
vn 0.8063 0.5897 -0.0465
vn 0.8063 0.5897 0.0465
vn 0.9242 0.3795 -0.0428
vn 0.9172 0.3949 -0.0527
vn 0.9242 0.3795 0.0428
vn 0.9837 0.1793 -0.0131
vn 0.9871 0.1602 0.0054
vn 0.9818 -0.1229 0.1448
vn 0.9893 -0.0849 0.1186
vn 0.9871 0.1602 -0.0054
vn 0.9100 -0.3530 0.2175
vn 0.8795 -0.4198 0.2243
vn 0.9818 -0.1229 -0.1448
vn 0.8795 -0.4198 -0.2243
vn 0.8256 -0.5344 0.1814
vn 0.8435 -0.5183 0.1409
vn 0.8435 -0.5183 -0.1409
vn 0.8274 -0.5398 0.1551
vn 0.8551 -0.5138 0.0697
vn 0.8551 -0.5138 -0.0697
vn 0.7115 -0.7025 0.0165
vn 0.7484 -0.6633 0.0014
vn 0.6998 -0.7138 -0.0286
vn 0.6476 -0.7619 0.0074
vn 0.5534 -0.8113 0.1883
vn 0.4923 -0.7946 0.3555
vn 0.4762 -0.7682 0.4279
vn 0.4363 -0.7207 0.5387
vn 0.4731 -0.6268 0.6191
vn 0.5594 -0.4888 0.6695
vn 0.5997 -0.3009 0.7415
vn 0.5685 0.0243 0.8223
vn 0.5066 0.2982 0.8090
vn 0.4412 0.5589 0.7021
vn 0.4035 0.7190 0.5659
vn 0.3912 0.8358 0.3852
vn 0.3598 0.8987 0.2507
vn 0.4079 0.9064 0.1095
vn 0.5458 0.8378 0.0121
vn 0.6737 0.7389 0.0114
vn 0.7999 0.5987 0.0401
vn 0.9172 0.3949 0.0527
vn 0.9837 0.1793 0.0131
vn 0.9893 -0.0849 -0.1186
vn 0.9100 -0.3530 -0.2175
vn 0.8256 -0.5344 -0.1814
vn 0.8274 -0.5398 -0.1551
vn 0.8149 -0.5684 -0.1131
vn 0.6625 -0.1277 -0.7381
vn 0.5991 0.1344 -0.7893
vn 0.6625 -0.1277 0.7381
vn 0.5991 0.1344 0.7893
vn 0.8281 -0.0644 -0.5569
vn 0.7892 0.1621 -0.5924
vn 0.8281 -0.0644 0.5569
vn 0.7892 0.1621 0.5924
vn 0.9203 -0.0315 -0.3899
vn 0.8975 0.1806 -0.4023
vn 0.9203 -0.0315 0.3899
vn 0.8975 0.1806 0.4023
vn 0.9999 0.0142 -0.0000
vn 0.9797 -0.0016 -0.2005
vn 0.9577 0.2049 -0.2021
vn 0.9764 0.2161 -0.0000
vn 0.9797 -0.0016 0.2005
vn 0.9577 0.2049 0.2021
vn 0.5299 0.4175 -0.7381
vn 0.5299 0.4175 0.7381
vn 0.4474 0.6611 -0.6023
vn 0.4474 0.6611 0.6023
vn 0.3720 0.8339 -0.4077
vn 0.3720 0.8339 0.4077
vn 0.3342 0.9209 -0.2009
vn 0.3342 0.9209 0.2009
vn 0.3282 0.9446 -0.0000
vn 0.7162 0.3998 -0.5720
vn 0.7162 0.3998 0.5720
vn 0.8396 0.3874 -0.3807
vn 0.8396 0.3874 0.3807
vn 0.8999 0.3936 -0.1877
vn 0.8999 0.3936 0.1877
vn 0.9173 0.3982 -0.0000
vn 0.6809 -0.3155 0.6610
vn 0.6809 -0.3155 -0.6610
vn 0.7083 -0.4416 0.5508
vn 0.7083 -0.4416 -0.5508
vn 0.7574 -0.5225 0.3917
vn 0.7574 -0.5225 -0.3917
vn 0.7993 -0.5636 0.2085
vn 0.7993 -0.5636 -0.2085
vn 0.8100 -0.5864 -0.0000
vn 0.8151 -0.2425 0.5261
vn 0.8151 -0.2425 -0.5261
vn 0.9033 -0.2082 0.3751
vn 0.9033 -0.2082 -0.3751
vn 0.9584 -0.2055 0.1981
vn 0.9584 -0.2055 -0.1981
vn 0.9796 -0.2011 -0.0000
vn 0.8213 0.5468 -0.1628
vn 0.8313 0.5558 -0.0000
vn 0.8213 0.5468 0.1628
vn 0.7194 0.6946 -0.0000
vn 0.7129 0.6863 -0.1443
vn 0.5512 0.8172 -0.1682
vn 0.5544 0.8322 -0.0000
vn 0.5512 0.8172 0.1682
vn 0.7129 0.6863 0.1443
vn 0.8911 -0.4077 0.1992
vn 0.9093 -0.4162 -0.0000
vn 0.8911 -0.4077 -0.1992
vn 0.8444 -0.3917 -0.3656
vn 0.8444 -0.3917 0.3656
vn 0.7856 -0.3725 -0.4940
vn 0.7856 -0.3725 0.4940
vn 0.6372 0.5936 -0.4915
vn 0.6372 0.5936 0.4915
vn 0.5705 0.7479 -0.3395
vn 0.5705 0.7479 0.3395
vn 0.7695 0.5456 -0.3319
vn 0.7695 0.5456 0.3319
vn 0.7011 0.6630 -0.2625
vn 0.7010 0.6630 0.2625
vn 0.0553 -0.0627 -0.9965
vn 0.2877 -0.0964 -0.9529
vn 0.0553 -0.0627 0.9965
vn 0.2877 -0.0964 0.9529
vn 0.1231 0.0739 -0.9896
vn 0.3601 0.0199 -0.9327
vn 0.1231 0.0739 0.9896
vn 0.3601 0.0199 0.9327
vn 0.4049 0.0975 -0.9091
vn 0.1775 0.1729 -0.9688
vn 0.4049 0.0975 0.9091
vn 0.1775 0.1729 0.9688
vn 0.5031 -0.1349 -0.8536
vn 0.5031 -0.1349 0.8536
vn 0.5473 -0.0198 -0.8367
vn 0.5473 -0.0198 0.8367
vn 0.5662 0.0464 -0.8230
vn 0.5662 0.0464 0.8230
vn -0.1883 -0.0409 -0.9813
vn -0.1883 -0.0409 0.9813
vn -0.4400 -0.0254 -0.8976
vn -0.4400 -0.0254 0.8976
vn -0.6825 -0.0132 -0.7307
vn -0.6825 -0.0132 0.7307
vn -0.8915 -0.0034 -0.4530
vn -0.8915 -0.0034 0.4530
vn -1.0000 0.0009 -0.0000
vn -0.1693 0.1106 -0.9793
vn -0.1693 0.1106 0.9793
vn -0.4561 0.1150 -0.8825
vn -0.4561 0.1150 0.8825
vn -0.7182 0.0891 -0.6901
vn -0.7182 0.0891 0.6901
vn -0.9063 0.0586 -0.4186
vn -0.9063 0.0586 0.4186
vn -0.9988 0.0482 -0.0000
vn -0.1318 0.2305 -0.9641
vn -0.1318 0.2305 0.9641
vn -0.4448 0.2375 -0.8636
vn -0.4448 0.2375 0.8636
vn -0.7289 0.1900 -0.6577
vn -0.7289 0.1900 0.6577
vn -0.9129 0.1211 -0.3898
vn -0.9129 0.1211 0.3898
vn -0.9951 0.0992 -0.0000
vn 0.6818 -0.1676 0.7120
vn 0.6818 -0.1676 -0.7120
vn 0.8142 -0.1891 0.5489
vn 0.8142 -0.1891 -0.5489
vn 0.8966 -0.2043 0.3928
vn 0.8966 -0.2043 -0.3928
vn 0.9512 -0.2149 0.2213
vn 0.9512 -0.2149 -0.2213
vn 0.9752 -0.2213 -0.0000
vn 0.6994 -0.0395 0.7136
vn 0.6994 -0.0395 -0.7136
vn 0.8220 -0.0467 0.5675
vn 0.8220 -0.0467 -0.5675
vn 0.9151 -0.0539 0.3997
vn 0.9151 -0.0539 -0.3997
vn 0.9743 -0.0678 0.2148
vn 0.9743 -0.0678 -0.2148
vn 0.9970 -0.0772 -0.0000
vn 0.6989 0.0268 0.7147
vn 0.6989 0.0268 -0.7147
vn 0.8163 0.0228 0.5771
vn 0.8163 0.0228 -0.5771
vn 0.9149 0.0143 0.4034
vn 0.9149 0.0143 -0.4034
vn 0.9805 -0.0121 0.1963
vn 0.9805 -0.0121 -0.1963
vn 0.9996 -0.0299 -0.0000
vn -0.2508 0.9500 -0.1863
vn -0.7028 0.7069 -0.0796
vn -0.7028 0.7069 0.0796
vn -0.2508 0.9500 0.1863
vn -0.3425 0.9392 0.0261
vn -0.7354 0.6463 0.2037
vn -0.7354 0.6463 -0.2037
vn -0.3425 0.9392 -0.0261
vn -0.4238 0.8673 -0.2612
vn -0.7812 0.6201 -0.0725
vn -0.7812 0.6201 0.0725
vn -0.4238 0.8673 0.2612
vn -0.8472 0.4707 -0.2464
vn -0.4978 0.6571 -0.5661
vn -0.8472 0.4707 0.2464
vn -0.4978 0.6571 0.5661
vn -0.5542 0.4247 -0.7159
vn -0.8914 0.3006 -0.3391
vn -0.5543 0.4247 0.7159
vn -0.8914 0.3006 0.3391
vn -0.9075 0.1713 -0.3836
vn -0.5480 0.2272 -0.8051
vn -0.9075 0.1713 0.3836
vn -0.5480 0.2272 0.8051
vn -0.9084 0.0497 -0.4150
vn -0.5417 0.0645 -0.8381
vn -0.9084 0.0497 0.4150
vn -0.5417 0.0645 0.8381
vn -0.8946 -0.0769 -0.4402
vn -0.4347 -0.1185 -0.8928
vn -0.8946 -0.0769 0.4402
vn -0.4347 -0.1185 0.8928
vn -0.3794 -0.2564 -0.8890
vn -0.8600 -0.2119 -0.4641
vn -0.3794 -0.2564 0.8890
vn -0.8600 -0.2119 0.4641
vn -0.8310 -0.3072 -0.4637
vn -0.3331 -0.3713 -0.8667
vn -0.3205 -0.4556 -0.8305
vn -0.8052 -0.3832 -0.4526
vn -0.8310 -0.3072 0.4637
vn -0.3331 -0.3713 0.8667
vn -0.7778 -0.4440 -0.4449
vn -0.2745 -0.5155 -0.8117
vn -0.8052 -0.3832 0.4526
vn -0.7778 -0.4440 0.4449
vn -0.2745 -0.5155 0.8117
vn -0.3205 -0.4556 0.8305
vn -0.7433 -0.4961 -0.4487
vn -0.2651 -0.5668 -0.7800
vn -0.2512 -0.6321 -0.7331
vn -0.6918 -0.5694 -0.4442
vn -0.7433 -0.4961 0.4487
vn -0.2651 -0.5668 0.7800
vn -0.5107 -0.7823 -0.3566
vn -0.6189 -0.6650 -0.4180
vn -0.1595 -0.7260 -0.6690
vn -0.0335 -0.8252 -0.5638
vn -0.6918 -0.5694 0.4442
vn -0.6189 -0.6650 0.4180
vn -0.1595 -0.7260 0.6690
vn -0.2512 -0.6321 0.7331
vn 0.3721 -0.8395 -0.3960
vn -0.2145 -0.9552 -0.2040
vn -0.3655 -0.8872 -0.2814
vn 0.2049 -0.8527 -0.4805
vn 0.5480 -0.7921 0.2688
vn -0.0063 -0.9922 0.1245
vn 0.1205 -0.9849 0.1244
vn 0.5886 -0.7654 0.2601
vn 0.5886 -0.7654 -0.2601
vn 0.1205 -0.9849 -0.1244
vn -0.9711 0.2372 -0.0284
vn -0.9711 0.2372 0.0284
vn -0.9682 0.0019 -0.2503
vn -0.9682 0.0019 0.2503
vn -0.9643 -0.0538 -0.2592
vn -0.9643 -0.0538 0.2592
vn -0.9634 -0.1350 -0.2316
vn -0.9634 -0.1350 0.2316
vn -0.9844 -0.1726 0.0337
vn -0.7526 -0.6451 0.1320
vn -0.7526 -0.6451 -0.1320
vn -0.9844 -0.1726 -0.0337
vn -0.3408 -0.9401 0.0074
vn -0.3408 -0.9401 -0.0074
vn 0.8296 -0.2558 -0.4963
vn 0.8296 -0.2558 0.4963
vn 0.6449 -0.0673 -0.7613
vn 0.6449 -0.0673 0.7613
vn 0.4358 -0.0676 -0.8975
vn 0.3522 -0.0501 -0.9346
vn 0.4358 -0.0676 0.8975
vn 0.3415 -0.0282 -0.9395
vn 0.3414 -0.0282 0.9395
vn 0.3522 -0.0501 0.9346
vn 0.3961 -0.0237 -0.9179
vn 0.6515 0.0222 -0.7583
vn 0.3961 -0.0237 0.9179
vn 0.5413 0.7470 -0.3861
vn 0.5413 0.7470 0.3861
vn 0.6515 0.0222 0.7583
vn 0.5195 0.7747 -0.3604
vn 0.5195 0.7747 0.3604
vn 0.4275 0.6478 -0.6306
vn 0.4275 0.6478 0.6306
vn 0.3964 0.4517 -0.7993
vn 0.3964 0.4517 0.7993
vn 0.3442 0.2693 -0.8994
vn 0.3442 0.2693 0.8994
vn 0.3275 0.1211 -0.9371
vn 0.3275 0.1211 0.9371
vn 0.3471 0.0181 -0.9377
vn 0.3471 0.0181 0.9377
vn 0.4424 -0.0579 -0.8949
vn 0.4424 -0.0579 0.8949
vn 0.5376 -0.1209 -0.8345
vn 0.5376 -0.1209 0.8345
vn 0.5037 -0.1720 -0.8466
vn 0.4743 -0.2365 -0.8480
vn 0.5037 -0.1720 0.8466
vn 0.4996 -0.2642 -0.8250
vn 0.4996 -0.2642 0.8250
vn 0.4743 -0.2365 0.8480
vn 0.4889 -0.3132 -0.8142
vn 0.4809 -0.3767 -0.7917
vn 0.4889 -0.3132 0.8142
vn 0.5120 -0.4496 -0.7319
vn 0.6482 -0.4285 -0.6295
vn 0.5120 -0.4496 0.7319
vn 0.4809 -0.3767 0.7917
vn -0.5107 -0.7823 0.3566
vn -0.0335 -0.8252 0.5638
vn 0.6482 -0.4285 0.6295
vn 0.8118 -0.2935 -0.5048
vn 0.7649 -0.3261 -0.5555
vn 0.8623 -0.2639 0.4323
vn -0.5473 -0.8236 -0.1488
vn -0.6248 -0.7511 -0.2130
vn -0.4068 -0.9073 0.1061
vn -0.7101 -0.6597 -0.2460
vn -0.7855 -0.5625 -0.2580
vn -0.7855 -0.5625 0.2580
vn -0.7101 -0.6597 0.2460
vn -0.8564 -0.4649 -0.2246
vn -0.8564 -0.4649 0.2246
vn -0.9032 -0.3875 -0.1849
vn -0.9282 -0.3359 0.1600
vn -0.9032 -0.3875 0.1849
vn -0.9429 -0.2860 -0.1707
vn -0.9282 -0.3359 -0.1600
vn -0.9429 -0.2860 0.1707
vn -0.9580 -0.2143 -0.1905
vn -0.9580 -0.2143 0.1905
vn -0.9688 -0.1422 -0.2031
vn -0.9688 -0.1422 0.2031
vn -0.9733 -0.0581 -0.2221
vn -0.9733 -0.0581 0.2221
vn -0.9713 0.0436 -0.2337
vn -0.9713 0.0436 0.2337
vn -0.9646 0.1292 -0.2300
vn -0.9646 0.1292 0.2300
vn -0.9488 0.2203 -0.2264
vn -0.9488 0.2203 0.2264
vn -0.9305 0.3324 -0.1539
vn -0.9305 0.3324 0.1539
vn -0.9180 0.3927 0.0547
vn -0.9180 0.3927 -0.0547
vn -0.8834 0.3026 0.3577
vn -0.8834 0.3026 -0.3577
vn 0.8375 -0.1660 -0.5206
vn 0.8475 -0.2514 -0.4674
vn 0.8375 -0.1660 0.5206
vn 0.8579 -0.2600 -0.4431
vn 0.8579 -0.2601 0.4431
vn 0.8475 -0.2514 0.4674
vn 0.8914 -0.2293 -0.3909
vn 0.8914 -0.2293 0.3909
vn 0.9205 -0.1690 -0.3523
vn 0.9205 -0.1690 0.3523
vn 0.9155 -0.0948 -0.3911
vn 0.9155 -0.0948 0.3911
vn 0.9376 -0.0716 -0.3402
vn 0.9376 -0.0716 0.3402
vn 0.9597 0.0040 -0.2809
vn 0.9597 0.0040 0.2809
vn 0.8547 -0.2691 -0.4440
vn 0.4954 -0.8128 -0.3064
vn -0.0125 -0.9869 -0.1608
vn -0.4093 -0.9029 -0.1317
vn 0.2049 -0.8527 0.4805
vn 0.7649 -0.3261 0.5555
vn -0.3655 -0.8872 0.2814
vn -0.6248 -0.7511 0.2130
vn 0.9625 0.0580 -0.2651
vn 0.9625 0.0580 0.2651
vn 0.9390 0.0782 -0.3348
vn 0.9390 0.0782 0.3348
vn 0.9162 0.1067 -0.3862
vn 0.9162 0.1067 0.3862
vn 0.9100 0.1448 -0.3884
vn 0.9100 0.1448 0.3884
vn 0.8935 0.1245 -0.4315
vn 0.8739 0.0553 -0.4830
vn 0.8935 0.1245 0.4315
vn 0.8824 0.0656 -0.4660
vn 0.8824 0.0656 0.4660
vn 0.8739 0.0553 0.4830
vn 0.8729 0.1213 -0.4726
vn 0.8729 0.1213 0.4726
vn 0.8020 0.1441 -0.5797
vn 0.8138 0.0259 -0.5806
vn 0.8020 0.1441 0.5797
vn 0.8762 -0.0028 -0.4819
vn 0.8603 0.0077 0.5097
vn -0.7960 -0.5929 0.1218
vn -0.8223 -0.5657 0.0621
vn -0.8028 -0.5616 -0.2006
vn -0.8447 -0.5329 -0.0497
vn -0.8728 -0.4817 0.0787
vn -0.8447 -0.5329 0.0497
vn -0.8728 -0.4817 -0.0787
vn -0.9081 -0.4135 -0.0665
vn -0.9081 -0.4135 0.0665
vn -0.9473 -0.3202 -0.0013
vn -0.9473 -0.3202 0.0013
vn -0.9684 -0.2343 0.0855
vn -0.9706 -0.1922 -0.1447
vn -0.9684 -0.2343 -0.0855
vn -0.9684 -0.1599 0.1916
vn -0.9706 -0.1922 0.1447
vn -0.9684 -0.1599 -0.1916
vn -0.9705 -0.1186 0.2100
vn -0.9705 -0.1186 -0.2100
vn -0.9747 -0.0796 0.2087
vn -0.9747 -0.0796 -0.2087
vn -0.9854 -0.0406 0.1655
vn -0.9854 -0.0406 -0.1655
vn -0.9923 0.0153 0.1225
vn -0.9923 0.0153 -0.1225
vn -0.9946 0.0648 0.0808
vn -0.9946 0.0648 -0.0808
vn -0.9922 0.1069 0.0645
vn -0.9922 0.1069 -0.0645
vn -0.9844 0.1700 0.0454
vn -0.9844 0.1700 -0.0454
vn -0.9483 0.1495 0.2800
vn -0.9483 0.1495 -0.2800
vn -0.8980 0.0525 0.4368
vn -0.8980 0.0525 -0.4368
vn 0.5231 0.0189 -0.8520
vn 0.6936 0.0599 -0.7179
vn 0.6985 -0.0215 -0.7153
vn 0.4765 -0.0320 -0.8786
vn 0.7286 -0.0592 -0.6824
vn 0.5177 -0.0404 -0.8546
vn 0.7286 -0.0592 0.6824
vn 0.6985 -0.0215 0.7153
vn 0.4765 -0.0320 0.8786
vn 0.5177 -0.0404 0.8546
vn 0.6680 -0.2844 -0.6877
vn 0.5985 -0.0876 -0.7963
vn 0.7745 -0.1008 -0.6244
vn 0.8071 -0.1699 -0.5654
vn 0.5985 -0.0876 0.7963
vn 0.7745 -0.1008 0.6244
vn 0.8179 -0.2594 -0.5136
vn 0.7144 -0.4538 -0.5327
vn 0.7144 -0.4538 0.5327
vn 0.8179 -0.2594 0.5136
vn 0.8071 -0.1699 0.5654
vn 0.6680 -0.2844 0.6877
vn 0.8470 -0.2299 -0.4793
vn 0.7735 -0.4661 -0.4294
vn 0.7735 -0.4661 0.4294
vn 0.8470 -0.2299 0.4793
vn 0.8614 -0.2113 -0.4618
vn 0.8242 -0.4353 -0.3623
vn 0.8614 -0.2113 0.4618
vn 0.8242 -0.4353 0.3623
vn 0.9754 -0.2074 -0.0750
vn 0.9356 -0.3272 -0.1326
vn 0.9123 -0.2316 -0.3378
vn 0.9260 -0.1513 -0.3460
vn 0.8776 -0.2190 0.4265
vn 0.8743 -0.4072 0.2640
vn 0.9356 -0.3272 0.1326
vn 0.9123 -0.2316 0.3378
vn 0.9917 -0.1120 -0.0623
vn 0.9279 -0.1057 -0.3574
vn 0.9754 -0.2074 0.0750
vn 0.9917 -0.1120 0.0623
vn 0.9279 -0.1057 0.3574
vn 0.9260 -0.1513 0.3460
vn 0.9358 -0.0333 -0.3509
vn 0.9989 -0.0070 -0.0457
vn 0.9358 -0.0333 0.3509
vn 0.9989 -0.0070 0.0457
vn 0.9946 0.1004 -0.0258
vn 0.9467 0.0440 -0.3192
vn 0.9946 0.1004 0.0258
vn 0.9467 0.0440 0.3192
vn 0.9874 0.1540 -0.0359
vn 0.9573 0.1011 -0.2709
vn 0.9874 0.1540 0.0359
vn 0.9573 0.1011 0.2709
vn 0.9560 0.1506 -0.2519
vn 0.9716 0.2273 -0.0662
vn 0.9560 0.1506 0.2519
vn 0.9716 0.2273 0.0662
vn 0.9416 0.2221 -0.2532
vn 0.9495 0.2993 -0.0941
vn 0.9416 0.2220 0.2532
vn 0.9495 0.2993 0.0941
vn 0.9299 0.3469 -0.1223
vn 0.9266 0.3081 -0.2154
vn 0.9120 0.3715 -0.1738
vn 0.9220 0.3465 -0.1725
vn 0.9299 0.3469 0.1223
vn 0.9266 0.3081 0.2154
vn 0.8981 0.3179 -0.3039
vn 0.8936 0.3570 -0.2720
vn 0.8981 0.3179 0.3039
vn 0.9120 0.3715 0.1738
vn 0.9220 0.3465 0.1725
vn 0.8936 0.3570 0.2720
vn 0.8168 0.3617 -0.4495
vn 0.8422 0.2395 -0.4830
vn 0.8168 0.3617 0.4495
vn 0.8422 0.2395 0.4830
vn 0.8776 -0.2190 -0.4265
vn 0.8743 -0.4072 -0.2640
vn 0.8603 0.0077 -0.5097
vn 0.8623 -0.2639 -0.4323
vn 0.5480 -0.7921 -0.2688
vn -0.0063 -0.9922 -0.1245
vn -0.4068 -0.9073 -0.1061
vn -0.8028 -0.5616 0.2006
vn 0.8547 -0.2691 0.4440
vn 0.8762 -0.0028 0.4819
vn 0.8138 0.0259 0.5806
vn 0.8118 -0.2935 0.5048
vn 0.3721 -0.8395 0.3960
vn 0.4954 -0.8128 0.3064
vn -0.2145 -0.9552 0.2040
vn -0.0125 -0.9869 0.1608
vn -0.5473 -0.8236 0.1488
vn -0.4093 -0.9029 0.1317
vn -0.8223 -0.5657 -0.0621
vn -0.7960 -0.5929 -0.1218
vn 0.6936 0.0599 0.7179
vn 0.5231 0.0189 0.8520
vn 0.6670 0.1431 -0.7312
vn 0.7151 0.2119 -0.6661
vn 0.7151 0.2119 0.6661
vn 0.6670 0.1431 0.7312
vn 0.7274 0.2420 -0.6421
vn 0.6804 0.2857 -0.6749
vn 0.6804 0.2857 0.6749
vn 0.7274 0.2420 0.6421
vn 0.7080 0.1467 -0.6908
vn 0.5877 0.1782 -0.7892
vn 0.7080 0.1467 0.6908
vn 0.5877 0.1782 0.7892
vn 0.5378 0.0678 -0.8403
vn 0.6537 0.0670 -0.7538
vn 0.5378 0.0678 0.8403
vn 0.6537 0.0670 0.7538
vn 0.6725 0.2067 -0.7106
vn 0.7033 0.1235 -0.7000
vn 0.6725 0.2067 0.7106
vn 0.7033 0.1235 0.7000
vn 0.8548 -0.0039 -0.5190
vn 0.8572 -0.0586 -0.5117
vn 0.8548 -0.0039 0.5190
vn 0.8572 -0.0586 0.5117
vn 0.8659 -0.0011 -0.5002
vn 0.8654 -0.0595 -0.4975
vn 0.8654 -0.0595 0.4975
vn 0.8659 -0.0011 0.5002
vn 0.8761 0.0066 -0.4821
vn 0.8713 -0.0535 -0.4878
vn 0.8713 -0.0535 0.4878
vn 0.8761 0.0066 0.4821
vn 0.8515 0.0565 -0.5212
vn 0.8515 0.0565 0.5212
vn 0.8784 0.0507 -0.4751
vn 0.8623 0.0450 -0.5043
vn 0.8784 0.0507 0.4751
vn 0.8623 0.0450 0.5044
vn 0.8240 0.1322 -0.5509
vn 0.8240 0.1322 0.5509
vn 0.8514 0.0746 -0.5191
vn 0.8514 0.0746 0.5191
vn 0.8814 0.0797 -0.4657
vn 0.8814 0.0797 0.4657
vn 0.8860 0.1191 -0.4481
vn 0.8377 0.0896 -0.5388
vn 0.8860 0.1191 0.4481
vn 0.8377 0.0896 0.5388
vn 0.8993 0.1893 -0.3943
vn 0.8398 0.1100 -0.5316
vn 0.8993 0.1893 0.3943
vn 0.8398 0.1100 0.5316
vn 0.7671 0.1452 -0.6249
vn 0.7671 0.1452 0.6249
vn 0.7265 0.0951 -0.6806
vn 0.7265 0.0951 0.6806
vn 0.8660 -0.1001 -0.4900
vn 0.8660 -0.1001 0.4900
vn 0.8635 -0.1009 -0.4942
vn 0.8635 -0.1009 0.4942
vn 0.8619 -0.0983 -0.4974
vn 0.8619 -0.0983 0.4974
vn 0.8623 -0.1267 -0.4902
vn 0.8623 -0.1267 0.4902
vn 0.8632 -0.1214 -0.4901
vn 0.8632 -0.1214 0.4901
vn 0.8672 -0.1299 -0.4807
vn 0.8672 -0.1299 0.4807
vn -0.8948 -0.0004 0.4464
vn -0.8948 -0.0003 -0.4464
vn -0.9076 -0.1044 0.4067
vn -0.9076 -0.1044 -0.4067
vn -0.9754 -0.0894 0.2016
vn -0.9754 -0.0894 -0.2016
vn -0.8931 -0.0070 0.4499
vn -0.8931 -0.0070 -0.4499
vn -0.8436 -0.0432 0.5352
vn -0.8436 -0.0432 -0.5352
vn -0.9631 -0.0223 0.2681
vn -0.9631 -0.0223 -0.2681
vn -0.8693 -0.0119 0.4942
vn -0.8693 -0.0119 -0.4942
vn -0.8511 -0.0216 0.5246
vn -0.8511 -0.0216 -0.5246
vn -0.8417 -0.0163 0.5397
vn -0.8417 -0.0163 -0.5397
vn -0.8866 -0.0152 0.4623
vn -0.8539 -0.0077 0.5203
vn -0.8539 -0.0077 -0.5203
vn -0.8866 -0.0152 -0.4623
vn -0.9246 -0.0404 0.3787
vn -0.9246 -0.0404 -0.3787
vn -0.9540 -0.0998 0.2827
vn -0.9540 -0.0998 -0.2827
vn -0.9658 -0.1795 0.1872
vn -0.9658 -0.1795 -0.1872
vn -0.9589 -0.2593 0.1151
vn -0.9589 -0.2593 -0.1151
vn -0.9547 -0.2665 0.1324
vn -0.9547 -0.2665 -0.1324
vn -0.9484 -0.2769 0.1547
vn -0.9484 -0.2769 -0.1547
vn -0.9206 -0.3154 0.2301
vn -0.9206 -0.3154 -0.2301
vn -0.9185 -0.2292 0.3222
vn -0.9185 -0.2292 -0.3222
vn -0.9127 -0.1471 0.3813
vn -0.9127 -0.1471 -0.3813
vn -0.8159 -0.0275 0.5775
vn -0.8159 -0.0275 -0.5775
vn -0.9098 -0.0187 0.4146
vn -0.9098 -0.0187 -0.4146
vn -0.9716 -0.0055 0.2365
vn -0.9716 -0.0055 -0.2365
vn -0.7869 -0.0152 0.6169
vn -0.7869 -0.0152 -0.6169
vn -0.8159 0.0024 0.5782
vn -0.8159 0.0023 -0.5782
vn -0.8557 0.0303 0.5166
vn -0.8557 0.0303 -0.5166
vn -0.9826 -0.0148 0.1854
vn -0.9826 -0.0148 -0.1854
vn -0.9709 -0.0264 0.2380
vn -0.9509 -0.0377 0.3071
vn -0.9509 -0.0377 -0.3071
vn -0.9709 -0.0264 -0.2380
vn -0.9538 -0.1114 0.2791
vn -0.9538 -0.1114 -0.2791
vn -0.8897 0.0423 0.4546
vn -0.8897 0.0423 -0.4546
vn -0.9156 0.0222 0.4014
vn -0.9156 0.0222 -0.4014
vn -0.9377 -0.0304 0.3462
vn -0.9377 -0.0304 -0.3462
vn -0.9568 -0.1174 0.2661
vn -0.9568 -0.1174 -0.2661
vn 0.1196 0.9928 -0.0000
vn 0.1338 0.9908 -0.0227
vn 0.1606 0.9870 0.0085
vn 0.1268 0.9919 -0.0000
vn 0.1338 0.9908 0.0227
vn 0.1606 0.9870 -0.0085
vn 0.1489 0.9887 0.0162
vn 0.2061 0.9785 -0.0064
vn 0.1489 0.9887 -0.0162
vn 0.2061 0.9785 0.0064
vn 0.1362 0.9883 0.0689
vn 0.2051 0.9767 0.0633
vn 0.1362 0.9883 -0.0689
vn 0.2051 0.9767 -0.0633
vn 0.1165 0.9532 0.2789
vn 0.1812 0.9209 0.3451
vn 0.1165 0.9532 -0.2789
vn 0.1812 0.9209 -0.3451
vn 0.0694 0.5347 0.8422
vn 0.1364 0.4454 0.8849
vn 0.0694 0.5347 -0.8422
vn 0.1364 0.4454 -0.8849
vn -0.1859 -0.5669 0.8025
vn -0.0821 -0.6927 0.7165
vn -0.1859 -0.5669 -0.8025
vn -0.0821 -0.6927 -0.7165
vn -0.1338 -0.9781 0.1592
vn -0.3036 -0.9303 0.2059
vn -0.1338 -0.9781 -0.1592
vn -0.3036 -0.9303 -0.2059
vn -0.2744 -0.9519 0.1367
vn -0.0252 -0.9982 0.0552
vn -0.2744 -0.9519 -0.1367
vn -0.0252 -0.9982 -0.0552
vn -0.2368 -0.9678 0.0857
vn 0.0152 -0.9998 0.0114
vn -0.2368 -0.9678 -0.0857
vn 0.0152 -0.9998 -0.0114
vn -0.2361 -0.9707 0.0455
vn -0.0149 -0.9998 0.0149
vn -0.2361 -0.9707 -0.0455
vn -0.0149 -0.9998 -0.0149
vn -0.2348 -0.9720 -0.0000
vn -0.0329 -0.9995 -0.0000
vn 0.3873 0.9184 0.0813
vn 0.3473 0.9377 -0.0000
vn 0.3873 0.9184 -0.0813
vn 0.4396 0.8928 -0.0982
vn 0.4264 0.9045 0.0035
vn 0.4303 0.8176 0.3825
vn 0.5630 0.1518 0.8124
vn 0.3357 -0.7945 0.5061
vn 0.1358 -0.9879 0.0752
vn 0.2141 -0.9765 -0.0270
vn 0.3271 -0.9420 -0.0749
vn 0.3648 -0.9301 -0.0425
vn 0.3209 -0.9471 -0.0000
vn 0.3648 -0.9301 0.0425
vn 0.3271 -0.9420 0.0749
vn 0.2141 -0.9764 0.0270
vn 0.1358 -0.9879 -0.0752
vn 0.3357 -0.7945 -0.5061
vn 0.5630 0.1518 -0.8124
vn 0.4303 0.8176 -0.3825
vn 0.4264 0.9045 -0.0035
vn 0.4396 0.8928 0.0982
vn 0.5298 -0.7726 -0.3499
vn 0.4474 -0.8908 0.0794
vn 0.4821 -0.8666 0.1285
vn 0.5612 -0.8153 0.1429
vn 0.5817 -0.8087 0.0877
vn 0.5477 -0.8367 -0.0000
vn 0.5817 -0.8087 -0.0877
vn 0.5612 -0.8153 -0.1429
vn 0.4821 -0.8666 -0.1285
vn 0.4474 -0.8908 -0.0794
vn 0.5298 -0.7726 0.3499
vn 0.7298 0.0913 0.6775
vn 0.6346 0.7324 0.2465
vn 0.6941 0.7112 -0.1117
vn 0.7700 0.5962 -0.2271
vn 0.8127 0.5521 -0.1862
vn 0.8403 0.5422 -0.0000
vn 0.8127 0.5521 0.1862
vn 0.7700 0.5962 0.2271
vn 0.6941 0.7112 0.1117
vn 0.6346 0.7324 -0.2465
vn 0.7298 0.0913 -0.6775
vn -0.3223 -0.9424 -0.0894
vn -0.2916 -0.9557 -0.0394
vn -0.2916 -0.9557 0.0394
vn -0.3223 -0.9424 0.0894
vn -0.2782 -0.9605 -0.0000
vn -0.3590 -0.9233 0.1363
vn -0.3590 -0.9233 -0.1363
vn -0.3612 -0.9038 0.2296
vn -0.3612 -0.9038 -0.2296
vn -0.2259 -0.5070 0.8318
vn -0.2259 -0.5070 -0.8318
vn 0.0423 0.6355 0.7709
vn 0.0423 0.6355 -0.7709
vn 0.0928 0.9738 0.2078
vn 0.0928 0.9738 -0.2078
vn 0.1125 0.9927 0.0439
vn 0.1125 0.9927 -0.0439
vn 0.1188 0.9928 0.0174
vn 0.1188 0.9928 -0.0174
vn 0.1199 0.9922 0.0336
vn 0.1199 0.9922 -0.0336
vn 0.1193 0.9929 -0.0000
vn 0.0359 0.9991 0.0238
vn 0.0526 0.9986 -0.0000
vn 0.0359 0.9991 -0.0238
vn 0.0303 0.9990 0.0321
vn 0.0303 0.9990 -0.0321
vn 0.0704 0.9961 0.0530
vn 0.0704 0.9961 -0.0530
vn 0.0886 0.9856 0.1442
vn 0.0886 0.9856 -0.1442
vn 0.0510 0.7289 0.6827
vn 0.0510 0.7289 -0.6827
vn -0.3106 -0.9492 0.0504
vn -0.3565 -0.9280 0.1081
vn -0.3565 -0.9280 -0.1081
vn -0.3106 -0.9492 -0.0504
vn -0.2685 -0.9632 0.0146
vn -0.2685 -0.9632 -0.0146
vn -0.3404 -0.9069 0.2481
vn -0.3404 -0.9069 -0.2481
vn -0.1917 -0.4035 0.8947
vn -0.1917 -0.4035 -0.8947
vn -0.2557 -0.9667 -0.0000
vn -0.0703 0.9974 -0.0152
vn -0.0552 0.9985 -0.0000
vn -0.0703 0.9974 0.0152
vn -0.0770 0.9959 -0.0476
vn -0.0770 0.9959 0.0476
vn -0.0298 0.9947 -0.0982
vn -0.0299 0.9947 0.0982
vn 0.0310 0.9930 -0.1143
vn 0.0310 0.9930 0.1143
vn 0.0352 0.7838 -0.6200
vn 0.0352 0.7838 0.6200
vn -0.1471 -0.3772 -0.9144
vn -0.1471 -0.3772 0.9144
vn -0.2441 -0.9697 0.0066
vn -0.2373 -0.9714 -0.0000
vn -0.2441 -0.9697 -0.0066
vn -0.2593 -0.9658 -0.0085
vn -0.2593 -0.9658 0.0085
vn -0.2609 -0.9622 -0.0775
vn -0.2609 -0.9622 0.0775
vn -0.2391 -0.9351 -0.2617
vn -0.2391 -0.9351 0.2617
vn -0.1833 0.9815 -0.0549
vn -0.1979 0.9802 -0.0000
vn -0.1833 0.9815 0.0549
vn -0.1693 0.9849 0.0360
vn -0.1693 0.9849 -0.0360
vn -0.1398 0.9813 0.1326
vn -0.1398 0.9813 -0.1326
vn -0.1909 -0.3458 0.9187
vn -0.0706 0.8350 0.5458
vn -0.0706 0.8350 -0.5458
vn -0.1909 -0.3458 -0.9187
vn -0.0843 0.9887 0.1241
vn -0.0843 0.9887 -0.1241
vn -0.2669 -0.9637 -0.0000
vn -0.2675 -0.9635 -0.0095
vn -0.2675 -0.9635 0.0095
vn -0.2596 -0.9657 0.0056
vn -0.2596 -0.9657 -0.0056
vn -0.2353 -0.9672 0.0963
vn -0.2353 -0.9672 -0.0963
vn -0.2108 -0.9342 0.2878
vn -0.2108 -0.9342 -0.2878
vn -0.3360 0.9419 -0.0000
vn -0.3166 0.9464 0.0645
vn -0.3166 0.9464 -0.0645
vn -0.2861 0.9581 0.0124
vn -0.2861 0.9581 -0.0124
vn -0.2580 0.9575 0.1289
vn -0.2580 0.9575 -0.1290
vn -0.1967 0.9706 0.1385
vn -0.1967 0.9706 -0.1385
vn -0.1984 0.8224 0.5333
vn -0.1984 0.8224 -0.5333
vn -0.2806 -0.3131 0.9073
vn -0.2805 -0.3131 -0.9074
vn -0.2307 -0.9194 0.3187
vn -0.2307 -0.9194 -0.3187
vn -0.2708 -0.9525 0.1393
vn -0.2708 -0.9525 -0.1393
vn -0.3068 -0.9511 0.0357
vn -0.3068 -0.9511 -0.0357
vn -0.3316 -0.9434 0.0079
vn -0.3316 -0.9434 -0.0079
vn -0.3326 -0.9431 -0.0000
vn -0.4504 0.8928 -0.0000
vn -0.4285 0.9027 -0.0390
vn -0.4285 0.9027 0.0390
vn -0.4775 0.8786 -0.0000
vn -0.4625 0.8866 0.0038
vn -0.4625 0.8866 -0.0038
vn -0.2689 0.9632 -0.0000
vn -0.2823 0.9575 0.0589
vn -0.2823 0.9575 -0.0589
vn 0.7354 0.6776 -0.0000
vn 0.1728 0.9850 -0.0000
vn 0.1600 0.9802 0.1170
vn 0.7255 0.6739 0.1400
vn 0.1600 0.9802 -0.1170
vn 0.7255 0.6739 -0.1400
vn 0.9959 0.0903 -0.0000
vn 0.9889 0.0859 -0.1214
vn 0.9889 0.0859 0.1214
vn 0.9426 -0.3339 -0.0000
vn 0.9256 -0.3590 -0.1195
vn 0.9256 -0.3590 0.1195
vn 0.7302 -0.6832 -0.0000
vn 0.7064 -0.6953 -0.1323
vn 0.7064 -0.6953 0.1323
vn 0.4051 -0.9054 -0.1270
vn 0.4156 -0.9095 -0.0000
vn 0.4051 -0.9054 0.1270
vn 0.1519 -0.9829 0.1042
vn 0.1484 -0.9889 -0.0000
vn 0.1519 -0.9829 -0.1042
vn -0.1132 -0.9913 0.0673
vn -0.1252 -0.9921 -0.0000
vn -0.1132 -0.9913 -0.0673
vn -0.3394 -0.9406 -0.0000
vn -0.3339 -0.9420 0.0337
vn -0.3339 -0.9420 -0.0337
vn -0.3782 -0.9254 -0.0254
vn -0.3795 -0.9252 -0.0000
vn -0.3782 -0.9254 0.0254
vn -0.3966 -0.9180 -0.0000
vn -0.4022 -0.9152 -0.0258
vn -0.4022 -0.9152 0.0258
vn -0.3960 0.9182 -0.0094
vn -0.3960 0.9182 0.0094
vn -0.3784 0.9199 -0.1026
vn -0.3784 0.9199 0.1026
vn -0.3163 0.9357 -0.1565
vn -0.3163 0.9357 0.1565
vn -0.3574 0.6912 -0.6281
vn -0.3574 0.6912 0.6281
vn -0.3463 -0.4253 -0.8362
vn -0.3463 -0.4253 0.8362
vn -0.3637 -0.9286 -0.0737
vn -0.3637 -0.9286 0.0737
vn -0.3262 -0.9256 -0.1917
vn -0.3262 -0.9256 0.1917
vn -0.2620 -0.8928 -0.3663
vn -0.2620 -0.8928 0.3663
vn -0.2909 -0.8573 -0.4248
vn -0.3590 -0.8985 -0.2528
vn -0.3590 -0.8985 0.2528
vn -0.2909 -0.8573 0.4248
vn -0.3972 -0.9120 -0.1027
vn -0.3972 -0.9120 0.1027
vn -0.3842 -0.5562 -0.7370
vn -0.3842 -0.5562 0.7370
vn -0.4886 0.4426 -0.7519
vn -0.4886 0.4426 0.7519
vn -0.3860 0.8849 -0.2605
vn -0.3860 0.8849 0.2605
vn -0.4262 0.8978 -0.1108
vn -0.4262 0.8978 0.1108
vn -0.4369 0.8990 -0.0292
vn -0.4369 0.8990 0.0292
vn -0.2893 0.9501 0.1168
vn -0.2893 0.9501 -0.1168
vn -0.2951 0.9285 0.2255
vn -0.2951 0.9285 -0.2255
vn -0.2982 0.8196 0.4893
vn -0.2982 0.8196 -0.4893
vn -0.4496 0.1470 0.8810
vn -0.4496 0.1470 -0.8810
vn -0.3803 -0.6643 0.6434
vn -0.3803 -0.6643 -0.6434
vn -0.2887 -0.8444 0.4512
vn -0.2887 -0.8444 -0.4512
vn -0.2954 -0.9068 0.3007
vn -0.2954 -0.9068 -0.3007
vn -0.3162 -0.9390 0.1353
vn -0.3162 -0.9390 -0.1353
vn 0.1160 0.9678 0.2233
vn 0.1160 0.9678 -0.2233
vn 0.6947 0.6795 0.2361
vn 0.6947 0.6795 -0.2361
vn 0.9859 0.0438 0.1614
vn 0.9859 0.0438 -0.1614
vn 0.8840 -0.4409 0.1552
vn 0.8840 -0.4409 -0.1552
vn 0.0708 0.9182 0.3897
vn 0.6593 0.6178 0.4286
vn 0.6593 0.6178 -0.4286
vn 0.0708 0.9182 -0.3897
vn 0.0278 0.6506 0.7589
vn -0.1153 -0.2287 0.9666
vn 0.0278 0.6506 -0.7589
vn -0.1153 -0.2287 -0.9666
vn 0.5813 0.1688 0.7960
vn 0.5813 0.1688 -0.7960
vn -0.1748 -0.7904 0.5871
vn -0.1748 -0.7904 -0.5871
vn -0.0987 -0.9805 0.1701
vn -0.0987 -0.9805 -0.1701
vn -0.1198 -0.9459 0.3016
vn -0.1198 -0.9459 -0.3016
vn -0.1618 -0.8887 0.4291
vn -0.1618 -0.8887 -0.4291
vn 0.9525 -0.0887 0.2915
vn 0.9525 -0.0887 -0.2915
vn 0.7754 -0.5735 0.2642
vn 0.7754 -0.5735 -0.2642
vn 0.6535 -0.7349 0.1816
vn 0.6535 -0.7349 -0.1816
vn 0.5646 -0.7784 0.2744
vn 0.5646 -0.7784 -0.2744
vn 0.3408 -0.5572 0.7572
vn 0.3408 -0.5572 -0.7572
vn 0.8111 -0.3462 0.4714
vn 0.8111 -0.3462 -0.4714
vn 0.1812 -0.8453 0.5027
vn 0.1812 -0.8453 -0.5027
vn 0.5972 -0.6630 0.4514
vn 0.5972 -0.6630 -0.4514
vn 0.0898 -0.9225 0.3753
vn 0.0898 -0.9225 -0.3753
vn 0.1495 -0.9718 0.1824
vn 0.1495 -0.9718 -0.1824
vn 0.1130 -0.9594 0.2585
vn 0.1130 -0.9594 -0.2585
vn 0.3787 -0.9079 0.1797
vn 0.3787 -0.9079 -0.1797
vn 0.3357 -0.9117 0.2369
vn 0.3357 -0.9117 -0.2369
vn 0.4342 -0.8126 -0.3889
vn 0.4342 -0.8126 0.3889
vn 0.2946 -0.8975 -0.3281
vn 0.2946 -0.8975 0.3281
vt 0.310084 0.490985
vt 0.315766 0.489508
vt 0.317112 0.498117
vt 0.311819 0.498046
vt 0.315539 0.506691
vt 0.309896 0.505059
vt 0.307497 0.487261
vt 0.312850 0.484639
vt 0.312494 0.511484
vt 0.307210 0.508714
vt 0.303619 0.483814
vt 0.307842 0.480138
vt 0.307365 0.515853
vt 0.303241 0.512057
vt 0.290040 0.480971
vt 0.292698 0.474252
vt 0.292072 0.521330
vt 0.289610 0.514527
vt 0.283141 0.477432
vt 0.284682 0.471964
vt 0.284004 0.523395
vt 0.282643 0.517878
vt 0.268084 0.476647
vt 0.266892 0.471094
vt 0.266138 0.523730
vt 0.267580 0.518235
vt 0.249983 0.517697
vt 0.253712 0.514217
vt 0.254306 0.479996
vt 0.250754 0.476375
vt 0.240958 0.508810
vt 0.246115 0.506593
vt 0.246509 0.487105
vt 0.241466 0.484718
vt 0.238036 0.496664
vt 0.243792 0.496758
vt 0.275775 0.476430
vt 0.275853 0.470858
vt 0.275275 0.518673
vt 0.275147 0.524250
vt 0.259961 0.516936
vt 0.257596 0.521532
vt 0.260527 0.477652
vt 0.258389 0.472951
vt 0.264182 0.507307
vt 0.265483 0.508936
vt 0.262214 0.509608
vt 0.262312 0.507473
vt 0.262247 0.487136
vt 0.262326 0.485056
vt 0.265478 0.485922
vt 0.264039 0.487483
vt 0.265875 0.505933
vt 0.267731 0.506849
vt 0.267676 0.488123
vt 0.265706 0.489000
vt 0.267008 0.503909
vt 0.269212 0.504581
vt 0.269166 0.490471
vt 0.266878 0.491143
vt 0.260693 0.506537
vt 0.258267 0.508051
vt 0.258472 0.486270
vt 0.260673 0.487869
vt 0.258888 0.504386
vt 0.256144 0.505591
vt 0.256329 0.488487
vt 0.258903 0.489730
vt 0.254582 0.502847
vt 0.257847 0.501875
vt 0.257856 0.492055
vt 0.254722 0.491060
vt 0.257438 0.499276
vt 0.253616 0.499878
vt 0.253690 0.493927
vt 0.257441 0.494552
vt 0.257374 0.496900
vt 0.253311 0.496886
vt 0.267833 0.501596
vt 0.269954 0.502132
vt 0.269923 0.492974
vt 0.267759 0.493525
vt 0.268280 0.499326
vt 0.270314 0.499790
vt 0.270299 0.495344
vt 0.268251 0.495826
vt 0.268244 0.497580
vt 0.270215 0.497571
vt 0.303354 0.506172
vt 0.299949 0.508221
vt 0.300225 0.487553
vt 0.303575 0.489695
vt 0.305665 0.503603
vt 0.305816 0.492325
vt 0.307387 0.497986
vt 0.291484 0.487185
vt 0.291212 0.508350
vt 0.289006 0.488000
vt 0.284425 0.484700
vt 0.284123 0.510650
vt 0.288761 0.507471
vt 0.287077 0.490449
vt 0.283371 0.488930
vt 0.283176 0.506394
vt 0.286899 0.504976
vt 0.282591 0.503248
vt 0.285912 0.502654
vt 0.286030 0.492749
vt 0.282710 0.492069
vt 0.282273 0.500402
vt 0.285491 0.500202
vt 0.285550 0.495193
vt 0.282330 0.494913
vt 0.282180 0.497657
vt 0.285323 0.497695
vt 0.328979 0.449482
vt 0.333665 0.450485
vt 0.327723 0.547177
vt 0.332456 0.546289
vt 0.334266 0.461667
vt 0.330301 0.461925
vt 0.329374 0.534714
vt 0.333346 0.535075
vt 0.336991 0.468105
vt 0.332746 0.469122
vt 0.332011 0.527557
vt 0.336242 0.528684
vt 0.339672 0.471602
vt 0.336319 0.474320
vt 0.335723 0.522436
vt 0.339017 0.525244
vt 0.344269 0.475503
vt 0.341666 0.478979
vt 0.341193 0.517900
vt 0.343718 0.521445
vt 0.346889 0.477305
vt 0.346281 0.481950
vt 0.345886 0.515036
vt 0.346385 0.519701
vt 0.351012 0.479120
vt 0.351524 0.483708
vt 0.351176 0.513401
vt 0.350557 0.517981
vt 0.354476 0.479238
vt 0.356201 0.483972
vt 0.355864 0.513246
vt 0.354027 0.517944
vt 0.360892 0.478562
vt 0.362634 0.483038
vt 0.362282 0.514328
vt 0.360436 0.518770
vt 0.366311 0.476598
vt 0.368245 0.481364
vt 0.367864 0.516130
vt 0.365820 0.520860
vt 0.371185 0.474368
vt 0.373855 0.478431
vt 0.373419 0.519192
vt 0.370654 0.523204
vt 0.374850 0.471361
vt 0.378515 0.474233
vt 0.377999 0.523498
vt 0.374263 0.526298
vt 0.376965 0.465972
vt 0.382077 0.468728
vt 0.381454 0.529092
vt 0.376270 0.531749
vt 0.378658 0.460369
vt 0.384291 0.462389
vt 0.383546 0.535497
vt 0.377850 0.537408
vt 0.379226 0.455606
vt 0.385270 0.455694
vt 0.384392 0.542236
vt 0.378322 0.542202
vt 0.378037 0.448841
vt 0.385164 0.448904
vt 0.384149 0.549053
vt 0.376988 0.548971
vt 0.376844 0.444055
vt 0.384077 0.442663
vt 0.382931 0.555303
vt 0.375690 0.553756
vt 0.374452 0.438236
vt 0.379692 0.433876
vt 0.378343 0.564050
vt 0.373163 0.559556
vt 0.375203 0.429287
vt 0.370854 0.434423
vt 0.369464 0.563314
vt 0.373731 0.568573
vt 0.365597 0.431030
vt 0.369102 0.425797
vt 0.367515 0.571957
vt 0.364102 0.566613
vt 0.357857 0.429024
vt 0.361414 0.423936
vt 0.359734 0.573663
vt 0.356267 0.568459
vt 0.350752 0.428920
vt 0.352718 0.422763
vt 0.350949 0.574645
vt 0.349113 0.568398
vt 0.345252 0.423877
vt 0.346157 0.430183
vt 0.344518 0.567017
vt 0.343454 0.573346
vt 0.339228 0.426917
vt 0.341919 0.431489
vt 0.340284 0.565599
vt 0.337461 0.570137
vt 0.333967 0.431420
vt 0.338081 0.434576
vt 0.336497 0.562397
vt 0.332277 0.565471
vt 0.334949 0.439677
vt 0.329904 0.437768
vt 0.328350 0.558979
vt 0.333474 0.557187
vt 0.326041 0.448552
vt 0.324747 0.548034
vt 0.327181 0.461611
vt 0.326235 0.534948
vt 0.329583 0.470677
vt 0.328880 0.525916
vt 0.333385 0.476238
vt 0.332832 0.520440
vt 0.338592 0.481265
vt 0.338172 0.515535
vt 0.344081 0.485383
vt 0.343767 0.511546
vt 0.349965 0.487657
vt 0.349709 0.509412
vt 0.356278 0.488110
vt 0.356037 0.509106
vt 0.362763 0.487152
vt 0.362505 0.510213
vt 0.368999 0.484859
vt 0.368696 0.512648
vt 0.375198 0.481237
vt 0.374824 0.516410
vt 0.380574 0.476514
vt 0.380109 0.521255
vt 0.384903 0.470561
vt 0.384326 0.527312
vt 0.387794 0.463612
vt 0.387084 0.534340
vt 0.389445 0.456123
vt 0.388592 0.541890
vt 0.389892 0.448443
vt 0.388890 0.549610
vt 0.389152 0.441052
vt 0.388000 0.557023
vt 0.384195 0.429912
vt 0.382793 0.568130
vt 0.378955 0.424207
vt 0.377403 0.573766
vt 0.371557 0.419208
vt 0.369848 0.578646
vt 0.362027 0.416599
vt 0.360188 0.581069
vt 0.352448 0.415877
vt 0.350517 0.581580
vt 0.344151 0.417879
vt 0.342200 0.579365
vt 0.336812 0.422232
vt 0.334910 0.574798
vt 0.330967 0.428175
vt 0.329173 0.568663
vt 0.327322 0.436310
vt 0.325715 0.560379
vt 0.331678 0.450203
vt 0.332516 0.439017
vt 0.336261 0.433427
vt 0.340762 0.429627
vt 0.345718 0.427466
vt 0.351842 0.426326
vt 0.359825 0.427136
vt 0.366987 0.429132
vt 0.372558 0.432565
vt 0.376404 0.436520
vt 0.379910 0.443624
vt 0.381169 0.449098
vt 0.381637 0.455418
vt 0.380959 0.461305
vt 0.379092 0.467015
vt 0.376300 0.472192
vt 0.372379 0.475970
vt 0.367195 0.478669
vt 0.361707 0.480430
vt 0.355410 0.481249
vt 0.351383 0.481048
vt 0.346744 0.479396
vt 0.342832 0.476910
vt 0.338292 0.472839
vt 0.335075 0.468416
vt 0.332872 0.461862
vt 0.330453 0.546522
vt 0.331010 0.557789
vt 0.334637 0.563508
vt 0.339073 0.567445
vt 0.344010 0.569743
vt 0.350150 0.571036
vt 0.358205 0.570404
vt 0.365459 0.568553
vt 0.371138 0.565219
vt 0.375090 0.561322
vt 0.378762 0.554252
vt 0.380139 0.548778
vt 0.380739 0.542439
vt 0.380179 0.536516
vt 0.378425 0.530748
vt 0.375735 0.525496
vt 0.371886 0.521625
vt 0.366752 0.518806
vt 0.361295 0.516918
vt 0.355010 0.515953
vt 0.350972 0.516060
vt 0.346290 0.517604
vt 0.342311 0.520000
vt 0.337664 0.523970
vt 0.334328 0.528324
vt 0.331952 0.534843
vt 0.322066 0.447597
vt 0.320729 0.548890
vt 0.323096 0.461532
vt 0.322136 0.534920
vt 0.316567 0.446056
vt 0.315162 0.550292
vt 0.325985 0.471518
vt 0.325296 0.524979
vt 0.329966 0.478321
vt 0.329460 0.518266
vt 0.335378 0.483789
vt 0.335016 0.512928
vt 0.341626 0.488401
vt 0.341383 0.508466
vt 0.348429 0.490993
vt 0.348251 0.506037
vt 0.355675 0.491713
vt 0.355517 0.505487
vt 0.362616 0.490755
vt 0.362439 0.506604
vt 0.369668 0.488750
vt 0.369450 0.508768
vt 0.377257 0.485017
vt 0.376966 0.512669
vt 0.383300 0.479151
vt 0.382896 0.518670
vt 0.388000 0.472450
vt 0.387468 0.525481
vt 0.391605 0.464988
vt 0.390934 0.533036
vt 0.393945 0.456807
vt 0.393122 0.541291
vt 0.395264 0.448284
vt 0.394283 0.549875
vt 0.395231 0.440420
vt 0.394099 0.557777
vt 0.390701 0.425783
vt 0.389259 0.572413
vt 0.384244 0.418446
vt 0.382614 0.579676
vt 0.374352 0.412673
vt 0.372527 0.585293
vt 0.363136 0.409438
vt 0.361149 0.588315
vt 0.352541 0.409199
vt 0.350456 0.588318
vt 0.342377 0.411858
vt 0.340264 0.585395
vt 0.333518 0.417195
vt 0.331463 0.579793
vt 0.327276 0.424643
vt 0.325364 0.572126
vt 0.323681 0.433642
vt 0.321980 0.562969
vt 0.317416 0.461026
vt 0.316427 0.535274
vt 0.321360 0.472211
vt 0.320680 0.524161
vt 0.326101 0.480022
vt 0.325633 0.516461
vt 0.331781 0.486516
vt 0.331484 0.510107
vt 0.337308 0.492287
vt 0.337158 0.504471
vt 0.347005 0.494274
vt 0.346905 0.502721
vt 0.355225 0.494891
vt 0.355140 0.502298
vt 0.362553 0.494511
vt 0.362459 0.502846
vt 0.370746 0.493088
vt 0.370623 0.504451
vt 0.381377 0.489943
vt 0.381192 0.507825
vt 0.387612 0.481932
vt 0.387270 0.515974
vt 0.392128 0.474565
vt 0.391648 0.523444
vt 0.396052 0.466651
vt 0.395427 0.531456
vt 0.399110 0.457962
vt 0.398329 0.540231
vt 0.401322 0.449107
vt 0.400383 0.549164
vt 0.402482 0.440478
vt 0.401388 0.557855
vt 0.400217 0.422041
vt 0.398768 0.576360
vt 0.393789 0.411116
vt 0.392090 0.587249
vt 0.379476 0.403379
vt 0.377505 0.594773
vt 0.365019 0.399671
vt 0.362837 0.598215
vt 0.351616 0.399143
vt 0.349292 0.598451
vt 0.339201 0.402706
vt 0.336835 0.594558
vt 0.328957 0.410079
vt 0.326680 0.586858
vt 0.321919 0.419497
vt 0.319829 0.577174
vt 0.317938 0.430449
vt 0.316113 0.566032
vt 0.354972 0.498592
vt 0.346702 0.498494
vt 0.337526 0.498382
vt 0.329267 0.498277
vt 0.328478 0.503588
vt 0.328613 0.492949
vt 0.325742 0.487702
vt 0.325472 0.508763
vt 0.321665 0.481153
vt 0.321221 0.515211
vt 0.316852 0.493953
vt 0.311524 0.494658
vt 0.307078 0.495137
vt 0.316743 0.502274
vt 0.311434 0.501426
vt 0.307002 0.500826
vt 0.315869 0.473497
vt 0.315216 0.522724
vt 0.300740 0.476693
vt 0.297893 0.481628
vt 0.295957 0.486664
vt 0.300171 0.519106
vt 0.297460 0.514085
vt 0.295661 0.508992
vt 0.308643 0.461803
vt 0.307662 0.534256
vt 0.297029 0.457683
vt 0.295910 0.538068
vt 0.286453 0.455446
vt 0.285233 0.540006
vt 0.276114 0.454299
vt 0.274801 0.540838
vt 0.265761 0.455210
vt 0.264401 0.539577
vt 0.255558 0.457853
vt 0.254187 0.536541
vt 0.245505 0.461639
vt 0.244161 0.532310
vt 0.222255 0.470324
vt 0.221136 0.522556
vt 0.218386 0.496297
vt 0.322031 0.488422
vt 0.317128 0.482656
vt 0.311382 0.476836
vt 0.303981 0.471173
vt 0.294876 0.467579
vt 0.285451 0.465475
vt 0.275810 0.464784
vt 0.266229 0.465296
vt 0.256762 0.467457
vt 0.247609 0.471421
vt 0.234067 0.480075
vt 0.230006 0.496517
vt 0.233351 0.513201
vt 0.246626 0.522544
vt 0.255751 0.526967
vt 0.265247 0.529503
vt 0.274880 0.530327
vt 0.284564 0.529918
vt 0.294056 0.528077
vt 0.303260 0.524726
vt 0.310817 0.519257
vt 0.316721 0.513585
vt 0.321778 0.507945
vt 0.322534 0.502997
vt 0.322951 0.498195
vt 0.322658 0.493385
vt 0.362532 0.498678
vt 0.370337 0.498765
vt 0.380445 0.498873
vt 0.390060 0.498972
vt 0.391080 0.506857
vt 0.391235 0.491112
vt 0.393843 0.514208
vt 0.394139 0.483825
vt 0.396938 0.521499
vt 0.397369 0.476609
vt 0.399384 0.506160
vt 0.401138 0.513124
vt 0.401402 0.485047
vt 0.399519 0.491969
vt 0.398557 0.499055
vt 0.403524 0.520266
vt 0.403917 0.477963
vt 0.202495 0.523271
vt 0.204083 0.496013
vt 0.203696 0.468840
vt 0.398372 0.293858
vt 0.390479 0.318639
vt 0.359773 0.310055
vt 0.358824 0.282008
vt 0.354170 0.717699
vt 0.355659 0.689055
vt 0.387082 0.680837
vt 0.394752 0.706190
vt 0.307130 0.309197
vt 0.309308 0.271337
vt 0.303161 0.727605
vt 0.301884 0.688764
vt 0.276531 0.317783
vt 0.265576 0.283385
vt 0.258603 0.714016
vt 0.270854 0.679140
vt 0.247238 0.332427
vt 0.216836 0.296773
vt 0.209054 0.698672
vt 0.241387 0.663276
vt 0.230432 0.358740
vt 0.206938 0.344432
vt 0.200662 0.649566
vt 0.225157 0.635857
vt 0.221525 0.384873
vt 0.202334 0.378442
vt 0.197300 0.614718
vt 0.217064 0.608944
vt 0.217510 0.409432
vt 0.200765 0.407796
vt 0.196910 0.584836
vt 0.213943 0.583877
vt 0.216894 0.432049
vt 0.201580 0.432812
vt 0.198790 0.559541
vt 0.214218 0.560969
vt 0.202020 0.451443
vt 0.218268 0.451386
vt 0.200040 0.540740
vt 0.216377 0.541507
vt 0.418052 0.298238
vt 0.419357 0.333540
vt 0.416635 0.666136
vt 0.414840 0.701987
vt 0.456210 0.336368
vt 0.444198 0.352217
vt 0.442043 0.647552
vt 0.453994 0.663740
vt 0.478420 0.360145
vt 0.464805 0.371468
vt 0.463112 0.628356
vt 0.476725 0.639954
vt 0.496930 0.385447
vt 0.495680 0.614623
vt 0.553459 0.454046
vt 0.553152 0.546137
vt 0.579794 0.500128
vt 0.357690 0.263658
vt 0.708610 0.528371
vt 0.322493 0.251596
vt 0.708304 0.497123
vt 0.316254 0.748227
vt 0.708304 0.425484
vt 0.352699 0.736493
vt 0.708610 0.394235
vt 0.391625 0.270141
vt 0.719617 0.555534
vt 0.387563 0.730315
vt 0.719617 0.367073
vt 0.414776 0.269465
vt 0.734840 0.569817
vt 0.430991 0.294180
vt 0.427941 0.706252
vt 0.411186 0.731252
vt 0.734840 0.352790
vt 0.448025 0.287865
vt 0.434824 0.269894
vt 0.747478 0.582970
vt 0.431614 0.730984
vt 0.747478 0.339637
vt 0.445180 0.712829
vt 0.455377 0.240661
vt 0.777873 0.597412
vt 0.833356 0.804699
vt 0.472575 0.247526
vt 0.469776 0.753923
vt 0.452302 0.760781
vt 0.777873 0.325194
vt 0.840223 0.325194
vt 0.463070 0.215701
vt 0.448128 0.217401
vt 0.832204 0.786075
vt 0.444831 0.784307
vt 0.839071 0.343819
vt 0.459958 0.786111
vt 0.436390 0.195072
vt 0.830581 0.766560
vt 0.448987 0.190266
vt 0.445554 0.811796
vt 0.432822 0.806861
vt 0.837448 0.363334
vt 0.424143 0.172606
vt 0.326428 0.163806
vt 0.830807 0.746459
vt 0.435192 0.165600
vt 0.316870 0.153099
vt 0.307291 0.850061
vt 0.431452 0.836704
vt 0.420299 0.829549
vt 0.317540 0.839329
vt 0.837675 0.383435
vt 0.830523 0.726339
vt 0.307062 0.184289
vt 0.296810 0.175125
vt 0.287328 0.826609
vt 0.298235 0.817494
vt 0.837391 0.403555
vt 0.294309 0.204863
vt 0.829461 0.709441
vt 0.283386 0.199471
vt 0.274296 0.801004
vt 0.285758 0.795801
vt 0.836329 0.420453
vt 0.285274 0.227900
vt 0.711435 0.461773
vt 0.833356 0.692296
vt 0.274048 0.228302
vt 0.265611 0.770934
vt 0.277185 0.771704
vt 0.711435 0.460834
vt 0.840223 0.437598
vt 0.299297 0.239516
vt 0.712219 0.476329
vt 0.285025 0.248682
vt 0.277555 0.750258
vt 0.292011 0.760115
vt 0.712219 0.446278
vt 0.466733 0.143556
vt 0.286776 0.123462
vt 0.478907 0.171828
vt 0.475755 0.830629
vt 0.463279 0.859194
vt 0.275157 0.879633
vt 0.495710 0.125865
vt 0.259239 0.098080
vt 0.511026 0.152561
vt 0.508171 0.850306
vt 0.492530 0.877253
vt 0.245801 0.904875
vt 0.272104 0.495144
vt 0.272169 0.497574
vt 0.272103 0.499995
vt 0.271815 0.492607
vt 0.271810 0.502510
vt 0.265016 0.508357
vt 0.266765 0.506423
vt 0.268020 0.504227
vt 0.268747 0.501868
vt 0.269112 0.499612
vt 0.269158 0.497575
vt 0.269087 0.495528
vt 0.268692 0.493240
vt 0.267930 0.490819
vt 0.266658 0.488530
vt 0.264969 0.486479
vt 0.262259 0.485861
vt 0.259144 0.486996
vt 0.257312 0.489132
vt 0.255928 0.491604
vt 0.255094 0.494254
vt 0.254823 0.496895
vt 0.255045 0.499567
vt 0.255837 0.502313
vt 0.257190 0.504956
vt 0.259009 0.507342
vt 0.262209 0.508782
vt 0.270950 0.505158
vt 0.270960 0.489911
vt 0.269311 0.507761
vt 0.269336 0.487235
vt 0.266533 0.510078
vt 0.266607 0.484813
vt 0.261989 0.510801
vt 0.262184 0.483870
vt 0.257517 0.508916
vt 0.257792 0.485388
vt 0.254773 0.506573
vt 0.255035 0.487486
vt 0.252731 0.503668
vt 0.252933 0.490212
vt 0.251700 0.500318
vt 0.251807 0.493455
vt 0.251464 0.496869
vt 0.276288 0.500358
vt 0.276339 0.497597
vt 0.276321 0.494832
vt 0.276025 0.491955
vt 0.275958 0.503216
vt 0.275243 0.488862
vt 0.275137 0.506272
vt 0.273394 0.485503
vt 0.273243 0.509570
vt 0.269443 0.481841
vt 0.269210 0.513129
vt 0.261788 0.481805
vt 0.261461 0.512879
vt 0.256527 0.482881
vt 0.256087 0.511416
vt 0.252570 0.485390
vt 0.252162 0.508610
vt 0.249990 0.488767
vt 0.249686 0.505036
vt 0.248653 0.492681
vt 0.248493 0.501005
vt 0.248187 0.496824
vt 0.278786 0.506594
vt 0.279031 0.503376
vt 0.279076 0.500439
vt 0.278985 0.497622
vt 0.279123 0.494805
vt 0.279130 0.491857
vt 0.278948 0.488621
vt 0.371001 0.381603
vt 0.353814 0.379762
vt 0.351071 0.618101
vt 0.368500 0.616605
vt 0.355992 0.359621
vt 0.377760 0.363307
vt 0.374975 0.635262
vt 0.352833 0.638563
vt 0.400683 0.371401
vt 0.398326 0.627481
vt 0.390874 0.388127
vt 0.388714 0.610396
vt 0.530870 0.106277
vt 0.224267 0.070485
vt 0.545826 0.133915
vt 0.543298 0.869358
vt 0.528023 0.897255
vt 0.208675 0.932116
vt 0.569880 0.087504
vt 0.184282 0.044383
vt 0.583755 0.115740
vt 0.581588 0.887940
vt 0.567410 0.916443
vt 0.166414 0.957614
vt 0.611751 0.068665
vt 0.139020 0.021594
vt 0.624589 0.098160
vt 0.622816 0.905924
vt 0.609686 0.935704
vt 0.118818 0.979484
vt 0.655893 0.051199
vt 0.654263 0.953584
vt 0.091171 0.000470
vt 0.068609 0.999530
vt 0.668134 0.080747
vt 0.666787 0.923746
vt 0.264615 0.148858
vt 0.253162 0.852617
vt 0.238260 0.126288
vt 0.225145 0.874987
vt 0.206016 0.099952
vt 0.190896 0.901017
vt 0.168453 0.075647
vt 0.151215 0.924740
vt 0.124272 0.054848
vt 0.104816 0.944590
vt 0.077532 0.034661
vt 0.055788 0.963706
vt 0.493173 0.197899
vt 0.490344 0.804310
vt 0.525133 0.179688
vt 0.522596 0.822923
vt 0.559213 0.162151
vt 0.556991 0.840853
vt 0.596212 0.145514
vt 0.594341 0.857877
vt 0.636507 0.129178
vt 0.635023 0.874601
vt 0.679728 0.111338
vt 0.678659 0.892853
vt 0.248246 0.178510
vt 0.237305 0.821434
vt 0.219075 0.156834
vt 0.206433 0.842768
vt 0.186254 0.132295
vt 0.171671 0.866905
vt 0.150571 0.110351
vt 0.134028 0.888247
vt 0.108341 0.092455
vt 0.089757 0.905159
vt 0.062856 0.074692
vt 0.042116 0.921809
vt 0.510529 0.223760
vt 0.508067 0.778228
vt 0.607333 0.177624
vt 0.572003 0.191807
vt 0.570092 0.810916
vt 0.605755 0.825451
vt 0.540454 0.207170
vt 0.538258 0.795195
vt 0.647356 0.164202
vt 0.646168 0.839227
vt 0.691753 0.149409
vt 0.691000 0.854399
vt 0.655481 0.201969
vt 0.701627 0.193120
vt 0.701186 0.810239
vt 0.654570 0.801073
vt 0.658472 0.238616
vt 0.706864 0.235649
vt 0.706673 0.767266
vt 0.657775 0.764039
vt 0.707365 0.277589
vt 0.707365 0.724881
vt 0.655492 0.274739
vt 0.654945 0.727519
vt 0.616322 0.388015
vt 0.665326 0.581469
vt 0.665134 0.419517
vt 0.616008 0.612979
vt 0.629521 0.535801
vt 0.629416 0.464755
vt 0.588076 0.424214
vt 0.587766 0.576357
vt 0.048963 0.120652
vt 0.029486 0.873810
vt 0.093475 0.133388
vt 0.075938 0.862335
vt 0.085106 0.170128
vt 0.039634 0.162037
vt 0.021424 0.830703
vt 0.068687 0.824090
vt 0.721961 0.306449
vt 0.043716 0.277864
vt 0.728795 0.324255
vt 0.728795 0.000470
vt 0.015316 0.267941
vt 0.000470 0.720376
vt 0.721962 0.018276
vt 0.030190 0.711263
vt 0.746507 0.299374
vt 0.752124 0.315919
vt 0.752125 0.008806
vt 0.746507 0.025351
vt 0.741507 0.283604
vt 0.715945 0.289281
vt 0.067774 0.293442
vt 0.715945 0.035444
vt 0.055658 0.696151
vt 0.741508 0.041121
vt 0.738381 0.268581
vt 0.713194 0.272671
vt 0.083166 0.314832
vt 0.713194 0.052054
vt 0.072431 0.674709
vt 0.738381 0.056143
vt 0.735500 0.241246
vt 0.712167 0.246409
vt 0.098255 0.352597
vt 0.712167 0.078316
vt 0.089701 0.636453
vt 0.735500 0.083479
vt 0.734234 0.097524
vt 0.712273 0.094149
vt 0.096049 0.611115
vt 0.712273 0.230576
vt 0.103249 0.377457
vt 0.734234 0.227201
vt 0.733821 0.112250
vt 0.712328 0.111341
vt 0.100987 0.581851
vt 0.712328 0.213383
vt 0.106571 0.406141
vt 0.733821 0.212475
vt 0.733546 0.136081
vt 0.710811 0.135288
vt 0.107348 0.539857
vt 0.710810 0.189437
vt 0.110357 0.447553
vt 0.733546 0.188643
vt 0.732656 0.145815
vt 0.709437 0.145768
vt 0.109441 0.521413
vt 0.709437 0.178957
vt 0.111252 0.465863
vt 0.732656 0.178910
vt 0.731460 0.162362
vt 0.111518 0.493617
vt 0.708304 0.162362
vt 0.141010 0.468775
vt 0.141741 0.494516
vt 0.139551 0.520264
vt 0.164794 0.520564
vt 0.167537 0.495190
vt 0.166086 0.469794
vt 0.188517 0.495681
vt 0.185896 0.468775
vt 0.184630 0.522541
vt 0.222695 0.788675
vt 0.212113 0.750183
vt 0.221510 0.246765
vt 0.233028 0.209762
vt 0.186720 0.807798
vt 0.198810 0.190032
vt 0.150868 0.831476
vt 0.164903 0.165870
vt 0.116060 0.849798
vt 0.131852 0.146927
vt 0.101410 0.819591
vt 0.116611 0.175647
vt 0.123267 0.799529
vt 0.137064 0.195845
vt 0.163464 0.767852
vt 0.174908 0.227961
vt 0.461296 0.729397
vt 0.444148 0.742976
vt 0.760284 0.329999
vt 0.464045 0.271664
vt 0.447239 0.258168
vt 0.760284 0.592608
vt 0.472693 0.689447
vt 0.487728 0.708745
vt 0.489961 0.292246
vt 0.474943 0.311175
vt 0.501045 0.667088
vt 0.516359 0.686596
vt 0.518080 0.314369
vt 0.502761 0.333538
vt 0.527363 0.643078
vt 0.545067 0.664517
vt 0.546321 0.336447
vt 0.528609 0.357541
vt 0.550557 0.610476
vt 0.576351 0.639834
vt 0.577144 0.361134
vt 0.551348 0.390062
vt 0.615506 0.211106
vt 0.614197 0.791630
vt 0.617499 0.242368
vt 0.616380 0.760033
vt 0.608508 0.272111
vt 0.607461 0.729921
vt 0.582642 0.221014
vt 0.581017 0.781430
vt 0.555058 0.233398
vt 0.553190 0.768743
vt 0.589237 0.246868
vt 0.587834 0.755323
vt 0.566878 0.256151
vt 0.565283 0.745803
vt 0.532084 0.248044
vt 0.530039 0.753784
vt 0.550583 0.269397
vt 0.548890 0.732305
vt 0.502369 0.274945
vt 0.530502 0.296453
vt 0.500151 0.726356
vt 0.528777 0.704805
vt 0.560710 0.313630
vt 0.559430 0.687668
vt 0.575057 0.278826
vt 0.573693 0.722932
vt 0.594428 0.670454
vt 0.636552 0.651967
vt 0.689342 0.631690
vt 0.689136 0.369803
vt 0.636897 0.349466
vt 0.595255 0.330909
vt 0.590986 0.264401
vt 0.589706 0.737609
vt 0.576050 0.270982
vt 0.574648 0.730866
vt 0.250574 0.745362
vt 0.247331 0.773764
vt 0.257188 0.808729
vt 0.272718 0.837186
vt 0.294341 0.862312
vt 0.444416 0.846003
vt 0.456873 0.818939
vt 0.471126 0.792990
vt 0.487669 0.765355
vt 0.512641 0.738936
vt 0.536793 0.717512
vt 0.567923 0.706102
vt 0.604903 0.700112
vt 0.648861 0.690289
vt 0.702190 0.679393
vt 0.702052 0.322598
vt 0.649284 0.311563
vt 0.605808 0.301601
vt 0.569240 0.295442
vt 0.538521 0.283945
vt 0.514796 0.262604
vt 0.490307 0.236351
vt 0.474133 0.208972
vt 0.460200 0.183273
vt 0.448040 0.156485
vt 0.304751 0.140836
vt 0.283023 0.164424
vt 0.267078 0.191453
vt 0.256426 0.225000
vt 0.258704 0.252647
vt 0.056894 0.255742
vt 0.021875 0.243004
vt 0.006247 0.746387
vt 0.042905 0.734628
vt 0.086820 0.273586
vt 0.074495 0.717417
vt 0.111758 0.300150
vt 0.101284 0.691063
vt 0.127658 0.345485
vt 0.119588 0.645136
vt 0.134523 0.373810
vt 0.127932 0.616417
vt 0.137012 0.406062
vt 0.132072 0.583585
vt 0.139861 0.450121
vt 0.137342 0.539005
vt 0.161690 0.539310
vt 0.163950 0.451081
vt 0.182200 0.539962
vt 0.184295 0.451412
vt 0.314509 0.370579
vt 0.311017 0.626459
vt 0.290400 0.370894
vt 0.286550 0.625476
vt 0.271321 0.376375
vt 0.267342 0.619328
vt 0.257131 0.385768
vt 0.253248 0.609329
vt 0.248082 0.397723
vt 0.244488 0.596894
vt 0.244154 0.413383
vt 0.241071 0.580902
vt 0.242924 0.430220
vt 0.240437 0.563852
vt 0.243601 0.446796
vt 0.241719 0.547173
vt 0.328760 0.387996
vt 0.325912 0.609176
vt 0.423382 0.383272
vt 0.421458 0.615860
vt 0.412751 0.400354
vt 0.411011 0.598442
vt 0.408233 0.492341
vt 0.407496 0.499139
vt 0.408109 0.505952
vt 0.409059 0.512629
vt 0.409304 0.485687
vt 0.410391 0.519190
vt 0.410751 0.479162
vt 0.417152 0.492441
vt 0.416678 0.499221
vt 0.417034 0.506010
vt 0.417654 0.485707
vt 0.417419 0.512759
vt 0.418038 0.479285
vt 0.417692 0.519195
vt 0.436499 0.491895
vt 0.435948 0.499382
vt 0.436381 0.506879
vt 0.435901 0.484445
vt 0.435665 0.514325
vt 0.434350 0.476962
vt 0.433993 0.521795
vt 0.449028 0.490954
vt 0.448558 0.499479
vt 0.448902 0.508012
vt 0.447469 0.482904
vt 0.447223 0.516047
vt 0.445351 0.473846
vt 0.444965 0.525089
vt 0.464334 0.489088
vt 0.464707 0.499594
vt 0.464191 0.510098
vt 0.462603 0.478896
vt 0.462320 0.520279
vt 0.459619 0.468213
vt 0.459183 0.530942
vt 0.480616 0.486578
vt 0.481337 0.499702
vt 0.480455 0.512823
vt 0.479065 0.473640
vt 0.478743 0.525760
vt 0.475097 0.460716
vt 0.474604 0.538666
vt 0.490190 0.546785
vt 0.490728 0.452814
vt 0.414006 0.419803
vt 0.412610 0.578862
vt 0.410539 0.442479
vt 0.409521 0.555991
vt 0.407731 0.451457
vt 0.406861 0.546921
vt 0.404730 0.459834
vt 0.404003 0.538457
vt 0.401087 0.468496
vt 0.400511 0.529701
vt 0.444203 0.396693
vt 0.442666 0.602627
vt 0.436352 0.410269
vt 0.434955 0.588828
vt 0.181201 0.375583
vt 0.179814 0.341997
vt 0.175665 0.616741
vt 0.172856 0.650967
vt 0.154806 0.341533
vt 0.158409 0.374852
vt 0.147247 0.650388
vt 0.152391 0.616473
vt 0.162592 0.408207
vt 0.158198 0.582681
vt 0.183166 0.408043
vt 0.179074 0.583811
vt 0.734021 0.199594
vt 0.711463 0.200367
vt 0.108960 0.428783
vt 0.140419 0.430675
vt 0.164061 0.432285
vt 0.734021 0.125130
vt 0.711463 0.124358
vt 0.104757 0.558849
vt 0.136837 0.558727
vt 0.160859 0.558320
vt 0.183891 0.432437
vt 0.180910 0.559119
vt 0.070442 0.234847
vt 0.027357 0.220855
vt 0.011030 0.769475
vt 0.056056 0.756728
vt 0.091501 0.207436
vt 0.033535 0.193456
vt 0.016334 0.798016
vt 0.076713 0.785834
vt 0.105369 0.256786
vt 0.092941 0.735483
vt 0.131911 0.240528
vt 0.119652 0.753278
vt 0.133159 0.285659
vt 0.122712 0.706862
vt 0.156999 0.274361
vt 0.146784 0.719431
vt 0.184089 0.266371
vt 0.174334 0.728674
vt 0.736058 0.255227
vt 0.712035 0.259236
vt 0.092427 0.333552
vt 0.120385 0.320897
vt 0.147425 0.312122
vt 0.175510 0.305903
vt 0.736058 0.069498
vt 0.712035 0.065489
vt 0.082808 0.655806
vt 0.111038 0.670075
vt 0.138450 0.680241
vt 0.167016 0.687756
vt 0.375660 0.441333
vt 0.378485 0.439995
vt 0.382377 0.438122
vt 0.387388 0.435524
vt 0.393949 0.433182
vt 0.402409 0.431710
vt 0.412803 0.432414
vt 0.374443 0.556467
vt 0.377255 0.557871
vt 0.381130 0.559834
vt 0.386117 0.562547
vt 0.392670 0.565031
vt 0.401153 0.566670
vt 0.411619 0.566150
vt 0.418309 0.446847
vt 0.423275 0.437294
vt 0.422231 0.561421
vt 0.417403 0.551738
vt 0.414154 0.454894
vt 0.413371 0.543585
vt 0.429202 0.425429
vt 0.427996 0.573452
vt 0.406870 0.470521
vt 0.406346 0.527779
vt 0.410231 0.462771
vt 0.409575 0.535611
vt 0.483184 0.438072
vt 0.472323 0.424257
vt 0.471354 0.575251
vt 0.482442 0.561500
vt 0.459994 0.410525
vt 0.458767 0.588910
vt 0.469813 0.447679
vt 0.460768 0.435041
vt 0.459879 0.564256
vt 0.469133 0.551681
vt 0.450108 0.422688
vt 0.448987 0.576529
vt 0.440691 0.434832
vt 0.439697 0.564175
vt 0.449070 0.445689
vt 0.448278 0.553391
vt 0.455292 0.457107
vt 0.454688 0.542019
vt 0.442406 0.464080
vt 0.441866 0.534833
vt 0.438161 0.454363
vt 0.437457 0.544517
vt 0.431866 0.444983
vt 0.430988 0.553836
vt 0.412595 0.472678
vt 0.412122 0.525720
vt 0.418375 0.473354
vt 0.417927 0.525143
vt 0.431919 0.469567
vt 0.431438 0.529167
vt 0.429382 0.460781
vt 0.428751 0.537936
vt 0.424790 0.453114
vt 0.424016 0.545554
vt 0.424101 0.526513
vt 0.425370 0.520059
vt 0.426113 0.513305
vt 0.426250 0.506322
vt 0.425777 0.499299
vt 0.426367 0.492287
vt 0.426346 0.485310
vt 0.425716 0.478554
vt 0.424558 0.472093
vt 0.415243 0.465986
vt 0.414659 0.532475
vt 0.419315 0.459839
vt 0.418636 0.538712
vt 0.422898 0.465549
vt 0.422327 0.533045
vt 0.418677 0.468663
vt 0.418148 0.529851
vt 0.492614 0.402202
vt 0.491514 0.597693
vt 0.481737 0.389894
vt 0.480413 0.609969
vt 0.518864 0.436247
vt 0.518268 0.563718
vt 0.506599 0.418555
vt 0.505763 0.581383
vt 0.517402 0.403850
vt 0.516489 0.596290
vt 0.536263 0.421129
vt 0.535624 0.579076
vt 0.497517 0.483659
vt 0.498316 0.499801
vt 0.497341 0.515943
vt 0.495377 0.468129
vt 0.495025 0.531477
vt 0.535061 0.472937
vt 0.540210 0.499998
vt 0.534846 0.527047
vt 0.528905 0.456608
vt 0.528533 0.543367
vt 0.276120 0.480955
vt 0.275773 0.514164
vt 0.278201 0.484879
vt 0.277955 0.510308
vt 0.281214 0.480965
vt 0.280826 0.514294
vt 0.249141 0.510734
vt 0.244815 0.513541
vt 0.239727 0.518607
vt 0.233843 0.529224
vt 0.229989 0.544630
vt 0.228143 0.562429
vt 0.228828 0.582118
vt 0.232997 0.602385
vt 0.242233 0.621638
vt 0.257954 0.638980
vt 0.280228 0.650243
vt 0.305786 0.656898
vt 0.353620 0.662902
vt 0.380662 0.656729
vt 0.406986 0.645773
vt 0.431164 0.631391
vt 0.451777 0.615646
vt 0.468563 0.600234
vt 0.482019 0.585904
vt 0.494062 0.570641
vt 0.503708 0.554565
vt 0.510995 0.537263
vt 0.515198 0.519915
vt 0.517108 0.499897
vt 0.515389 0.479879
vt 0.511365 0.462529
vt 0.504278 0.445214
vt 0.494851 0.429111
vt 0.483051 0.413802
vt 0.469864 0.399411
vt 0.453413 0.383912
vt 0.433218 0.368045
vt 0.409537 0.353482
vt 0.383760 0.342251
vt 0.357265 0.335683
vt 0.310155 0.340520
vt 0.284894 0.346366
vt 0.262705 0.356762
vt 0.246706 0.373289
vt 0.236957 0.391910
vt 0.232120 0.411736
vt 0.230721 0.431160
vt 0.231897 0.448851
vt 0.235169 0.464264
vt 0.240620 0.475006
vt 0.245483 0.480226
vt 0.249666 0.483175
vt 0.244333 0.501845
vt 0.238627 0.502995
vt 0.230596 0.504719
vt 0.218523 0.507653
vt 0.203509 0.508393
vt 0.187025 0.507713
vt 0.166384 0.507019
vt 0.141169 0.506389
vt 0.111212 0.506354
vt 0.708545 0.154503
vt 0.731919 0.154518
vt 0.244544 0.491719
vt 0.238898 0.490381
vt 0.230957 0.488366
vt 0.219019 0.484982
vt 0.204057 0.483644
vt 0.187587 0.483614
vt 0.166984 0.483337
vt 0.141840 0.482648
vt 0.112033 0.480904
vt 0.708545 0.170222
vt 0.731919 0.170206
vt 0.273992 0.500200
vt 0.274062 0.497581
vt 0.274009 0.494957
vt 0.273518 0.492272
vt 0.272715 0.489390
vt 0.270931 0.486461
vt 0.267702 0.483588
vt 0.262081 0.482973
vt 0.257226 0.484072
vt 0.253748 0.486366
vt 0.251387 0.489457
vt 0.249904 0.492985
vt 0.249534 0.496845
vt 0.249765 0.500742
vt 0.251131 0.504386
vt 0.253408 0.507667
vt 0.256867 0.510236
vt 0.261829 0.511707
vt 0.267560 0.511336
vt 0.270851 0.508565
vt 0.272661 0.505701
vt 0.273485 0.502862
vt 0.307135 0.551757
vt 0.308621 0.444383
vt 0.308217 0.569689
vt 0.310204 0.426611
vt 0.311452 0.583336
vt 0.313787 0.413175
vt 0.317064 0.596470
vt 0.319690 0.400328
vt 0.252603 0.550436
vt 0.254479 0.443972
vt 0.251406 0.565948
vt 0.253838 0.428542
vt 0.251185 0.581275
vt 0.254151 0.413369
vt 0.251520 0.592774
vt 0.254875 0.402026
vt 0.259393 0.597954
vt 0.262812 0.397182
vt 0.271847 0.602724
vt 0.275241 0.392875
vt 0.287245 0.605224
vt 0.290495 0.390873
vt 0.303864 0.603749
vt 0.306845 0.392793
vt 0.274557 0.554815
vt 0.263437 0.553270
vt 0.265296 0.441545
vt 0.276358 0.440381
vt 0.285831 0.554969
vt 0.287544 0.440581
vt 0.286217 0.571306
vt 0.274164 0.570728
vt 0.276502 0.424577
vt 0.288448 0.424377
vt 0.262543 0.568713
vt 0.264943 0.426191
vt 0.286762 0.588258
vt 0.273451 0.587974
vt 0.276357 0.407488
vt 0.289511 0.407614
vt 0.261551 0.584316
vt 0.264490 0.410716
vt 0.300068 0.586778
vt 0.302618 0.409460
vt 0.297982 0.571092
vt 0.300096 0.424936
vt 0.296843 0.554075
vt 0.298455 0.441793
vt 0.371561 0.442426
vt 0.370258 0.439368
vt 0.368971 0.558329
vt 0.370346 0.555282
vt 0.372607 0.446155
vt 0.371477 0.551556
vt 0.373770 0.450524
vt 0.372736 0.547191
vt 0.374714 0.454987
vt 0.373778 0.542728
vt 0.374800 0.459435
vt 0.373958 0.538264
vt 0.373809 0.463827
vt 0.373057 0.533835
vt 0.371838 0.467954
vt 0.371169 0.529650
vt 0.368609 0.471361
vt 0.368006 0.526162
vt 0.364809 0.473726
vt 0.364250 0.523704
vt 0.359609 0.475203
vt 0.359074 0.522105
vt 0.354891 0.476072
vt 0.354369 0.521124
vt 0.351433 0.476159
vt 0.350908 0.520957
vt 0.348438 0.475155
vt 0.347885 0.521892
vt 0.345777 0.473370
vt 0.345178 0.523618
vt 0.343404 0.470688
vt 0.342735 0.526250
vt 0.341204 0.466917
vt 0.340439 0.529979
vt 0.339002 0.461111
vt 0.338086 0.535753
vt 0.337941 0.450255
vt 0.336745 0.546628
vt 0.337899 0.440013
vt 0.336449 0.556922
vt 0.339953 0.436715
vt 0.338434 0.560291
vt 0.342748 0.434351
vt 0.341189 0.562739
vt 0.346433 0.432901
vt 0.344862 0.564288
vt 0.350667 0.432113
vt 0.349103 0.565183
vt 0.355157 0.432060
vt 0.353619 0.565342
vt 0.362499 0.434271
vt 0.361057 0.563282
vt 0.367136 0.436393
vt 0.365767 0.561252
vt 0.373664 0.441852
vt 0.374811 0.445049
vt 0.375967 0.449649
vt 0.377044 0.455297
vt 0.376765 0.459911
vt 0.375432 0.464934
vt 0.373395 0.469726
vt 0.369935 0.472912
vt 0.365587 0.475204
vt 0.360289 0.476929
vt 0.354704 0.477667
vt 0.351212 0.477634
vt 0.347653 0.476218
vt 0.344991 0.474428
vt 0.341500 0.471135
vt 0.339021 0.467535
vt 0.336947 0.461526
vt 0.335751 0.450314
vt 0.336513 0.439849
vt 0.338989 0.435610
vt 0.342319 0.432893
vt 0.346274 0.431519
vt 0.350718 0.430522
vt 0.356499 0.430527
vt 0.364092 0.432592
vt 0.369057 0.435364
vt 0.372426 0.438765
vt 0.372447 0.555903
vt 0.373668 0.552714
vt 0.374925 0.548116
vt 0.376125 0.542466
vt 0.375941 0.537828
vt 0.374710 0.532758
vt 0.372768 0.527907
vt 0.369369 0.524637
vt 0.365063 0.522241
vt 0.359795 0.520392
vt 0.354219 0.519523
vt 0.350721 0.519474
vt 0.347124 0.520809
vt 0.344415 0.522538
vt 0.340837 0.525756
vt 0.338264 0.529306
vt 0.336034 0.535285
vt 0.334547 0.546514
vt 0.335052 0.557053
vt 0.337436 0.561379
vt 0.340721 0.564196
vt 0.344669 0.565676
vt 0.349117 0.566786
vt 0.354934 0.566915
vt 0.362622 0.565008
vt 0.367677 0.562328
vt 0.371138 0.558981
vt 0.295393 0.489760
vt 0.292425 0.490264
vt 0.292231 0.505300
vt 0.295180 0.505884
vt 0.295246 0.492134
vt 0.292880 0.492361
vt 0.292740 0.503218
vt 0.295097 0.503507
vt 0.295246 0.494145
vt 0.293015 0.494317
vt 0.292925 0.501268
vt 0.295149 0.501498
vt 0.295239 0.497823
vt 0.293301 0.497797
vt 0.293199 0.496054
vt 0.295234 0.495996
vt 0.293154 0.499536
vt 0.295186 0.499648
vt 0.298295 0.490289
vt 0.298093 0.505433
vt 0.301042 0.491679
vt 0.300875 0.504119
vt 0.302908 0.493527
vt 0.302791 0.502322
vt 0.303909 0.495664
vt 0.303848 0.500212
vt 0.304172 0.497942
vt 0.297482 0.492482
vt 0.297339 0.503219
vt 0.297043 0.494320
vt 0.296950 0.501371
vt 0.296902 0.496089
vt 0.296855 0.499600
vt 0.296859 0.497844
vt 0.290193 0.504743
vt 0.290370 0.490768
vt 0.288718 0.503542
vt 0.288863 0.491932
vt 0.287927 0.501845
vt 0.288029 0.493610
vt 0.287509 0.499849
vt 0.287561 0.495596
vt 0.287192 0.497718
vt 0.290933 0.502946
vt 0.291065 0.492586
vt 0.291164 0.501271
vt 0.291254 0.494268
vt 0.291270 0.499547
vt 0.291315 0.495994
vt 0.291345 0.497772
vt 0.298471 0.497866
vt 0.298520 0.496242
vt 0.298477 0.499490
vt 0.301635 0.496096
vt 0.301820 0.497911
vt 0.301586 0.499719
vt 0.289419 0.499625
vt 0.289347 0.497746
vt 0.289466 0.495869
vt 0.289638 0.494163
vt 0.289548 0.501334
vt 0.289842 0.492890
vt 0.289719 0.502610
vt 0.299540 0.493333
vt 0.299419 0.502424
vt 0.300965 0.494527
vt 0.300874 0.501270
vt 0.298728 0.494701
vt 0.298644 0.501036
vt 0.299815 0.500595
vt 0.299968 0.499431
vt 0.300024 0.497886
vt 0.300009 0.496341
vt 0.299888 0.495173
vt 0.760192 0.222436
vt 0.761566 0.235635
vt 0.761566 0.089089
vt 0.760192 0.102289
vt 0.786655 0.217817
vt 0.788441 0.230178
vt 0.788441 0.094547
vt 0.786654 0.106908
vt 0.812148 0.212769
vt 0.814963 0.224447
vt 0.814963 0.100278
vt 0.812148 0.111955
vt 0.759663 0.209608
vt 0.759663 0.115117
vt 0.785483 0.206253
vt 0.785483 0.118472
vt 0.809939 0.202376
vt 0.809939 0.122349
vt 0.762930 0.249161
vt 0.762930 0.075563
vt 0.764986 0.262929
vt 0.764986 0.061796
vt 0.767854 0.277371
vt 0.767854 0.047354
vt 0.771736 0.292487
vt 0.771736 0.032238
vt 0.776191 0.307746
vt 0.776191 0.016979
vt 0.790245 0.243600
vt 0.790245 0.081124
vt 0.792056 0.257252
vt 0.792056 0.067472
vt 0.794139 0.271656
vt 0.794139 0.053069
vt 0.797024 0.286309
vt 0.797024 0.038416
vt 0.800300 0.300653
vt 0.800300 0.024071
vt 0.817200 0.237840
vt 0.817200 0.086885
vt 0.818424 0.252172
vt 0.818424 0.072553
vt 0.819637 0.266791
vt 0.819637 0.057934
vt 0.821910 0.281958
vt 0.821910 0.042767
vt 0.824436 0.296157
vt 0.824436 0.028568
vt 0.759489 0.126773
vt 0.759489 0.197952
vt 0.759059 0.136933
vt 0.759059 0.187791
vt 0.758443 0.146087
vt 0.758443 0.178638
vt 0.758059 0.154513
vt 0.758059 0.170211
vt 0.757764 0.162362
vt 0.784603 0.128813
vt 0.784603 0.195912
vt 0.783919 0.138075
vt 0.783920 0.186650
vt 0.783376 0.146428
vt 0.783376 0.178296
vt 0.783110 0.154458
vt 0.783110 0.170267
vt 0.783050 0.162362
vt 0.808320 0.131450
vt 0.808320 0.193274
vt 0.806881 0.139781
vt 0.806881 0.184943
vt 0.806127 0.147028
vt 0.806127 0.177697
vt 0.806077 0.154702
vt 0.806077 0.170022
vt 0.806207 0.162362
vt 0.779900 0.582275
vt 0.821475 0.801168
vt 0.764181 0.581662
vt 0.764181 0.340945
vt 0.779900 0.340332
vt 0.828342 0.328726
vt 0.788565 0.569395
vt 0.809747 0.798249
vt 0.773092 0.568525
vt 0.773092 0.354082
vt 0.788565 0.353211
vt 0.816614 0.331645
vt 0.791638 0.559980
vt 0.802223 0.795454
vt 0.777928 0.559066
vt 0.777929 0.363541
vt 0.791638 0.362626
vt 0.809090 0.334440
vt 0.781442 0.549664
vt 0.793520 0.551077
vt 0.796294 0.790604
vt 0.793520 0.371530
vt 0.803162 0.339289
vt 0.781443 0.372942
vt 0.783414 0.543460
vt 0.793272 0.541367
vt 0.790642 0.784733
vt 0.793272 0.381240
vt 0.797510 0.345161
vt 0.783414 0.379146
vt 0.784180 0.536995
vt 0.793520 0.534289
vt 0.788608 0.779179
vt 0.793520 0.388317
vt 0.795476 0.350715
vt 0.784181 0.385612
vt 0.784141 0.528311
vt 0.793022 0.524798
vt 0.787591 0.771316
vt 0.793022 0.397808
vt 0.794459 0.358578
vt 0.784141 0.394296
vt 0.780713 0.516806
vt 0.790255 0.512030
vt 0.787945 0.760094
vt 0.790255 0.410577
vt 0.794813 0.369800
vt 0.780713 0.405801
vt 0.776567 0.507051
vt 0.784393 0.500077
vt 0.789172 0.748603
vt 0.784394 0.422529
vt 0.796040 0.381291
vt 0.776567 0.415556
vt 0.768561 0.494932
vt 0.777470 0.488929
vt 0.793028 0.737552
vt 0.777470 0.433678
vt 0.799896 0.392342
vt 0.768561 0.427675
vt 0.763409 0.489328
vt 0.795246 0.731734
vt 0.772942 0.483637
vt 0.772942 0.438969
vt 0.802113 0.398160
vt 0.763409 0.433278
vt 0.756698 0.482388
vt 0.763309 0.476342
vt 0.798931 0.721629
vt 0.805799 0.408265
vt 0.763309 0.446265
vt 0.756698 0.440218
vt 0.744731 0.475065
vt 0.807060 0.708751
vt 0.748076 0.467835
vt 0.748076 0.454772
vt 0.813928 0.421143
vt 0.744732 0.447541
vt 0.721872 0.474677
vt 0.724568 0.466797
vt 0.820746 0.694268
vt 0.724568 0.455810
vt 0.827614 0.435626
vt 0.721872 0.447929
vt 0.821654 0.786298
vt 0.828521 0.343596
vt 0.821886 0.767353
vt 0.828754 0.362541
vt 0.821456 0.750226
vt 0.828324 0.379668
vt 0.822408 0.723624
vt 0.829276 0.406270
vt 0.821280 0.708315
vt 0.828147 0.421579
vt 0.820708 0.702937
vt 0.827576 0.426957
vt 0.719402 0.482936
vt 0.719402 0.439671
vt 0.715532 0.505080
vt 0.715532 0.417527
vt 0.719758 0.530045
vt 0.719758 0.392562
vt 0.725671 0.545547
vt 0.725671 0.377060
vt 0.736469 0.563183
vt 0.736469 0.359423
vt 0.754578 0.573918
vt 0.754578 0.348689
vt 0.765039 0.564180
vt 0.765039 0.358426
vt 0.772384 0.555965
vt 0.772384 0.366642
vt 0.776051 0.549143
vt 0.776051 0.373463
vt 0.778102 0.543378
vt 0.778102 0.379229
vt 0.778836 0.537283
vt 0.778836 0.385324
vt 0.778664 0.529998
vt 0.778664 0.392608
vt 0.776352 0.520852
vt 0.776352 0.401755
vt 0.772096 0.511990
vt 0.772096 0.410617
vt 0.764394 0.498372
vt 0.764395 0.424235
vt 0.759260 0.493376
vt 0.759260 0.429230
vt 0.754140 0.488171
vt 0.754140 0.434436
vt 0.741704 0.481550
vt 0.741704 0.441056
vt 0.781190 0.494430
vt 0.790878 0.743126
vt 0.772626 0.500722
vt 0.768970 0.505173
vt 0.781190 0.428177
vt 0.797746 0.386768
vt 0.772626 0.421885
vt 0.768970 0.417434
vt 0.755969 0.471712
vt 0.802531 0.714947
vt 0.751002 0.478435
vt 0.748402 0.483479
vt 0.755969 0.450895
vt 0.809399 0.414947
vt 0.751002 0.444172
vt 0.748402 0.439127
vt 0.810263 0.712889
vt 0.817131 0.417005
vt 0.806690 0.717670
vt 0.813557 0.412224
vt 0.803909 0.723171
vt 0.810777 0.406723
vt 0.799813 0.733006
vt 0.806681 0.396887
vt 0.797547 0.738617
vt 0.804414 0.391277
vt 0.795729 0.744583
vt 0.802597 0.385311
vt 0.794733 0.749810
vt 0.801601 0.380084
vt 0.793461 0.759196
vt 0.800329 0.370698
vt 0.793206 0.769804
vt 0.800074 0.360090
vt 0.794479 0.776723
vt 0.801347 0.353171
vt 0.796081 0.781867
vt 0.802948 0.348027
vt 0.799986 0.786475
vt 0.806854 0.343419
vt 0.803541 0.789108
vt 0.810409 0.340785
vt 0.809739 0.789537
vt 0.816607 0.340357
vt 0.760382 0.557523
vt 0.760383 0.365084
vt 0.766416 0.552658
vt 0.766416 0.369948
vt 0.752628 0.561701
vt 0.752628 0.360905
vt 0.770867 0.547346
vt 0.770867 0.375261
vt 0.773156 0.542455
vt 0.773156 0.380151
vt 0.774599 0.537480
vt 0.774599 0.385127
vt 0.774086 0.531709
vt 0.774086 0.390897
vt 0.771964 0.523856
vt 0.771964 0.398751
vt 0.732281 0.481756
vt 0.734139 0.474031
vt 0.737048 0.465782
vt 0.813192 0.701421
vt 0.816017 0.707245
vt 0.732281 0.440851
vt 0.734139 0.448575
vt 0.820060 0.428473
vt 0.737049 0.456824
vt 0.822885 0.422649
vt 0.767512 0.514096
vt 0.767512 0.408511
vt 0.764631 0.507792
vt 0.764631 0.414815
vt 0.760789 0.501826
vt 0.760789 0.420781
vt 0.757053 0.498029
vt 0.757053 0.424577
vt 0.752114 0.492605
vt 0.752114 0.430001
vt 0.745598 0.489167
vt 0.745598 0.433439
vt 0.738727 0.487680
vt 0.738728 0.434927
vt 0.730220 0.489442
vt 0.730220 0.433165
vt 0.817119 0.711237
vt 0.823987 0.418657
vt 0.812068 0.716321
vt 0.818935 0.413573
vt 0.809754 0.719711
vt 0.816622 0.410183
vt 0.807884 0.723912
vt 0.814752 0.405982
vt 0.804608 0.733536
vt 0.811476 0.396358
vt 0.802998 0.739069
vt 0.809866 0.390825
vt 0.801572 0.744962
vt 0.808440 0.384932
vt 0.800785 0.750768
vt 0.807653 0.379126
vt 0.799920 0.759377
vt 0.806787 0.370516
vt 0.800128 0.768510
vt 0.806995 0.361384
vt 0.800676 0.774613
vt 0.807544 0.355281
vt 0.801640 0.779058
vt 0.808508 0.350836
vt 0.802433 0.782039
vt 0.809301 0.347855
vt 0.804423 0.783324
vt 0.811290 0.346570
vt 0.809400 0.782909
vt 0.816267 0.346985
vt 0.735867 0.528360
vt 0.728143 0.529744
vt 0.728143 0.392862
vt 0.735867 0.394247
vt 0.739642 0.536447
vt 0.732791 0.540135
vt 0.732792 0.382471
vt 0.739642 0.386159
vt 0.748563 0.548865
vt 0.744269 0.554749
vt 0.744269 0.367857
vt 0.748563 0.373741
vt 0.752651 0.556071
vt 0.752837 0.551622
vt 0.752838 0.370984
vt 0.752651 0.366535
vt 0.756126 0.549229
vt 0.758168 0.553394
vt 0.758168 0.369212
vt 0.756126 0.373378
vt 0.760174 0.546238
vt 0.763033 0.549659
vt 0.763033 0.372948
vt 0.760174 0.376369
vt 0.765873 0.538677
vt 0.770087 0.538586
vt 0.770087 0.384020
vt 0.765873 0.383930
vt 0.764588 0.533708
vt 0.769617 0.533086
vt 0.769617 0.389521
vt 0.764589 0.388899
vt 0.762929 0.527708
vt 0.768078 0.526715
vt 0.768078 0.395892
vt 0.762929 0.394899
vt 0.760850 0.520805
vt 0.765369 0.518536
vt 0.765370 0.404071
vt 0.760851 0.401801
vt 0.758959 0.514266
vt 0.762469 0.512219
vt 0.762469 0.410388
vt 0.758959 0.408341
vt 0.756895 0.509640
vt 0.758922 0.506308
vt 0.758922 0.416299
vt 0.756895 0.412967
vt 0.752979 0.503725
vt 0.755498 0.501676
vt 0.755498 0.420931
vt 0.752979 0.418882
vt 0.748219 0.496375
vt 0.750516 0.495916
vt 0.750516 0.426691
vt 0.748219 0.426232
vt 0.743306 0.496063
vt 0.743720 0.491541
vt 0.743720 0.431065
vt 0.743306 0.426544
vt 0.737168 0.491968
vt 0.739393 0.496815
vt 0.739393 0.425792
vt 0.737168 0.430639
vt 0.769394 0.542346
vt 0.766626 0.541963
vt 0.769395 0.380260
vt 0.766626 0.380644
vt 0.763932 0.543608
vt 0.766917 0.545888
vt 0.763932 0.378998
vt 0.766918 0.376719
vt 0.725086 0.494901
vt 0.727392 0.482468
vt 0.727871 0.474204
vt 0.730624 0.467704
vt 0.815878 0.696513
vt 0.817564 0.704964
vt 0.818404 0.710053
vt 0.725086 0.427705
vt 0.727392 0.440139
vt 0.727871 0.448403
vt 0.730624 0.454903
vt 0.822746 0.433381
vt 0.824432 0.424930
vt 0.825272 0.419841
vt 0.348692 0.432360
vt 0.348598 0.430872
vt 0.348541 0.429382
vt 0.348890 0.426700
vt 0.349169 0.423243
vt 0.348484 0.416829
vt 0.347687 0.410445
vt 0.345887 0.400820
vt 0.340829 0.381421
vt 0.336084 0.361297
vt 0.334192 0.335784
vt 0.334123 0.307203
vt 0.334858 0.275833
vt 0.342578 0.257626
vt 0.708523 0.514441
vt 0.715983 0.516597
vt 0.724728 0.518907
vt 0.733053 0.520568
vt 0.347122 0.564888
vt 0.346992 0.566382
vt 0.346899 0.567882
vt 0.347186 0.570590
vt 0.347385 0.574079
vt 0.346543 0.580528
vt 0.345588 0.586948
vt 0.343542 0.596623
vt 0.337966 0.616122
vt 0.332672 0.636412
vt 0.330144 0.662305
vt 0.329421 0.691441
vt 0.329487 0.723566
vt 0.337059 0.742419
vt 0.708523 0.408166
vt 0.715983 0.406009
vt 0.724728 0.403700
vt 0.733053 0.402039
vt 0.726042 0.512563
vt 0.732715 0.515836
vt 0.726042 0.410044
vt 0.732715 0.406771
vt 0.733932 0.510346
vt 0.728932 0.508520
vt 0.728932 0.414087
vt 0.733932 0.412261
vt 0.730585 0.503400
vt 0.734952 0.504671
vt 0.734952 0.417935
vt 0.730585 0.419207
vt 0.731773 0.497205
vt 0.735395 0.499726
vt 0.735395 0.422881
vt 0.731773 0.425402
vt 0.720546 0.498520
vt 0.723598 0.482690
vt 0.724999 0.474401
vt 0.727475 0.466255
vt 0.818831 0.696022
vt 0.819532 0.703970
vt 0.819895 0.709179
vt 0.720546 0.424087
vt 0.723598 0.439916
vt 0.724999 0.448206
vt 0.727475 0.456351
vt 0.825699 0.433872
vt 0.826399 0.425924
vt 0.826762 0.420715
vt 0.527084 0.388374
vt 0.511517 0.370024
vt 0.490953 0.346814
vt 0.466477 0.322415
vt 0.404469 0.270388
vt 0.727460 0.563880
vt 0.731039 0.555759
vt 0.737997 0.548540
vt 0.743921 0.543517
vt 0.526097 0.611970
vt 0.510232 0.630325
vt 0.489243 0.653555
vt 0.464234 0.677982
vt 0.400685 0.730206
vt 0.727460 0.358727
vt 0.731040 0.366848
vt 0.737998 0.374066
vt 0.743921 0.379090
vt 0.742564 0.526531
vt 0.745835 0.533579
vt 0.745835 0.389028
vt 0.742564 0.396075
vt 0.748897 0.524747
vt 0.751670 0.531204
vt 0.751670 0.391402
vt 0.748898 0.397860
vt 0.754952 0.522786
vt 0.757325 0.529226
vt 0.757325 0.393381
vt 0.754952 0.399821
vt 0.739894 0.519861
vt 0.739894 0.402746
vt 0.746353 0.518447
vt 0.752597 0.516641
vt 0.752597 0.405966
vt 0.746353 0.404160
vt 0.738464 0.514274
vt 0.738464 0.408332
vt 0.744440 0.512823
vt 0.744440 0.409784
vt 0.750345 0.511221
vt 0.750345 0.411385
vt 0.742815 0.507400
vt 0.747834 0.505833
vt 0.747834 0.416774
vt 0.742815 0.415207
vt 0.741284 0.502128
vt 0.745597 0.500976
vt 0.745597 0.421630
vt 0.741284 0.420478
vt 0.738074 0.508835
vt 0.738074 0.413772
vt 0.814649 0.713493
vt 0.813355 0.709420
vt 0.810401 0.704534
vt 0.741955 0.466287
vt 0.738852 0.474329
vt 0.736516 0.481659
vt 0.733999 0.488667
vt 0.734195 0.494727
vt 0.736987 0.498129
vt 0.821517 0.416401
vt 0.820222 0.420473
vt 0.817268 0.425360
vt 0.741955 0.456319
vt 0.738853 0.448277
vt 0.736516 0.440948
vt 0.733999 0.433939
vt 0.734195 0.427880
vt 0.736987 0.424477
vt 0.737712 0.503340
vt 0.737713 0.419267
vt 0.806373 0.728646
vt 0.801762 0.728085
vt 0.797001 0.726713
vt 0.768358 0.479817
vt 0.760197 0.485803
vt 0.756747 0.490778
vt 0.754598 0.495343
vt 0.753044 0.498828
vt 0.750516 0.499975
vt 0.813241 0.401248
vt 0.808630 0.401808
vt 0.803869 0.403181
vt 0.768358 0.442790
vt 0.760197 0.436804
vt 0.756748 0.431828
vt 0.754598 0.427263
vt 0.753044 0.423778
vt 0.750516 0.422632
vt 0.759572 0.535039
vt 0.759573 0.387567
vt 0.754512 0.537111
vt 0.754512 0.385496
vt 0.749302 0.539852
vt 0.749302 0.382754
vt 0.752878 0.545058
vt 0.752879 0.377548
vt 0.757368 0.542146
vt 0.757369 0.380461
vt 0.761722 0.539916
vt 0.761722 0.382690
vt 0.804500 0.778003
vt 0.811368 0.351891
vt 0.809473 0.775535
vt 0.816340 0.354359
vt 0.817346 0.767292
vt 0.824214 0.362602
vt 0.803219 0.773884
vt 0.810086 0.356010
vt 0.808179 0.770568
vt 0.815047 0.359326
vt 0.815319 0.762672
vt 0.822187 0.367222
vt 0.803095 0.767407
vt 0.809963 0.362487
vt 0.803623 0.759492
vt 0.810491 0.370402
vt 0.804726 0.752099
vt 0.811594 0.377795
vt 0.806097 0.745461
vt 0.807574 0.739177
vt 0.814442 0.390717
vt 0.812965 0.384433
vt 0.808982 0.733222
vt 0.815850 0.396672
vt 0.810094 0.728097
vt 0.816962 0.401797
vt 0.810935 0.723894
vt 0.817803 0.406000
vt 0.811529 0.721001
vt 0.818397 0.408893
vt 0.813334 0.719242
vt 0.820201 0.410652
vt 0.815543 0.717122
vt 0.822411 0.412772
vt 0.817522 0.715635
vt 0.824390 0.414259
vt 0.818742 0.716612
vt 0.825609 0.413282
vt 0.819672 0.718237
vt 0.826539 0.411657
vt 0.807064 0.764472
vt 0.813932 0.365421
vt 0.811797 0.757114
vt 0.818664 0.372779
vt 0.815220 0.747853
vt 0.822088 0.382041
vt 0.806343 0.759209
vt 0.813210 0.370685
vt 0.808364 0.753555
vt 0.815232 0.376339
vt 0.810456 0.746405
vt 0.817324 0.383489
vt 0.817391 0.729376
vt 0.824259 0.400518
vt 0.816853 0.723499
vt 0.823720 0.406395
vt 0.816382 0.719974
vt 0.823250 0.409920
vt 0.816954 0.738265
vt 0.822937 0.736813
vt 0.830473 0.735397
vt 0.315647 0.174949
vt 0.305845 0.165178
vt 0.292805 0.153864
vt 0.274575 0.137532
vt 0.247647 0.113735
vt 0.214173 0.086829
vt 0.175517 0.061689
vt 0.130855 0.039947
vt 0.083597 0.019238
vt 0.061482 0.979863
vt 0.111064 0.960225
vt 0.157997 0.939417
vt 0.198842 0.914867
vt 0.234389 0.888288
vt 0.263050 0.864666
vt 0.282453 0.848434
vt 0.296319 0.837198
vt 0.306784 0.827440
vt 0.837341 0.394497
vt 0.829804 0.393081
vt 0.823822 0.391629
vt 0.812042 0.738940
vt 0.818910 0.390954
vt 0.813044 0.732010
vt 0.819912 0.397884
vt 0.813616 0.726505
vt 0.820484 0.403389
vt 0.813695 0.722426
vt 0.820563 0.407468
vt 0.259656 0.499261
vt 0.259441 0.496882
vt 0.259609 0.494518
vt 0.260040 0.492227
vt 0.260147 0.501666
vt 0.260558 0.490271
vt 0.260658 0.503841
vt 0.261312 0.489193
vt 0.261471 0.505132
vt 0.262081 0.488588
vt 0.262323 0.505929
vt 0.263370 0.488570
vt 0.263663 0.506219
vt 0.264470 0.489746
vt 0.264771 0.505181
vt 0.265534 0.491423
vt 0.265729 0.503641
vt 0.266301 0.493639
vt 0.266406 0.501504
vt 0.266619 0.495735
vt 0.266667 0.499443
vt 0.266766 0.497593
vt 0.258370 0.499264
vt 0.258185 0.496896
vt 0.258353 0.494553
vt 0.258849 0.492183
vt 0.259656 0.490087
vt 0.260860 0.488437
vt 0.262049 0.487941
vt 0.263714 0.488062
vt 0.265171 0.489477
vt 0.266249 0.491360
vt 0.267190 0.493584
vt 0.267492 0.495750
vt 0.267574 0.497586
vt 0.267530 0.499412
vt 0.267275 0.501545
vt 0.266406 0.503699
vt 0.265393 0.505461
vt 0.263926 0.506726
vt 0.262193 0.506617
vt 0.260937 0.505939
vt 0.259695 0.504023
vt 0.258886 0.501739
vt 0.264458 0.507688
vt 0.266210 0.506453
vt 0.267457 0.504172
vt 0.268150 0.501693
vt 0.268569 0.499426
vt 0.268576 0.497578
vt 0.268542 0.495721
vt 0.268083 0.493422
vt 0.267345 0.490871
vt 0.266075 0.488475
vt 0.264353 0.487121
vt 0.262264 0.486725
vt 0.259852 0.487346
vt 0.258010 0.489508
vt 0.256835 0.491917
vt 0.256225 0.494448
vt 0.256039 0.496899
vt 0.256197 0.499380
vt 0.256782 0.502004
vt 0.257936 0.504586
vt 0.259775 0.507027
vt 0.262289 0.507901
vt 0.265710 0.499374
vt 0.786623 0.736117
vt 0.265436 0.501350
vt 0.786652 0.742392
vt 0.265315 0.493817
vt 0.783220 0.719109
vt 0.265653 0.495828
vt 0.785003 0.725126
vt 0.265954 0.497603
vt 0.786652 0.730497
vt 0.264560 0.491793
vt 0.780369 0.713273
vt 0.264801 0.503301
vt 0.785607 0.748802
vt 0.263716 0.490097
vt 0.777383 0.707940
vt 0.264116 0.504808
vt 0.784287 0.754770
vt 0.263071 0.489085
vt 0.775278 0.702593
vt 0.263465 0.505732
vt 0.783815 0.760498
vt 0.262111 0.489141
vt 0.787409 0.682568
vt 0.774344 0.697499
vt 0.262497 0.505283
vt 0.793609 0.616691
vt 0.784390 0.765644
vt 0.261795 0.489729
vt 0.787181 0.677870
vt 0.262011 0.504508
vt 0.792509 0.621264
vt 0.261579 0.490652
vt 0.788069 0.672808
vt 0.261803 0.503386
vt 0.792438 0.626402
vt 0.261429 0.492195
vt 0.789549 0.666333
vt 0.261681 0.501619
vt 0.792683 0.633040
vt 0.261373 0.494454
vt 0.791539 0.658178
vt 0.261467 0.499207
vt 0.793117 0.641423
vt 0.261064 0.496851
vt 0.793609 0.649921
vt 0.784143 0.657113
vt 0.785175 0.649127
vt 0.785651 0.641089
vt 0.782978 0.664883
vt 0.785956 0.633238
vt 0.782487 0.670731
vt 0.786565 0.627401
vt 0.782721 0.676055
vt 0.787789 0.622215
vt 0.783818 0.681355
vt 0.771201 0.696461
vt 0.789856 0.617212
vt 0.781680 0.767545
vt 0.778829 0.720119
vt 0.776567 0.714453
vt 0.781626 0.748770
vt 0.782157 0.742692
vt 0.780396 0.725829
vt 0.782009 0.736772
vt 0.774379 0.708798
vt 0.781163 0.754816
vt 0.772484 0.702462
vt 0.781177 0.761429
vt 0.781890 0.731200
vt 0.776861 0.648345
vt 0.776472 0.655841
vt 0.777877 0.640907
vt 0.779090 0.634345
vt 0.776438 0.662514
vt 0.780373 0.628611
vt 0.776629 0.668387
vt 0.782291 0.623294
vt 0.777520 0.673969
vt 0.778150 0.769620
vt 0.785110 0.617509
vt 0.767222 0.695493
vt 0.779211 0.680177
vt 0.777587 0.762510
vt 0.768735 0.702463
vt 0.776899 0.737364
vt 0.776445 0.732002
vt 0.775332 0.726738
vt 0.777154 0.743039
vt 0.773939 0.721230
vt 0.777148 0.749075
vt 0.772191 0.715453
vt 0.777229 0.755527
vt 0.770407 0.709252
vt 0.768062 0.647516
vt 0.768850 0.655107
vt 0.770252 0.640206
vt 0.769904 0.660801
vt 0.772350 0.634809
vt 0.770570 0.666405
vt 0.774051 0.629427
vt 0.764283 0.702398
vt 0.774134 0.679034
vt 0.762870 0.694398
vt 0.779909 0.617686
vt 0.774298 0.771924
vt 0.773343 0.763857
vt 0.771438 0.671743
vt 0.775899 0.624345
vt 0.770244 0.727771
vt 0.771410 0.732745
vt 0.771729 0.737843
vt 0.768868 0.722257
vt 0.772003 0.743519
vt 0.767232 0.716000
vt 0.772241 0.749983
vt 0.765685 0.709219
vt 0.772717 0.756921
vt 0.764142 0.640752
vt 0.762905 0.647031
vt 0.762949 0.653431
vt 0.763739 0.659416
vt 0.766036 0.635019
vt 0.764838 0.665439
vt 0.768239 0.629307
vt 0.766368 0.671279
vt 0.770832 0.623855
vt 0.769050 0.678898
vt 0.758511 0.693619
vt 0.774889 0.616870
vt 0.770350 0.773928
vt 0.759954 0.702145
vt 0.769271 0.765348
vt 0.760655 0.709291
vt 0.767880 0.758304
vt 0.761806 0.716263
vt 0.766970 0.751296
vt 0.763306 0.722915
vt 0.766487 0.744494
vt 0.764747 0.728571
vt 0.766235 0.738663
vt 0.766540 0.733462
vt 0.756272 0.652410
vt 0.756364 0.646415
vt 0.757393 0.640509
vt 0.748735 0.651338
vt 0.748969 0.645719
vt 0.749788 0.640155
vt 0.741940 0.652050
vt 0.741829 0.645047
vt 0.743245 0.638188
vt 0.727075 0.652415
vt 0.727618 0.643709
vt 0.728709 0.635056
vt 0.736619 0.636462
vt 0.735495 0.644451
vt 0.735109 0.652509
vt 0.719844 0.633342
vt 0.718162 0.642819
vt 0.718046 0.652444
vt 0.710373 0.631092
vt 0.710970 0.750892
vt 0.708304 0.641891
vt 0.708682 0.741992
vt 0.708321 0.652887
vt 0.708304 0.732810
vt 0.716557 0.740831
vt 0.718358 0.748762
vt 0.715992 0.732717
vt 0.724431 0.739670
vt 0.725831 0.746673
vt 0.723751 0.732560
vt 0.730830 0.732180
vt 0.731567 0.738618
vt 0.732719 0.744995
vt 0.737790 0.731411
vt 0.738643 0.737575
vt 0.739604 0.743722
vt 0.744717 0.730539
vt 0.745599 0.736549
vt 0.746489 0.742559
vt 0.753247 0.741401
vt 0.752554 0.735524
vt 0.751521 0.729697
vt 0.759946 0.740014
vt 0.759718 0.734468
vt 0.758336 0.729092
vt 0.759469 0.634283
vt 0.757151 0.658913
vt 0.762112 0.627981
vt 0.758571 0.665598
vt 0.765422 0.621573
vt 0.760627 0.672512
vt 0.765708 0.775683
vt 0.769849 0.614042
vt 0.753560 0.693278
vt 0.763571 0.680736
vt 0.764095 0.766892
vt 0.754552 0.702160
vt 0.760422 0.746187
vt 0.757011 0.723044
vt 0.761190 0.752785
vt 0.755842 0.716505
vt 0.762394 0.759692
vt 0.755002 0.709545
vt 0.756182 0.761070
vt 0.754958 0.754106
vt 0.749494 0.717040
vt 0.748657 0.710018
vt 0.754021 0.747543
vt 0.750490 0.723593
vt 0.757805 0.768687
vt 0.748013 0.702256
vt 0.764210 0.609536
vt 0.759971 0.777963
vt 0.757190 0.684111
vt 0.747410 0.692751
vt 0.759060 0.618316
vt 0.753769 0.674524
vt 0.755456 0.625763
vt 0.751618 0.666536
vt 0.752410 0.633486
vt 0.750067 0.658379
vt 0.742599 0.659581
vt 0.745297 0.630912
vt 0.743811 0.667930
vt 0.748046 0.622935
vt 0.745471 0.676524
vt 0.751281 0.614802
vt 0.748574 0.688472
vt 0.739062 0.692296
vt 0.756559 0.603643
vt 0.752109 0.780807
vt 0.740382 0.702743
vt 0.750359 0.770423
vt 0.741680 0.710672
vt 0.749314 0.762457
vt 0.742808 0.717740
vt 0.748354 0.755364
vt 0.743853 0.724440
vt 0.747422 0.748647
vt 0.735393 0.660517
vt 0.738393 0.628648
vt 0.727284 0.660969
vt 0.730511 0.626690
vt 0.718622 0.661547
vt 0.722109 0.624506
vt 0.709545 0.663193
vt 0.709304 0.724061
vt 0.713498 0.621195
vt 0.714451 0.758980
vt 0.727172 0.668893
vt 0.735850 0.668789
vt 0.740385 0.620607
vt 0.731879 0.618885
vt 0.735401 0.691357
vt 0.727880 0.695276
vt 0.735985 0.677718
vt 0.742184 0.611859
vt 0.744156 0.598351
vt 0.740543 0.781180
vt 0.726485 0.676511
vt 0.732626 0.611273
vt 0.732043 0.704923
vt 0.741746 0.770742
vt 0.736991 0.725057
vt 0.740673 0.750036
vt 0.736034 0.718571
vt 0.741629 0.756523
vt 0.734596 0.711968
vt 0.742157 0.763260
vt 0.719669 0.669547
vt 0.724630 0.616842
vt 0.712183 0.672448
vt 0.711536 0.716156
vt 0.717817 0.612595
vt 0.718870 0.765905
vt 0.716467 0.724988
vt 0.721043 0.756025
vt 0.718018 0.718256
vt 0.724470 0.762023
vt 0.722650 0.686623
vt 0.719178 0.703339
vt 0.730745 0.600622
vt 0.729885 0.775971
vt 0.720472 0.675205
vt 0.726475 0.611434
vt 0.724851 0.708548
vt 0.733814 0.769346
vt 0.716683 0.680009
vt 0.714803 0.709412
vt 0.723650 0.606006
vt 0.723944 0.771419
vt 0.728301 0.713908
vt 0.735570 0.763219
vt 0.730232 0.725634
vt 0.734035 0.751435
vt 0.729612 0.719504
vt 0.735210 0.757483
vt 0.723589 0.725761
vt 0.727638 0.753230
vt 0.723875 0.719747
vt 0.729647 0.758906
vt 0.728391 0.766473
vt 0.720488 0.712864
vt 0.731207 0.762866
vt 0.724226 0.715505
vt 0.264346 0.507544
vt 0.266068 0.506235
vt 0.267275 0.504067
vt 0.268023 0.501655
vt 0.268453 0.499386
vt 0.268445 0.497579
vt 0.268426 0.495762
vt 0.267954 0.493462
vt 0.267156 0.490979
vt 0.265919 0.488695
vt 0.264228 0.487256
vt 0.262259 0.486896
vt 0.260185 0.487542
vt 0.258438 0.489574
vt 0.257340 0.491948
vt 0.256847 0.494508
vt 0.256658 0.496900
vt 0.256832 0.499321
vt 0.257307 0.501980
vt 0.258390 0.504534
vt 0.260146 0.506846
vt 0.262300 0.507723
s 1
usemtl lambert1
f 1/1/1 2/2/2 438/438/3 439/439/4
f 441/441/5 442/442/6 4/4/7 3/3/8
f 1/1/1 7/7/9 8/8/10 2/2/2
f 10/10/11 6/6/12 5/5/13 9/9/14
f 12/12/15 8/8/10 7/7/9 11/11/16
f 9/9/14 13/13/17 14/14/18 10/10/11
f 446/446/19 447/447/20 15/15/21 16/16/22
f 449/449/23 450/450/24 14/14/18 13/13/17
f 15/15/21 19/19/25 20/20/26 16/16/22
f 22/22/27 18/18/28 17/17/29 21/21/30
f 19/19/25 37/37/31 38/38/32 20/20/26
f 26/26/33 39/39/34 40/40/35 25/25/36
f 28/28/37 41/41/38 42/42/39 27/27/40
f 23/23/41 43/43/42 44/44/43 24/24/44
f 32/32/45 1185/1278/46 1186/1279/47 31/31/48
f 1230/1323/49 1231/1324/50 33/33/51 34/34/52
f 1232/1325/53 1233/1326/54 35/35/55 36/36/56
f 1242/1336/57 1243/1337/58 34/34/52 33/33/51
f 38/38/32 37/37/31 23/23/41 24/24/44
f 40/40/35 39/39/34 22/22/27 21/21/30
f 42/42/39 41/41/38 26/26/33 25/25/36
f 44/44/43 43/43/42 29/29/59 30/30/60
f 652/690/61 631/669/62 46/46/63 47/47/64
f 641/679/65 642/680/66 50/50/67 51/51/68
f 631/669/62 632/670/69 54/54/70 46/46/63
f 640/678/71 641/679/65 51/51/68 55/55/72
f 632/670/69 633/671/73 58/58/74 54/54/70
f 639/677/75 640/678/71 55/55/72 59/59/76
f 62/62/77 651/689/78 652/690/61 47/47/64
f 642/680/66 643/681/79 63/63/80 50/50/67
f 66/66/81 650/688/82 651/689/78 62/62/77
f 643/681/79 644/682/83 67/67/84 63/63/80
f 649/687/85 650/688/82 66/66/81 69/69/86
f 644/682/83 645/683/87 72/72/88 67/67/84
f 74/74/89 648/686/90 649/687/85 69/69/86
f 645/683/87 646/684/91 75/75/92 72/72/88
f 78/78/93 647/685/94 648/686/90 74/74/89
f 646/684/91 647/685/94 78/78/93 75/75/92
f 80/80/95 58/58/74 633/671/73 634/672/96
f 59/59/76 81/81/97 638/676/98 639/677/75
f 84/84/99 80/80/95 634/672/96 635/673/100
f 81/81/97 85/85/101 637/675/102 638/676/98
f 88/88/103 84/84/99 635/673/100 636/674/104
f 85/85/101 88/88/103 636/674/104 637/675/102
f 90/90/105 89/89/106 10/10/11 14/14/18
f 92/92/107 91/91/108 11/11/16 7/7/9
f 89/89/106 93/93/109 6/6/12 10/10/11
f 94/94/110 92/92/107 7/7/9 1/1/1
f 95/95/111 4/4/7 442/442/6 443/443/112
f 439/439/4 440/440/113 94/94/110 1/1/1
f 447/447/20 448/448/114 96/96/115 15/15/21
f 450/450/24 451/451/116 90/90/105 14/14/18
f 96/96/115 98/98/117 99/99/118 15/15/21
f 101/101/119 97/97/120 18/18/28 100/100/121
f 98/98/117 102/102/122 103/103/123 99/99/118
f 105/105/124 101/101/119 100/100/121 104/104/125
f 105/105/124 104/104/125 106/106/126 107/107/127
f 103/103/123 102/102/122 108/108/128 109/109/129
f 107/107/127 106/106/126 110/110/130 111/111/131
f 109/109/129 108/108/128 112/112/132 113/113/133
f 115/115/134 111/111/131 110/110/130 114/114/135
f 112/112/132 115/115/134 114/114/135 113/113/133
f 297/297/136 272/272/137 117/117/138 120/120/139
f 118/118/140 122/122/141 323/323/142 298/298/143
f 296/296/144 297/297/136 120/120/139 124/124/145
f 122/122/141 126/126/146 322/322/147 323/323/142
f 295/295/148 296/296/144 124/124/145 128/128/149
f 126/126/146 130/130/150 321/321/151 322/322/147
f 294/294/152 295/295/148 128/128/149 132/132/153
f 130/130/150 134/134/154 320/320/155 321/321/151
f 293/293/156 294/294/152 132/132/153 136/136/157
f 134/134/154 138/138/158 319/319/159 320/320/155
f 136/136/157 140/140/160 292/292/161 293/293/156
f 318/318/162 319/319/159 138/138/158 142/142/163
f 140/140/160 144/144/164 291/291/165 292/292/161
f 317/317/166 318/318/162 142/142/163 146/146/167
f 290/290/168 291/291/165 144/144/164 148/148/169
f 146/146/167 150/150/170 316/316/171 317/317/166
f 289/289/172 290/290/168 148/148/169 152/152/173
f 150/150/170 154/154/174 315/315/175 316/316/171
f 152/152/173 156/156/176 288/288/177 289/289/172
f 314/314/178 315/315/175 154/154/174 158/158/179
f 156/156/176 160/160/180 287/287/181 288/288/177
f 313/313/182 314/314/178 158/158/179 162/162/183
f 160/160/180 164/164/184 286/286/185 287/287/181
f 312/312/186 313/313/182 162/162/183 166/166/187
f 285/285/188 286/286/185 164/164/184 168/168/189
f 166/166/187 170/170/190 311/311/191 312/312/186
f 284/284/192 285/285/188 168/168/189 172/172/193
f 170/170/190 174/174/194 310/310/195 311/311/191
f 172/172/193 176/176/196 283/283/197 284/284/192
f 309/309/198 310/310/195 174/174/194 178/178/199
f 282/282/200 283/283/197 176/176/196 180/180/201
f 308/308/202 309/309/198 178/178/199 182/182/203
f 1080/1173/204 1081/1174/205 282/282/200 180/180/201
f 1088/1181/206 1089/1182/207 186/186/208 307/307/209
f 189/189/210 280/280/211 281/281/212 184/184/213
f 191/191/214 306/306/215 307/307/209 186/186/208
f 279/279/216 280/280/211 189/189/210 192/192/217
f 191/191/214 194/194/218 305/305/219 306/306/215
f 278/278/220 279/279/216 192/192/217 196/196/221
f 194/194/218 198/198/222 304/304/223 305/305/219
f 277/277/224 278/278/220 196/196/221 200/200/225
f 198/198/222 202/202/226 303/303/227 304/304/223
f 1876/2010/228 1877/2011/229 277/277/224 200/200/225
f 207/207/230 302/302/231 1894/2029/232 1895/2030/233
f 209/209/234 275/275/235 276/276/236 205/205/237
f 211/211/238 301/301/239 302/302/231 207/207/230
f 213/213/240 274/274/241 275/275/235 209/209/234
f 215/215/242 300/300/243 301/301/239 211/211/238
f 273/273/244 274/274/241 213/213/240 216/216/245
f 215/215/242 218/218/246 299/299/247 300/300/243
f 216/216/245 117/117/138 272/272/137 273/273/244
f 298/298/143 299/299/247 218/218/246 118/118/140
f 116/116/248 121/121/249 222/222/250 220/220/251
f 122/122/141 118/118/140 221/221/252 223/223/253
f 224/224/254 222/222/250 121/121/249 125/125/255
f 223/223/253 225/225/256 126/126/146 122/122/141
f 125/125/255 129/129/257 226/226/258 224/224/254
f 130/130/150 126/126/146 225/225/256 227/227/259
f 129/129/257 133/133/260 228/228/261 226/226/258
f 134/134/154 130/130/150 227/227/259 229/229/262
f 133/133/260 137/137/263 230/230/264 228/228/261
f 138/138/158 134/134/154 229/229/262 231/231/265
f 232/232/266 230/230/264 137/137/263 141/141/267
f 231/231/265 233/233/268 142/142/163 138/138/158
f 234/234/269 232/232/266 141/141/267 145/145/270
f 233/233/268 235/235/271 146/146/167 142/142/163
f 236/236/272 234/234/269 145/145/270 149/149/273
f 235/235/271 237/237/274 150/150/170 146/146/167
f 238/238/275 236/236/272 149/149/273 153/153/276
f 237/237/274 239/239/277 154/154/174 150/150/170
f 240/240/278 238/238/275 153/153/276 157/157/279
f 239/239/277 241/241/280 158/158/179 154/154/174
f 157/157/279 161/161/281 242/242/282 240/240/278
f 162/162/183 158/158/179 241/241/280 243/243/283
f 161/161/281 165/165/284 244/244/285 242/242/282
f 166/166/187 162/162/183 243/243/283 245/245/286
f 165/165/284 169/169/287 246/246/288 244/244/285
f 170/170/190 166/166/187 245/245/286 247/247/289
f 169/169/287 173/173/290 248/248/291 246/246/288
f 174/174/194 170/170/190 247/247/289 249/249/292
f 250/250/293 248/248/291 173/173/290 177/177/294
f 249/249/292 251/251/295 178/178/199 174/174/194
f 252/252/296 250/250/293 177/177/294 181/181/297
f 251/251/295 253/253/298 182/182/203 178/178/199
f 1082/1175/299 1083/1176/300 252/252/296 181/181/297
f 1089/1182/207 1090/1183/301 255/255/302 186/186/208
f 185/185/303 188/188/304 256/256/305 254/254/306
f 191/191/214 186/186/208 255/255/302 257/257/307
f 258/258/308 256/256/305 188/188/304 193/193/309
f 257/257/307 259/259/310 194/194/218 191/191/214
f 260/260/311 258/258/308 193/193/309 197/197/312
f 259/259/310 261/261/313 198/198/222 194/194/218
f 262/262/314 260/260/311 197/197/312 201/201/315
f 261/261/313 263/263/316 202/202/226 198/198/222
f 201/201/315 1878/2012/317 1879/2013/318 262/262/314
f 207/207/230 1895/2030/233 1896/2031/319 265/265/320
f 266/266/321 264/264/322 204/204/323 208/208/324
f 265/265/320 267/267/325 211/211/238 207/207/230
f 268/268/326 266/266/321 208/208/324 212/212/327
f 267/267/325 269/269/328 215/215/242 211/211/238
f 270/270/329 268/268/326 212/212/327 217/217/330
f 269/269/328 271/271/331 218/218/246 215/215/242
f 220/220/251 270/270/329 217/217/330 116/116/248
f 271/271/331 221/221/252 118/118/140 218/218/246
f 273/273/244 272/272/137 116/116/248 217/217/330
f 217/217/330 212/212/327 274/274/241 273/273/244
f 275/275/235 274/274/241 212/212/327 208/208/324
f 276/276/236 275/275/235 208/208/324 204/204/323
f 277/277/224 1877/2011/229 1878/2012/317 201/201/315
f 201/201/315 197/197/312 278/278/220 277/277/224
f 197/197/312 193/193/309 279/279/216 278/278/220
f 193/193/309 188/188/304 280/280/211 279/279/216
f 281/281/212 280/280/211 188/188/304 185/185/303
f 1081/1174/205 1082/1175/299 181/181/297 282/282/200
f 177/177/294 283/283/197 282/282/200 181/181/297
f 284/284/192 283/283/197 177/177/294 173/173/290
f 173/173/290 169/169/287 285/285/188 284/284/192
f 169/169/287 165/165/284 286/286/185 285/285/188
f 287/287/181 286/286/185 165/165/284 161/161/281
f 288/288/177 287/287/181 161/161/281 157/157/279
f 289/289/172 288/288/177 157/157/279 153/153/276
f 153/153/276 149/149/273 290/290/168 289/289/172
f 149/149/273 145/145/270 291/291/165 290/290/168
f 292/292/161 291/291/165 145/145/270 141/141/267
f 293/293/156 292/292/161 141/141/267 137/137/263
f 137/137/263 133/133/260 294/294/152 293/293/156
f 133/133/260 129/129/257 295/295/148 294/294/152
f 129/129/257 125/125/255 296/296/144 295/295/148
f 125/125/255 121/121/249 297/297/136 296/296/144
f 121/121/249 116/116/248 272/272/137 297/297/136
f 119/119/332 219/219/333 299/299/247 298/298/143
f 300/300/243 299/299/247 219/219/333 214/214/334
f 301/301/239 300/300/243 214/214/334 210/210/335
f 302/302/231 301/301/239 210/210/335 206/206/336
f 1893/2028/337 1894/2029/232 302/302/231 206/206/336
f 304/304/223 303/303/227 203/203/338 199/199/339
f 305/305/219 304/304/223 199/199/339 195/195/340
f 306/306/215 305/305/219 195/195/340 190/190/341
f 307/307/209 306/306/215 190/190/341 187/187/342
f 1087/1180/343 1088/1181/206 307/307/209 187/187/342
f 179/179/344 309/309/198 308/308/202 183/183/345
f 179/179/344 175/175/346 310/310/195 309/309/198
f 311/311/191 310/310/195 175/175/346 171/171/347
f 312/312/186 311/311/191 171/171/347 167/167/348
f 167/167/348 163/163/349 313/313/182 312/312/186
f 163/163/349 159/159/350 314/314/178 313/313/182
f 159/159/350 155/155/351 315/315/175 314/314/178
f 316/316/171 315/315/175 155/155/351 151/151/352
f 317/317/166 316/316/171 151/151/352 147/147/353
f 147/147/353 143/143/354 318/318/162 317/317/166
f 143/143/354 139/139/355 319/319/159 318/318/162
f 320/320/155 319/319/159 139/139/355 135/135/356
f 321/321/151 320/320/155 135/135/356 131/131/357
f 322/322/147 321/321/151 131/131/357 127/127/358
f 323/323/142 322/322/147 127/127/358 123/123/359
f 298/298/143 323/323/142 123/123/359 119/119/332
f 326/326/360 324/324/361 220/220/251 222/222/250
f 325/325/362 327/327/363 223/223/253 221/221/252
f 330/330/364 326/326/360 222/222/250 224/224/254
f 327/327/363 331/331/365 225/225/256 223/223/253
f 332/332/366 330/330/364 224/224/254 226/226/258
f 331/331/365 333/333/367 227/227/259 225/225/256
f 226/226/258 228/228/261 334/334/368 332/332/366
f 229/229/262 227/227/259 333/333/367 335/335/369
f 228/228/261 230/230/264 336/336/370 334/334/368
f 231/231/265 229/229/262 335/335/369 337/337/371
f 338/338/372 336/336/370 230/230/264 232/232/266
f 337/337/371 339/339/373 233/233/268 231/231/265
f 340/340/374 338/338/372 232/232/266 234/234/269
f 339/339/373 341/341/375 235/235/271 233/233/268
f 342/342/376 340/340/374 234/234/269 236/236/272
f 341/341/375 343/343/377 237/237/274 235/235/271
f 344/344/378 342/342/376 236/236/272 238/238/275
f 343/343/377 345/345/379 239/239/277 237/237/274
f 238/238/275 240/240/278 346/346/380 344/344/378
f 241/241/280 239/239/277 345/345/379 347/347/381
f 348/348/382 346/346/380 240/240/278 242/242/282
f 347/347/381 349/349/383 243/243/283 241/241/280
f 350/350/384 348/348/382 242/242/282 244/244/285
f 349/349/383 351/351/385 245/245/286 243/243/283
f 352/352/386 350/350/384 244/244/285 246/246/288
f 351/351/385 353/353/387 247/247/289 245/245/286
f 354/354/388 352/352/386 246/246/288 248/248/291
f 353/353/387 355/355/389 249/249/292 247/247/289
f 248/248/291 250/250/293 356/356/390 354/354/388
f 251/251/295 249/249/292 355/355/389 357/357/391
f 250/250/293 252/252/296 358/358/392 356/356/390
f 253/253/298 251/251/295 357/357/391 359/359/393
f 1083/1176/300 1084/1177/394 358/358/392 252/252/296
f 1090/1183/301 1091/1184/395 361/361/396 255/255/302
f 254/254/306 256/256/305 362/362/397 360/360/398
f 257/257/307 255/255/302 361/361/396 363/363/399
f 256/256/305 258/258/308 364/364/400 362/362/397
f 259/259/310 257/257/307 363/363/399 365/365/401
f 366/366/402 364/364/400 258/258/308 260/260/311
f 365/365/401 367/367/403 261/261/313 259/259/310
f 260/260/311 262/262/314 368/368/404 366/366/402
f 263/263/316 261/261/313 367/367/403 369/369/405
f 1879/2013/318 1880/2014/406 368/368/404 262/262/314
f 1896/2031/319 1897/2032/407 371/371/408 265/265/320
f 372/372/409 370/370/410 264/264/322 266/266/321
f 371/371/408 373/373/411 267/267/325 265/265/320
f 374/374/412 372/372/409 266/266/321 268/268/326
f 373/373/411 375/375/413 269/269/328 267/267/325
f 376/376/414 374/374/412 268/268/326 270/270/329
f 375/375/413 377/377/415 271/271/331 269/269/328
f 270/270/329 220/220/251 324/324/361 376/376/414
f 221/221/252 271/271/331 377/377/415 325/325/362
f 378/378/416 328/328/417 324/324/361 326/326/360
f 329/329/418 379/379/419 327/327/363 325/325/362
f 380/380/420 378/378/416 326/326/360 330/330/364
f 379/379/419 381/381/421 331/331/365 327/327/363
f 330/330/364 332/332/366 382/382/422 380/380/420
f 333/333/367 331/331/365 381/381/421 383/383/423
f 332/332/366 334/334/368 384/384/424 382/382/422
f 335/335/369 333/333/367 383/383/423 385/385/425
f 386/386/426 384/384/424 334/334/368 336/336/370
f 385/385/425 387/387/427 337/337/371 335/335/369
f 388/388/428 386/386/426 336/336/370 338/338/372
f 387/387/427 389/389/429 339/339/373 337/337/371
f 390/390/430 388/388/428 338/338/372 340/340/374
f 389/389/429 391/391/431 341/341/375 339/339/373
f 392/392/432 390/390/430 340/340/374 342/342/376
f 391/391/431 393/393/433 343/343/377 341/341/375
f 394/394/434 392/392/432 342/342/376 344/344/378
f 393/393/433 395/395/435 345/345/379 343/343/377
f 396/396/436 394/394/434 344/344/378 346/346/380
f 395/395/435 397/397/437 347/347/381 345/345/379
f 398/398/438 396/396/436 346/346/380 348/348/382
f 397/397/437 399/399/439 349/349/383 347/347/381
f 348/348/382 350/350/384 400/400/440 398/398/438
f 351/351/385 349/349/383 399/399/439 401/401/441
f 402/402/442 400/400/440 350/350/384 352/352/386
f 401/401/441 403/403/443 353/353/387 351/351/385
f 404/404/444 402/402/442 352/352/386 354/354/388
f 403/403/443 405/405/445 355/355/389 353/353/387
f 406/406/446 404/404/444 354/354/388 356/356/390
f 405/405/445 407/407/447 357/357/391 355/355/389
f 408/408/448 406/406/446 356/356/390 358/358/392
f 407/407/447 409/409/449 359/359/393 357/357/391
f 1084/1177/394 1085/1178/450 408/408/448 358/358/392
f 1091/1184/395 1092/1185/451 411/411/452 361/361/396
f 360/360/398 362/362/397 412/412/453 410/410/454
f 363/363/399 361/361/396 411/411/452 413/413/455
f 414/414/456 412/412/453 362/362/397 364/364/400
f 413/413/455 415/415/457 365/365/401 363/363/399
f 416/416/458 414/414/456 364/364/400 366/366/402
f 415/415/457 417/417/459 367/367/403 365/365/401
f 366/366/402 368/368/404 418/418/460 416/416/458
f 369/369/405 367/367/403 417/417/459 419/419/461
f 1880/2014/406 1881/2015/462 418/418/460 368/368/404
f 1897/2032/407 1898/2033/463 421/421/464 371/371/408
f 422/422/465 420/420/466 370/370/410 372/372/409
f 421/421/464 423/423/467 373/373/411 371/371/408
f 424/424/468 422/422/465 372/372/409 374/374/412
f 423/423/467 425/425/469 375/375/413 373/373/411
f 426/426/470 424/424/468 374/374/412 376/376/414
f 425/425/469 427/427/471 377/377/415 375/375/413
f 328/328/417 426/426/470 376/376/414 324/324/361
f 427/427/471 329/329/418 325/325/362 377/377/415
f 429/429/472 428/428/473 391/391/431 389/389/429
f 428/428/473 429/429/472 388/388/428 390/390/430
f 430/430/474 429/429/472 389/389/429 387/387/427
f 429/429/472 430/430/474 386/386/426 388/388/428
f 432/432/475 431/431/476 430/430/474 387/387/427
f 431/431/476 433/433/477 386/386/426 430/430/474
f 386/386/426 433/433/477 434/434/478 384/384/424
f 432/432/475 387/387/427 385/385/425 435/435/479
f 382/382/422 384/384/424 434/434/478 436/436/480
f 385/385/425 383/383/423 437/437/481 435/435/479
f 436/436/480 434/434/478 469/469/482 470/470/483
f 435/435/479 437/437/481 490/490/484 491/491/485
f 439/439/4 438/438/3 3/3/8 4/4/7
f 4/4/7 95/95/111 440/440/113 439/439/4
f 6/6/12 442/442/6 441/441/5 5/5/13
f 443/443/112 442/442/6 6/6/12 93/93/109
f 492/492/486 493/493/487 431/431/476 432/432/475
f 431/431/476 493/493/487 494/494/488 433/433/477
f 433/433/477 494/494/488 469/469/482 434/434/478
f 491/491/485 492/492/486 432/432/475 435/435/479
f 380/380/420 382/382/422 436/436/480 444/444/489
f 383/383/423 381/381/421 445/445/490 437/437/481
f 444/444/489 436/436/480 470/470/483 471/471/491
f 437/437/481 445/445/490 489/489/492 490/490/484
f 11/11/16 447/447/20 446/446/19 12/12/15
f 91/91/108 448/448/114 447/447/20 11/11/16
f 18/18/28 450/450/24 449/449/23 17/17/29
f 97/97/120 451/451/116 450/450/24 18/18/28
f 452/452/493 444/444/489 471/471/491 472/472/494
f 445/445/490 453/453/495 488/488/496 489/489/492
f 452/452/493 378/378/416 380/380/420 444/444/489
f 379/379/419 453/453/495 445/445/490 381/381/421
f 472/472/494 473/473/497 454/454/498 452/452/493
f 487/487/499 488/488/496 453/453/495 455/455/500
f 473/473/497 474/474/501 456/456/502 454/454/498
f 486/486/503 487/487/499 455/455/500 457/457/504
f 458/458/505 456/456/502 474/474/501 475/475/506
f 457/457/504 459/459/507 485/485/508 486/486/503
f 460/460/509 458/458/505 475/475/506 476/476/510
f 459/459/507 461/461/511 484/484/512 485/485/508
f 476/476/510 477/477/513 462/462/514 460/460/509
f 483/483/515 484/484/512 461/461/511 463/463/516
f 464/464/517 462/462/514 477/477/513 478/478/518
f 463/463/516 465/465/519 482/482/520 483/483/515
f 1228/1321/521 1229/1322/522 479/479/523 466/466/524
f 481/481/525 1187/1280/526 1188/1281/527 467/467/528
f 1244/1338/529 1245/1339/530 466/466/524 479/479/523
f 1234/1327/531 1235/1328/532 468/468/533 480/480/534
f 470/470/483 469/469/482 2/2/2 8/8/10
f 471/471/491 470/470/483 8/8/10 12/12/15
f 472/472/494 471/471/491 12/12/15 446/446/19
f 446/446/19 16/16/22 473/473/497 472/472/494
f 16/16/22 20/20/26 474/474/501 473/473/497
f 475/475/506 474/474/501 20/20/26 38/38/32
f 476/476/510 475/475/506 38/38/32 24/24/44
f 24/24/44 44/44/43 477/477/513 476/476/510
f 478/478/518 477/477/513 44/44/43 30/30/60
f 1229/1322/522 1230/1323/49 34/34/52 479/479/523
f 1243/1337/58 1244/1338/529 479/479/523 34/34/52
f 1233/1326/54 1234/1327/531 480/480/534 35/35/55
f 31/31/48 1186/1279/47 1187/1280/526 481/481/525
f 483/483/515 482/482/520 27/27/40 42/42/39
f 42/42/39 25/25/36 484/484/512 483/483/515
f 485/485/508 484/484/512 25/25/36 40/40/35
f 486/486/503 485/485/508 40/40/35 21/21/30
f 21/21/30 17/17/29 487/487/499 486/486/503
f 17/17/29 449/449/23 488/488/496 487/487/499
f 489/489/492 488/488/496 449/449/23 13/13/17
f 490/490/484 489/489/492 13/13/17 9/9/14
f 491/491/485 490/490/484 9/9/14 5/5/13
f 441/441/5 492/492/486 491/491/485 5/5/13
f 3/3/8 493/493/487 492/492/486 441/441/5
f 494/494/488 493/493/487 3/3/8 438/438/3
f 469/469/482 494/494/488 438/438/3 2/2/2
f 428/428/473 495/495/535 393/393/433 391/391/431
f 495/495/535 428/428/473 390/390/430 392/392/432
f 495/495/535 496/496/536 395/395/435 393/393/433
f 496/496/536 495/495/535 392/392/432 394/394/434
f 496/496/536 497/497/537 397/397/437 395/395/435
f 497/497/537 496/496/536 394/394/434 396/396/436
f 497/497/537 498/498/538 499/499/539 397/397/437
f 498/498/538 497/497/537 396/396/436 500/500/540
f 397/397/437 499/499/539 501/501/541 399/399/439
f 500/500/540 396/396/436 398/398/438 502/502/542
f 501/501/541 503/503/543 401/401/441 399/399/439
f 504/504/544 502/502/542 398/398/438 400/400/440
f 499/499/539 505/505/545 506/506/546 501/501/541
f 508/508/547 500/500/540 502/502/542 507/507/548
f 498/498/538 509/509/549 505/505/545 499/499/539
f 509/509/549 498/498/538 500/500/540 508/508/547
f 501/501/541 506/506/546 510/510/550 503/503/543
f 507/507/548 502/502/542 504/504/544 511/511/551
f 468/468/533 1235/1328/532 1236/1329/552 513/513/553
f 466/466/524 1245/1339/530 1246/1340/554 514/514/555
f 518/518/556 515/515/557 516/516/558 517/517/559
f 522/522/560 519/519/561 520/520/562 521/521/563
f 517/517/559 1885/2019/564 1886/2020/565 518/518/556
f 526/526/566 1902/2037/567 1903/2038/568 525/525/569
f 530/530/570 526/526/566 525/525/569 529/529/571
f 532/532/572 528/528/573 527/527/574 531/531/575
f 529/529/571 533/533/576 534/534/577 530/530/570
f 531/531/575 535/535/578 536/536/579 532/532/572
f 538/538/580 534/534/577 533/533/576 537/537/581
f 535/535/578 539/539/582 540/540/583 536/536/579
f 542/542/584 538/538/580 537/537/581 541/541/585
f 544/544/586 540/540/583 539/539/582 543/543/587
f 541/541/585 545/545/588 546/546/589 542/542/584
f 548/548/590 544/544/586 543/543/587 547/547/591
f 545/545/588 549/549/592 550/550/593 546/546/589
f 514/514/555 551/551/594 552/552/595 466/466/524
f 549/549/592 553/553/596 554/554/597 550/550/593
f 552/552/595 551/551/594 548/548/590 547/547/591
f 515/515/557 555/555/598 556/556/599 516/516/558
f 558/558/600 522/522/560 521/521/563 557/557/601
f 555/555/598 559/559/602 560/560/603 556/556/599
f 562/562/604 558/558/600 557/557/601 561/561/605
f 559/559/602 563/563/606 564/564/607 560/560/603
f 566/566/608 562/562/604 561/561/605 565/565/609
f 1886/2020/565 1887/2021/610 572/572/611 518/518/556
f 1903/2038/568 1904/2039/612 574/576/613 525/525/569
f 572/572/611 576/580/614 515/515/557 518/518/556
f 577/582/615 575/578/616 519/519/561 522/522/560
f 555/555/598 1940/2078/617 578/584/618 579/586/619
f 558/558/600 1948/2087/620 577/582/615 522/522/560
f 583/591/621 582/590/622 579/586/619 578/584/618
f 585/595/623 584/593/624 581/588/625 580/587/626
f 587/599/627 853/934/628 854/935/629 586/596/630
f 585/595/623 851/931/631 852/932/632 584/593/624
f 591/605/633 590/604/634 587/599/627 586/596/630
f 593/609/635 592/607/636 589/601/637 588/600/638
f 595/612/639 590/604/634 591/605/633 594/610/640
f 593/609/635 596/613/641 597/614/642 592/607/636
f 599/619/643 595/612/639 594/610/640 598/616/644
f 596/613/641 600/622/645 601/623/646 597/614/642
f 2092/2237/647 2093/2238/648 599/620/643 598/617/644
f 600/621/645 2107/2253/649 2108/2254/650 601/624/646
f 607/634/651 603/628/652 602/627/653 606/632/654
f 604/629/655 608/635/656 609/636/657 605/630/658
f 606/632/654 610/638/659 611/641/660 607/634/651
f 613/643/661 609/636/657 608/635/656 612/642/662
f 610/638/659 614/646/663 615/648/664 611/641/660
f 617/650/665 613/643/661 612/642/662 616/649/666
f 614/646/663 573/574/667 524/524/668 615/648/664
f 574/576/613 617/650/665 616/649/666 525/525/569
f 927/1012/669 928/1013/670 618/652/671 619/654/672
f 621/656/673 910/994/674 911/995/675 620/655/676
f 623/660/677 619/654/672 618/652/671 622/658/678
f 620/655/676 624/661/679 625/662/680 621/656/673
f 88/88/103 85/85/101 626/664/681 627/665/682
f 84/84/99 88/88/103 627/665/682 628/666/683
f 629/667/684 626/664/681 85/85/101 81/81/97
f 628/666/683 630/668/685 80/80/95 84/84/99
f 2163/2310/686 2164/2311/687 632/670/69 631/669/62
f 2164/2311/687 2165/2312/688 633/671/73 632/670/69
f 634/672/96 633/671/73 2165/2312/688 2166/2313/689
f 635/673/100 634/672/96 2166/2313/689 2167/2314/690
f 636/674/104 635/673/100 2167/2314/690 2168/2315/691
f 637/675/102 636/674/104 2168/2315/691 2169/2316/692
f 638/676/98 637/675/102 2169/2316/692 2170/2317/693
f 639/677/75 638/676/98 2170/2317/693 2171/2318/694
f 2171/2318/694 2172/2319/695 640/678/71 639/677/75
f 2172/2319/695 2173/2320/696 641/679/65 640/678/71
f 2173/2320/696 2174/2321/697 642/680/66 641/679/65
f 2174/2321/697 2175/2322/698 643/681/79 642/680/66
f 2175/2322/698 2176/2323/699 644/682/83 643/681/79
f 2176/2323/699 2177/2324/700 645/683/87 644/682/83
f 2177/2324/700 2178/2325/701 646/684/91 645/683/87
f 2178/2325/701 2179/2326/702 647/685/94 646/684/91
f 648/686/90 647/685/94 2179/2326/702 2180/2327/703
f 649/687/85 648/686/90 2180/2327/703 2181/2328/704
f 2181/2328/704 2182/2329/705 650/688/82 649/687/85
f 651/689/78 650/688/82 2182/2329/705 2183/2330/706
f 652/690/61 651/689/78 2183/2330/706 2184/2331/707
f 2184/2331/707 2163/2310/686 631/669/62 652/690/61
f 630/668/685 653/691/708 58/58/74 80/80/95
f 654/692/709 629/667/684 81/81/97 59/59/76
f 653/691/708 655/693/710 54/54/70 58/58/74
f 656/694/711 654/692/709 59/59/76 55/55/72
f 655/693/710 657/695/712 46/46/63 54/54/70
f 658/696/713 656/694/711 55/55/72 51/51/68
f 47/47/64 46/46/63 657/695/712 659/697/714
f 51/51/68 50/50/67 660/698/715 658/696/713
f 659/697/714 661/699/716 62/62/77 47/47/64
f 662/700/717 660/698/715 50/50/67 63/63/80
f 66/66/81 62/62/77 661/699/716 663/701/718
f 63/63/80 67/67/84 664/702/719 662/700/717
f 663/701/718 665/703/720 69/69/86 66/66/81
f 666/704/721 664/702/719 67/67/84 72/72/88
f 665/703/720 667/705/722 74/74/89 69/69/86
f 668/706/723 666/704/721 72/72/88 75/75/92
f 667/705/722 669/707/724 78/78/93 74/74/89
f 669/707/724 668/706/723 75/75/92 78/78/93
f 671/709/725 670/708/726 1252/1347/727 1253/1348/728
f 672/710/729 671/709/725 1253/1348/728 1254/1349/730
f 673/711/731 672/710/729 1254/1349/730 1255/1350/732
f 670/708/726 674/712/733 1273/1368/734 1252/1347/727
f 675/713/735 673/711/731 1255/1350/732 1256/1351/736
f 674/712/733 676/714/737 1272/1367/738 1273/1368/734
f 677/715/739 675/713/735 1256/1351/736 1257/1352/740
f 676/714/737 678/716/741 1271/1366/742 1272/1367/738
f 679/717/743 677/715/739 1257/1352/740 1258/1353/744
f 678/716/741 680/718/745 1270/1365/746 1271/1366/742
f 1258/1353/744 1259/1354/747 681/719/748 679/717/743
f 1269/1364/749 1270/1365/746 680/718/745 682/720/750
f 683/721/751 681/719/748 1259/1354/747 1260/1355/752
f 682/720/750 684/722/753 1268/1363/754 1269/1364/749
f 685/723/755 683/721/751 1260/1355/752 1261/1356/756
f 684/722/753 686/724/757 1267/1362/758 1268/1363/754
f 1261/1356/756 1262/1357/759 687/725/760 685/723/755
f 1266/1361/761 1267/1362/758 686/724/757 688/726/762
f 1262/1357/759 1263/1358/763 689/727/764 687/725/760
f 1265/1360/765 1266/1361/761 688/726/762 690/728/766
f 690/728/766 691/729/767 1264/1359/768 1265/1360/765
f 691/729/767 689/727/764 1263/1358/763 1264/1359/768
f 114/114/135 695/733/769 696/734/770 113/113/133
f 694/732/771 695/733/769 114/114/135 110/110/130
f 693/731/772 694/732/771 110/110/130 106/106/126
f 113/113/133 696/734/770 697/735/773 109/109/129
f 692/730/774 693/731/772 106/106/126 104/104/125
f 109/109/129 697/735/773 698/736/775 103/103/123
f 674/712/733 693/731/772 692/730/774 676/714/737
f 670/708/726 694/732/771 693/731/772 674/712/733
f 671/709/725 695/733/769 694/732/771 670/708/726
f 696/734/770 695/733/769 671/709/725 672/710/729
f 697/735/773 696/734/770 672/710/729 673/711/731
f 698/736/775 697/735/773 673/711/731 675/713/735
f 700/738/776 699/737/777 416/416/458 418/418/460
f 702/740/778 701/739/779 419/419/461 417/417/459
f 700/738/776 703/741/780 704/742/781 699/737/777
f 706/744/782 701/739/779 702/740/778 705/743/783
f 516/516/558 1218/1311/784 1219/1312/785 517/517/559
f 1197/1290/786 1198/1291/787 521/521/563 520/520/562
f 1217/1310/788 1218/1311/784 516/516/558 556/556/599
f 521/521/563 1198/1291/787 1199/1292/789 557/557/601
f 699/737/777 704/742/781 707/745/790 709/747/791
f 705/743/783 702/740/778 710/748/792 708/746/793
f 709/747/791 414/414/456 416/416/458 699/737/777
f 415/415/457 710/748/792 702/740/778 417/417/459
f 41/41/38 28/28/37 684/722/753 682/720/750
f 29/29/59 43/43/42 681/719/748 683/721/751
f 682/720/750 680/718/745 26/26/33 41/41/38
f 679/717/743 681/719/748 43/43/42 23/23/41
f 622/658/678 711/749/794 712/751/795 623/660/677
f 714/753/796 625/662/680 624/661/679 713/752/797
f 711/749/794 715/755/798 716/757/799 712/751/795
f 718/759/800 714/753/796 713/752/797 717/758/801
f 715/755/798 719/761/802 720/763/803 716/757/799
f 722/765/804 718/759/800 717/758/801 721/764/805
f 719/761/802 723/767/806 724/771/807 720/763/803
f 723/768/806 722/765/804 721/764/805 724/772/807
f 928/1014/670 2094/2239/808 2095/2240/809 618/653/671
f 2105/2251/810 2106/2252/811 910/993/674 621/657/673
f 2095/2240/809 2096/2241/812 622/659/678 618/653/671
f 2104/2250/813 2105/2251/810 621/657/673 625/663/680
f 2096/2241/812 2097/2242/814 711/750/794 622/659/678
f 2103/2249/815 2104/2250/813 625/663/680 714/754/796
f 2097/2242/814 2098/2243/816 715/756/798 711/750/794
f 2102/2248/817 2103/2249/815 714/754/796 718/760/800
f 2098/2243/816 2099/2244/818 719/762/802 715/756/798
f 2101/2247/819 2102/2248/817 718/760/800 722/766/804
f 2099/2244/818 2100/2245/820 723/769/806 719/762/802
f 2100/2246/820 2101/2247/819 722/766/804 723/770/806
f 736/785/821 926/1011/822 927/1012/669 619/654/672
f 911/995/675 912/996/823 737/786/824 620/655/676
f 738/787/825 736/785/821 619/654/672 623/660/677
f 737/786/824 739/788/826 624/661/679 620/655/676
f 623/660/677 712/751/795 740/789/827 738/787/825
f 713/752/797 624/661/679 739/788/826 741/790/828
f 742/791/829 740/789/827 712/751/795 716/757/799
f 741/790/828 743/792/830 717/758/801 713/752/797
f 744/793/831 742/791/829 716/757/799 720/763/803
f 743/792/830 745/794/832 721/764/805 717/758/801
f 746/795/833 744/793/831 720/763/803 724/771/807
f 745/794/832 746/796/833 724/772/807 721/764/805
f 747/797/834 725/773/835 929/1015/836 930/1016/837
f 726/774/838 748/798/839 908/991/840 909/992/841
f 747/797/834 749/799/842 727/775/843 725/773/835
f 750/800/844 748/798/839 726/774/838 728/776/845
f 751/801/846 729/777/847 727/775/843 749/799/842
f 730/778/848 752/802/849 750/800/844 728/776/845
f 753/803/850 731/779/851 729/777/847 751/801/846
f 732/780/852 754/804/853 752/802/849 730/778/848
f 753/803/850 755/805/854 733/781/855 731/779/851
f 756/806/856 754/804/853 732/780/852 734/782/857
f 755/805/854 757/807/858 735/783/859 733/781/855
f 757/808/858 756/806/856 734/782/857 735/784/859
f 925/1010/860 926/1011/822 736/785/821 758/809/861
f 737/786/824 912/996/823 913/997/862 759/810/863
f 740/789/827 742/791/829 760/811/864 761/812/865
f 743/792/830 741/790/828 762/813/866 763/814/867
f 738/787/825 740/789/827 761/812/865 764/815/868
f 741/790/828 739/788/826 765/816/869 762/813/866
f 764/815/868 758/809/861 736/785/821 738/787/825
f 759/810/863 765/816/869 739/788/826 737/786/824
f 766/817/870 760/811/864 742/791/829 744/793/831
f 763/814/867 767/818/871 745/794/832 743/792/830
f 768/819/872 766/817/870 744/793/831 746/795/833
f 767/818/871 768/820/872 746/796/833 745/794/832
f 770/822/873 769/821/874 766/817/870 768/819/872
f 771/824/875 770/823/873 768/820/872 767/818/871
f 773/826/876 772/825/877 769/821/874 770/822/873
f 774/828/878 773/827/876 770/823/873 771/824/875
f 776/831/879 772/825/877 773/826/876 775/829/880
f 774/828/878 777/832/881 775/830/880 773/827/876
f 919/1004/882 920/1005/883 776/831/879 775/829/880
f 918/1002/884 919/1003/882 775/830/880 777/832/881
f 782/839/885 778/833/886 779/835/887 781/838/888
f 780/836/889 783/840/890 781/837/888 779/834/887
f 783/840/890 570/570/891 571/571/892 781/837/888
f 569/569/893 782/839/885 781/838/888 571/571/892
f 785/843/894 784/841/895 757/807/858 755/805/854
f 784/842/895 786/844/896 756/806/856 757/808/858
f 788/846/897 784/841/895 785/843/894 787/845/898
f 784/842/895 788/847/897 789/848/899 786/844/896
f 787/845/898 1057/1147/900 1058/1148/901 788/846/897
f 1058/1149/901 1059/1150/902 789/848/899 788/847/897
f 794/858/903 791/851/904 790/849/905 793/857/906
f 791/852/904 794/859/903 795/860/907 792/855/908
f 797/862/909 796/861/910 793/857/906 790/849/905
f 799/866/911 798/864/912 792/855/908 795/860/907
f 801/868/913 800/867/914 796/861/910 797/862/909
f 803/872/915 802/870/916 798/864/912 799/866/911
f 805/874/917 804/873/918 1070/1161/919 1071/1162/920
f 1075/1167/921 1076/1168/922 802/870/916 803/872/915
f 809/880/923 806/876/924 807/878/925 808/879/926
f 805/874/917 810/882/927 811/884/928 804/873/918
f 808/879/926 812/885/929 813/886/930 809/880/923
f 815/890/931 811/884/928 810/882/927 814/888/932
f 1048/1136/933 1049/1137/934 813/886/930 812/885/929
f 1044/1131/935 1045/1132/936 818/894/937 819/896/938
f 819/896/938 818/894/937 822/900/939 823/902/940
f 1240/1334/941 1241/1335/942 824/903/943 825/905/944
f 1250/1345/945 1251/1346/946 823/902/940 822/900/939
f 822/901/939 826/906/947 1249/1343/948 1250/1344/945
f 1239/1332/949 1240/1333/941 825/904/944 827/907/950
f 830/910/951 1238/1331/952 1239/1332/949 827/907/950
f 831/911/953 1248/1342/954 1249/1343/948 826/906/947
f 833/913/955 514/514/555 1246/1340/554 1247/1341/956
f 1236/1329/552 1237/1330/957 832/912/958 513/513/553
f 831/911/953 833/913/955 1247/1341/956 1248/1342/954
f 1237/1330/957 1238/1331/952 830/910/951 832/912/958
f 524/524/668 523/523/959 527/527/574 528/528/573
f 906/989/960 907/990/961 835/915/962 836/916/963
f 838/918/964 931/1017/965 932/1018/966 837/917/967
f 907/990/961 908/991/840 748/798/839 835/915/962
f 930/1016/837 931/1017/965 838/918/964 747/797/834
f 750/800/844 839/919/968 835/915/962 748/798/839
f 840/920/969 749/799/842 747/797/834 838/918/964
f 839/919/968 750/800/844 752/802/849 841/921/970
f 749/799/842 840/920/969 842/922/971 751/801/846
f 754/804/853 843/923/972 841/921/970 752/802/849
f 844/924/973 753/803/850 751/801/846 842/922/971
f 756/806/856 786/844/896 843/923/972 754/804/853
f 785/843/894 755/805/854 753/803/850 844/924/973
f 845/925/974 843/923/972 786/844/896 789/848/899
f 844/924/973 846/926/975 787/845/898 785/843/894
f 847/927/976 841/921/970 843/923/972 845/925/974
f 842/922/971 848/928/977 846/926/975 844/924/973
f 849/929/978 839/919/968 841/921/970 847/927/976
f 840/920/969 850/930/979 848/928/977 842/922/971
f 835/915/962 839/919/968 849/929/978 836/916/963
f 840/920/969 838/918/964 837/917/967 850/930/979
f 852/932/632 851/931/631 588/600/638 589/601/637
f 854/935/629 853/934/628 582/590/622 583/591/621
f 856/938/980 851/931/631 585/595/623 855/937/981
f 853/934/628 857/939/982 858/940/983 582/590/622
f 856/938/980 855/937/981 859/941/984 860/942/985
f 858/940/983 857/939/982 861/943/986 862/944/987
f 864/946/988 860/942/985 859/941/984 863/945/989
f 861/943/986 865/947/990 866/948/991 862/944/987
f 868/950/992 864/946/988 863/945/989 867/949/993
f 865/947/990 869/951/994 870/952/995 866/948/991
f 783/840/890 780/836/889 868/950/992 867/949/993
f 778/833/886 782/839/885 870/952/995 869/951/994
f 568/568/996 1945/2084/997 1946/2085/998 566/566/608
f 866/948/991 1937/2075/999 1938/2076/1000 862/944/987
f 562/562/604 566/566/608 1946/2085/998 1947/2086/1001
f 1938/2076/1000 1939/2077/1002 858/940/983 862/944/987
f 1947/2086/1001 580/587/626 558/558/600 562/562/604
f 582/590/622 858/940/983 1939/2077/1002 579/586/619
f 766/817/870 769/821/874 871/953/1003 760/811/864
f 771/824/875 767/818/871 763/814/867 872/954/1004
f 769/821/874 772/825/877 873/955/1005 871/953/1003
f 774/828/878 771/824/875 872/954/1004 874/956/1006
f 772/825/877 776/831/879 875/957/1007 873/955/1005
f 777/832/881 774/828/878 874/956/1006 876/958/1008
f 920/1005/883 921/1006/1009 875/957/1007 776/831/879
f 876/958/1008 917/1001/1010 918/1002/884 777/832/881
f 760/811/864 871/953/1003 877/959/1011 761/812/865
f 872/954/1004 763/814/867 762/813/866 878/960/1012
f 764/815/868 761/812/865 877/959/1011 879/961/1013
f 762/813/866 765/816/869 880/962/1014 878/960/1012
f 881/963/1015 877/959/1011 871/953/1003 873/955/1005
f 878/960/1012 882/964/1016 874/956/1006 872/954/1004
f 879/961/1013 877/959/1011 881/963/1015 883/965/1017
f 878/960/1012 880/962/1014 884/966/1018 882/964/1016
f 764/815/868 879/961/1013 885/967/1019 758/809/861
f 880/962/1014 765/816/869 759/810/863 886/968/1020
f 883/965/1017 887/969/1021 885/967/1019 879/961/1013
f 888/970/1022 884/966/1018 880/962/1014 886/968/1020
f 857/939/982 889/971/1023 890/972/1024 861/943/986
f 886/968/1020 914/998/1025 915/999/1026 888/970/1022
f 923/1008/1027 924/1009/1028 885/967/1019 887/969/1021
f 892/974/1029 891/973/1030 856/938/980 860/942/985
f 924/1009/1028 925/1010/860 758/809/861 885/967/1019
f 913/997/862 914/998/1025 886/968/1020 759/810/863
f 587/599/627 889/971/1023 857/939/982 853/934/628
f 891/973/1030 588/600/638 851/931/631 856/938/980
f 890/972/1024 893/975/1031 865/947/990 861/943/986
f 894/976/1032 892/974/1029 860/942/985 864/946/988
f 887/969/1021 895/977/1033 922/1007/1034 923/1008/1027
f 896/978/1035 888/970/1022 915/999/1026 916/1000/1036
f 898/980/1037 897/979/1038 868/950/992 780/836/889
f 780/836/889 779/834/887 899/981/1039 898/980/1037
f 779/835/887 778/833/886 900/983/1040 899/982/1039
f 869/951/994 901/984/1041 900/983/1040 778/833/886
f 869/951/994 865/947/990 893/975/1031 901/984/1041
f 864/946/988 868/950/992 897/979/1038 894/976/1032
f 921/1006/1009 922/1007/1034 895/977/1033 875/957/1007
f 916/1000/1036 917/1001/1010 876/958/1008 896/978/1035
f 902/985/1042 881/963/1015 873/955/1005 875/957/1007
f 882/964/1016 903/986/1043 876/958/1008 874/956/1006
f 881/963/1015 902/985/1042 904/987/1044 883/965/1017
f 903/986/1043 882/964/1016 884/966/1018 905/988/1045
f 895/977/1033 887/969/1021 883/965/1017 904/987/1044
f 888/970/1022 896/978/1035 905/988/1045 884/966/1018
f 904/987/1044 902/985/1042 875/957/1007 895/977/1033
f 903/986/1043 905/988/1045 896/978/1035 876/958/1008
f 612/642/662 907/990/961 906/989/960 616/649/666
f 612/642/662 608/635/656 908/991/840 907/990/961
f 909/992/841 908/991/840 608/635/656 604/629/655
f 2106/2252/811 2107/2253/649 600/621/645 910/993/674
f 911/995/675 910/994/674 600/622/645 596/613/641
f 593/609/635 912/996/823 911/995/675 596/613/641
f 913/997/862 912/996/823 593/609/635 588/600/638
f 588/600/638 891/973/1030 914/998/1025 913/997/862
f 915/999/1026 914/998/1025 891/973/1030 892/974/1029
f 916/1000/1036 915/999/1026 892/974/1029 894/976/1032
f 894/976/1032 897/979/1038 917/1001/1010 916/1000/1036
f 918/1002/884 917/1001/1010 897/979/1038 898/980/1037
f 898/980/1037 899/981/1039 919/1003/882 918/1002/884
f 899/982/1039 900/983/1040 920/1005/883 919/1004/882
f 900/983/1040 901/984/1041 921/1006/1009 920/1005/883
f 901/984/1041 893/975/1031 922/1007/1034 921/1006/1009
f 923/1008/1027 922/1007/1034 893/975/1031 890/972/1024
f 890/972/1024 889/971/1023 924/1009/1028 923/1008/1027
f 889/971/1023 587/599/627 925/1010/860 924/1009/1028
f 590/604/634 926/1011/822 925/1010/860 587/599/627
f 927/1012/669 926/1011/822 590/604/634 595/612/639
f 599/619/643 928/1013/670 927/1012/669 595/612/639
f 599/620/643 2093/2238/648 2094/2239/808 928/1014/670
f 930/1016/837 929/1015/836 603/628/652 607/634/651
f 607/634/651 611/641/660 931/1017/965 930/1016/837
f 932/1018/966 931/1017/965 611/641/660 615/648/664
f 906/989/960 529/529/571 525/525/569 616/649/666
f 528/528/573 932/1018/966 615/648/664 524/524/668
f 836/916/963 533/533/576 529/529/571 906/989/960
f 532/532/572 837/917/967 932/1018/966 528/528/573
f 934/1020/1046 933/1019/1047 790/850/905 791/853/904
f 792/856/908 935/1022/1048 934/1021/1046 791/854/904
f 790/850/905 933/1019/1047 936/1023/1049 797/863/909
f 935/1022/1048 792/856/908 798/865/912 937/1024/1050
f 936/1023/1049 938/1025/1051 801/869/913 797/863/909
f 939/1026/1052 937/1024/1050 798/865/912 802/871/916
f 940/1027/1053 805/875/917 1071/1163/920 1072/1164/1054
f 1076/1169/922 1077/1170/1055 939/1026/1052 802/871/916
f 805/875/917 940/1027/1053 942/1029/1056 810/883/927
f 941/1028/1057 806/877/924 809/881/923 943/1030/1058
f 810/883/927 942/1029/1056 944/1031/1059 814/889/932
f 943/1030/1058 809/881/923 813/887/930 945/1032/1060
f 1045/1133/936 1046/1134/1061 946/1033/1062 818/895/937
f 1049/1138/934 1050/1139/1063 945/1032/1060 813/887/930
f 826/906/947 822/901/939 818/895/937 946/1033/1062
f 831/911/953 826/906/947 946/1033/1062 949/1036/1064
f 949/1036/1064 951/1038/1065 833/913/955 831/911/953
f 951/1038/1065 551/551/594 514/514/555 833/913/955
f 1219/1312/785 1884/2018/1066 1885/2019/564 517/517/559
f 526/526/566 1196/1289/1067 1901/2036/1068 1902/2037/567
f 523/523/959 1220/1313/1069 1221/1314/1070 527/527/574
f 1195/1288/1071 1196/1289/1067 526/526/566 530/530/570
f 1221/1314/1070 1222/1315/1072 531/531/575 527/527/574
f 534/534/577 1194/1287/1073 1195/1288/1071 530/530/570
f 1222/1315/1072 1223/1316/1074 535/535/578 531/531/575
f 538/538/580 1193/1286/1075 1194/1287/1073 534/534/577
f 539/539/582 535/535/578 1223/1316/1074 1224/1317/1076
f 538/538/580 542/542/584 1192/1285/1077 1193/1286/1075
f 543/543/587 539/539/582 1224/1317/1076 1225/1318/1078
f 542/542/584 546/546/589 1191/1284/1079 1192/1285/1077
f 1225/1318/1078 1226/1319/1080 547/547/591 543/543/587
f 1190/1283/1081 1191/1284/1079 546/546/589 550/550/593
f 1226/1319/1080 1227/1320/1082 552/552/595 547/547/591
f 1189/1282/1083 1190/1283/1081 550/550/593 554/554/597
f 552/552/595 1227/1320/1082 1228/1321/521 466/466/524
f 703/741/780 700/738/776 1882/2016/1084 1883/2017/1085
f 1899/2034/1086 1900/2035/1087 953/1040/1088 969/1056/1089
f 700/738/776 418/418/460 1881/2015/462 1882/2016/1084
f 1898/2033/463 1899/2034/1086 969/1056/1089 421/421/464
f 556/556/599 560/560/603 1216/1309/1090 1217/1310/788
f 561/561/605 557/557/601 1199/1292/789 1200/1293/1091
f 970/1057/1092 972/1059/1093 709/747/791 707/745/790
f 973/1060/1094 971/1058/1095 708/746/793 710/748/792
f 414/414/456 709/747/791 972/1059/1093 412/412/453
f 710/748/792 415/415/457 413/413/455 973/1060/1094
f 975/1062/1096 509/509/549 508/508/547 974/1061/1097
f 509/509/549 975/1062/1096 976/1063/1098 505/505/545
f 977/1064/1099 506/506/546 505/505/545 976/1063/1098
f 507/507/548 978/1065/1100 974/1061/1097 508/508/547
f 979/1066/1101 510/510/550 506/506/546 977/1064/1099
f 511/511/551 980/1067/1102 978/1065/1100 507/507/548
f 982/1069/1103 975/1062/1096 974/1061/1097 981/1068/1104
f 975/1062/1096 982/1069/1103 983/1070/1105 976/1063/1098
f 978/1065/1100 984/1071/1106 981/1068/1104 974/1061/1097
f 985/1072/1107 977/1064/1099 976/1063/1098 983/1070/1105
f 984/1071/1106 978/1065/1100 980/1067/1102 986/1073/1108
f 977/1064/1099 985/1072/1107 987/1074/1109 979/1066/1101
f 1144/1237/1110 1145/1238/1111 988/1075/1112 989/1076/1113
f 990/1077/1114 1143/1236/1115 1144/1237/1110 989/1076/1113
f 1145/1238/1111 1146/1239/1116 991/1078/1117 988/1075/1112
f 992/1079/1118 1142/1235/1119 1143/1236/1115 990/1077/1114
f 1146/1239/1116 1147/1240/1120 993/1080/1121 991/1078/1117
f 994/1081/1122 1141/1234/1123 1142/1235/1119 992/1079/1118
f 988/1075/1112 995/1082/1124 996/1083/1125 989/1076/1113
f 997/1084/1126 990/1077/1114 989/1076/1113 996/1083/1125
f 991/1078/1117 998/1085/1127 995/1082/1124 988/1075/1112
f 999/1086/1128 992/1079/1118 990/1077/1114 997/1084/1126
f 993/1080/1121 1000/1087/1129 998/1085/1127 991/1078/1117
f 1001/1088/1130 994/1081/1122 992/1079/1118 999/1086/1128
f 1003/1090/1131 996/1083/1125 995/1082/1124 1002/1089/1132
f 996/1083/1125 1003/1090/1131 1004/1091/1133 997/1084/1126
f 1002/1089/1132 995/1082/1124 998/1085/1127 1005/1092/1134
f 997/1084/1126 1004/1091/1133 1006/1093/1135 999/1086/1128
f 1000/1087/1129 1007/1094/1136 1005/1092/1134 998/1085/1127
f 1008/1095/1137 1001/1088/1130 999/1086/1128 1006/1093/1135
f 1010/1097/1138 1003/1090/1131 1002/1089/1132 1009/1096/1139
f 1003/1090/1131 1010/1097/1138 1011/1098/1140 1004/1091/1133
f 1005/1092/1134 1012/1099/1141 1009/1096/1139 1002/1089/1132
f 1013/1100/1142 1006/1093/1135 1004/1091/1133 1011/1098/1140
f 1012/1099/1141 1005/1092/1134 1007/1094/1136 1014/1101/1143
f 1006/1093/1135 1013/1100/1142 1015/1102/1144 1008/1095/1137
f 412/412/453 972/1059/1093 1018/1105/1145 410/410/454
f 973/1060/1094 413/413/455 411/411/452 1019/1106/1146
f 1085/1178/450 1086/1179/1147 1020/1107/1148 408/408/448
f 1019/1106/1146 411/411/452 1092/1185/451 1093/1186/1149
f 1022/1109/1150 406/406/446 408/408/448 1020/1107/1148
f 407/407/447 1023/1110/1151 1021/1108/1152 409/409/449
f 1024/1111/1153 404/404/444 406/406/446 1022/1109/1150
f 405/405/445 1025/1112/1154 1023/1110/1151 407/407/447
f 1026/1113/1155 402/402/442 404/404/444 1024/1111/1153
f 403/403/443 1027/1114/1156 1025/1112/1154 405/405/445
f 400/400/440 402/402/442 1026/1113/1155 504/504/544
f 403/403/443 401/401/441 503/503/543 1027/1114/1156
f 560/560/603 564/564/607 1215/1308/1157 1216/1309/1090
f 565/565/609 561/561/605 1200/1293/1091 1201/1294/1158
f 970/1057/1092 1028/1115/1159 1030/1117/1160 972/1059/1093
f 1029/1116/1161 971/1058/1095 973/1060/1094 1031/1118/1162
f 540/540/583 1032/1119/1163 1033/1120/1164 536/536/579
f 1038/1125/1165 1039/1126/1166 1034/1121/1167 1035/1122/1168
f 1036/1123/1169 1037/1124/1170 942/1029/1056 940/1027/1053
f 1035/1122/1168 1034/1121/1167 541/541/585 537/537/581
f 1033/1120/1164 1032/1119/1163 1037/1124/1170 1036/1123/1169
f 943/1030/1058 1039/1126/1166 1038/1125/1165 941/1028/1057
f 1037/1124/1170 1040/1127/1171 944/1031/1059 942/1029/1056
f 1041/1128/1172 1039/1126/1166 943/1030/1058 945/1032/1060
f 1046/1134/1061 1047/1135/1173 949/1036/1064 946/1033/1062
f 1050/1139/1063 1051/1140/1174 1041/1128/1172 945/1032/1060
f 1042/1129/1175 1032/1119/1163 540/540/583 544/544/586
f 1034/1121/1167 1043/1130/1176 545/545/588 541/541/585
f 1040/1127/1171 1037/1124/1170 1032/1119/1163 1042/1129/1175
f 1039/1126/1166 1041/1128/1172 1043/1130/1176 1034/1121/1167
f 814/888/932 1045/1132/936 1044/1131/935 815/890/931
f 944/1031/1059 1046/1134/1061 1045/1133/936 814/889/932
f 1040/1127/1171 1047/1135/1173 1046/1134/1061 944/1031/1059
f 817/892/1177 1049/1137/934 1048/1136/933 816/891/1178
f 947/1034/1179 1050/1139/1063 1049/1138/934 817/893/1177
f 948/1035/1180 1051/1140/1174 1050/1139/1063 947/1034/1179
f 1047/1135/1173 1040/1127/1171 1042/1129/1175 1052/1141/1181
f 1041/1128/1172 1051/1140/1174 1053/1142/1182 1043/1130/1176
f 544/544/586 548/548/590 1052/1141/1181 1042/1129/1175
f 549/549/592 545/545/588 1043/1130/1176 1053/1142/1182
f 951/1038/1065 1052/1141/1181 548/548/590 551/551/594
f 1053/1142/1182 950/1037/1183 553/553/596 549/549/592
f 951/1038/1065 949/1036/1064 1047/1135/1173 1052/1141/1181
f 948/1035/1180 950/1037/1183 1053/1142/1182 1051/1140/1174
f 1055/1144/1184 1054/1143/1185 933/1019/1047 934/1020/1046
f 934/1021/1046 935/1022/1048 1056/1146/1186 1055/1145/1184
f 1058/1148/901 1057/1147/900 1054/1143/1185 1055/1144/1184
f 1055/1145/1184 1056/1146/1186 1059/1150/902 1058/1149/901
f 936/1023/1049 933/1019/1047 1054/1143/1185 1060/1151/1187
f 935/1022/1048 937/1024/1050 1061/1152/1188 1056/1146/1186
f 1057/1147/900 1062/1153/1189 1060/1151/1187 1054/1143/1185
f 1063/1154/1190 1059/1150/902 1056/1146/1186 1061/1152/1188
f 787/845/898 846/926/975 848/928/977 1057/1147/900
f 845/925/974 789/848/899 1059/1150/902 847/927/976
f 850/930/979 1062/1153/1189 1057/1147/900 848/928/977
f 1063/1154/1190 849/929/978 847/927/976 1059/1150/902
f 1060/1151/1187 1064/1155/1191 938/1025/1051 936/1023/1049
f 1065/1156/1192 1061/1152/1188 937/1024/1050 939/1026/1052
f 940/1027/1053 1072/1164/1054 1073/1165/1193 1036/1123/1169
f 939/1026/1052 1077/1170/1055 1078/1171/1194 1065/1156/1192
f 1062/1153/1189 1066/1157/1195 1064/1155/1191 1060/1151/1187
f 1067/1158/1196 1063/1154/1190 1061/1152/1188 1065/1156/1192
f 1073/1165/1193 1074/1166/1197 1033/1120/1164 1036/1123/1169
f 1078/1171/1194 1079/1172/1198 1067/1158/1196 1065/1156/1192
f 1068/1159/1199 1066/1157/1195 1062/1153/1189 850/930/979
f 1067/1158/1196 1069/1160/1200 849/929/978 1063/1154/1190
f 532/532/572 1068/1159/1199 850/930/979 837/917/967
f 1069/1160/1200 533/533/576 836/916/963 849/929/978
f 1071/1162/920 1070/1161/919 800/867/914 801/868/913
f 1072/1164/1054 1071/1163/920 801/869/913 938/1025/1051
f 1073/1165/1193 1072/1164/1054 938/1025/1051 1064/1155/1191
f 1066/1157/1195 1074/1166/1197 1073/1165/1193 1064/1155/1191
f 807/878/925 806/876/924 1076/1168/922 1075/1167/921
f 806/877/924 941/1028/1057 1077/1170/1055 1076/1169/922
f 1078/1171/1194 1077/1170/1055 941/1028/1057 1038/1125/1165
f 1035/1122/1168 1079/1172/1198 1078/1171/1194 1038/1125/1165
f 1068/1159/1199 532/532/572 1074/1166/1197 1066/1157/1195
f 533/533/576 1069/1160/1200 1067/1158/1196 1079/1172/1198
f 536/536/579 1033/1120/1164 1074/1166/1197 532/532/572
f 1035/1122/1168 537/537/581 533/533/576 1079/1172/1198
f 281/281/212 1081/1174/205 1080/1173/204 184/184/213
f 185/185/303 1082/1175/299 1081/1174/205 281/281/212
f 254/254/306 1083/1176/300 1082/1175/299 185/185/303
f 360/360/398 1084/1177/394 1083/1176/300 254/254/306
f 410/410/454 1085/1178/450 1084/1177/394 360/360/398
f 410/410/454 1018/1105/1145 1086/1179/1147 1085/1178/450
f 308/308/202 1088/1181/206 1087/1180/343 183/183/345
f 182/182/203 1089/1182/207 1088/1181/206 308/308/202
f 253/253/298 1090/1183/301 1089/1182/207 182/182/203
f 359/359/393 1091/1184/395 1090/1183/301 253/253/298
f 409/409/449 1092/1185/451 1091/1184/395 359/359/393
f 1093/1186/1149 1092/1185/451 409/409/449 1021/1108/1152
f 1095/1188/1201 1094/1187/1202 1020/1107/1148 1086/1179/1147
f 1097/1190/1203 1096/1189/1204 1093/1186/1149 1021/1108/1152
f 1094/1187/1202 1098/1191/1205 1022/1109/1150 1020/1107/1148
f 1099/1192/1206 1097/1190/1203 1021/1108/1152 1023/1110/1151
f 1100/1193/1207 1018/1105/1145 972/1059/1093 1030/1117/1160
f 1019/1106/1146 1101/1194/1208 1031/1118/1162 973/1060/1094
f 1095/1188/1201 1086/1179/1147 1018/1105/1145 1100/1193/1207
f 1093/1186/1149 1096/1189/1204 1101/1194/1208 1019/1106/1146
f 504/504/544 1026/1113/1155 1102/1195/1209 511/511/551
f 1027/1114/1156 503/503/543 510/510/550 1103/1196/1210
f 1026/1113/1155 1024/1111/1153 1104/1197/1211 1102/1195/1209
f 1025/1112/1154 1027/1114/1156 1103/1196/1210 1105/1198/1212
f 1024/1111/1153 1022/1109/1150 1098/1191/1205 1104/1197/1211
f 1023/1110/1151 1025/1112/1154 1105/1198/1212 1099/1192/1206
f 1113/1206/1213 1107/1200/1214 1106/1199/1215 1112/1205/1216
f 1108/1201/1217 1114/1207/1218 1115/1208/1219 1109/1202/1220
f 1112/1205/1216 1106/1199/1215 1017/1104/1221 1014/1101/1143
f 1109/1202/1220 1115/1208/1219 1015/1102/1144 1016/1103/1222
f 1116/1209/1223 1030/1117/1160 1028/1115/1159 1110/1203/1224
f 1031/1118/1162 1117/1210/1225 1111/1204/1226 1029/1116/1161
f 1116/1209/1223 1110/1203/1224 1107/1200/1214 1113/1206/1213
f 1111/1204/1226 1117/1210/1225 1114/1207/1218 1108/1201/1217
f 1030/1117/1160 1116/1209/1223 1118/1211/1227 1100/1193/1207
f 1117/1210/1225 1031/1118/1162 1101/1194/1208 1119/1212/1228
f 1116/1209/1223 1113/1206/1213 1120/1213/1229 1118/1211/1227
f 1114/1207/1218 1117/1210/1225 1119/1212/1228 1121/1214/1230
f 1122/1215/1231 1120/1213/1229 1113/1206/1213 1112/1205/1216
f 1121/1214/1230 1123/1216/1232 1115/1208/1219 1114/1207/1218
f 1014/1101/1143 1007/1094/1136 1122/1215/1231 1112/1205/1216
f 1008/1095/1137 1015/1102/1144 1115/1208/1219 1123/1216/1232
f 1124/1217/1233 1122/1215/1231 1007/1094/1136 1000/1087/1129
f 1123/1216/1232 1125/1218/1234 1001/1088/1130 1008/1095/1137
f 1124/1217/1233 1126/1219/1235 1120/1213/1229 1122/1215/1231
f 1127/1220/1236 1125/1218/1234 1123/1216/1232 1121/1214/1230
f 1126/1219/1235 1128/1221/1237 1118/1211/1227 1120/1213/1229
f 1129/1222/1238 1127/1220/1236 1121/1214/1230 1119/1212/1228
f 1100/1193/1207 1118/1211/1227 1128/1221/1237 1095/1188/1201
f 1119/1212/1228 1101/1194/1208 1096/1189/1204 1129/1222/1238
f 1130/1223/1239 980/1067/1102 511/511/551 1102/1195/1209
f 979/1066/1101 1131/1224/1240 1103/1196/1210 510/510/550
f 986/1073/1108 980/1067/1102 1130/1223/1239 1132/1225/1241
f 979/1066/1101 987/1074/1109 1133/1226/1242 1131/1224/1240
f 993/1080/1121 1147/1240/1120 1148/1241/1243 1134/1227/1244
f 1140/1233/1245 1141/1234/1123 994/1081/1122 1135/1228/1246
f 1134/1227/1244 1124/1217/1233 1000/1087/1129 993/1080/1121
f 1125/1218/1234 1135/1228/1246 994/1081/1122 1001/1088/1130
f 1134/1227/1244 1136/1229/1247 1126/1219/1235 1124/1217/1233
f 1137/1230/1248 1135/1228/1246 1125/1218/1234 1127/1220/1236
f 1136/1229/1247 1138/1231/1249 1128/1221/1237 1126/1219/1235
f 1139/1232/1250 1137/1230/1248 1127/1220/1236 1129/1222/1238
f 1095/1188/1201 1128/1221/1237 1138/1231/1249 1094/1187/1202
f 1129/1222/1238 1096/1189/1204 1097/1190/1203 1139/1232/1250
f 987/1074/1109 1141/1234/1123 1140/1233/1245 1133/1226/1242
f 1142/1235/1119 1141/1234/1123 987/1074/1109 985/1072/1107
f 1143/1236/1115 1142/1235/1119 985/1072/1107 983/1070/1105
f 1144/1237/1110 1143/1236/1115 983/1070/1105 982/1069/1103
f 981/1068/1104 1145/1238/1111 1144/1237/1110 982/1069/1103
f 984/1071/1106 1146/1239/1116 1145/1238/1111 981/1068/1104
f 986/1073/1108 1147/1240/1120 1146/1239/1116 984/1071/1106
f 1148/1241/1243 1147/1240/1120 986/1073/1108 1132/1225/1241
f 1149/1242/1251 1130/1223/1239 1102/1195/1209 1104/1197/1211
f 1131/1224/1240 1150/1243/1252 1105/1198/1212 1103/1196/1210
f 1104/1197/1211 1098/1191/1205 1151/1244/1253 1149/1242/1251
f 1099/1192/1206 1105/1198/1212 1150/1243/1252 1152/1245/1254
f 1151/1244/1253 1098/1191/1205 1094/1187/1202 1138/1231/1249
f 1099/1192/1206 1152/1245/1254 1139/1232/1250 1097/1190/1203
f 1153/1246/1255 1151/1244/1253 1138/1231/1249 1136/1229/1247
f 1152/1245/1254 1154/1247/1256 1137/1230/1248 1139/1232/1250
f 1136/1229/1247 1134/1227/1244 1148/1241/1243 1153/1246/1255
f 1135/1228/1246 1137/1230/1248 1154/1247/1256 1140/1233/1245
f 1155/1248/1257 1132/1225/1241 1130/1223/1239 1149/1242/1251
f 1133/1226/1242 1156/1249/1258 1150/1243/1252 1131/1224/1240
f 1153/1246/1255 1155/1248/1257 1149/1242/1251 1151/1244/1253
f 1156/1249/1258 1154/1247/1256 1152/1245/1254 1150/1243/1252
f 1132/1225/1241 1155/1248/1257 1153/1246/1255 1148/1241/1243
f 1156/1249/1258 1133/1226/1242 1140/1233/1245 1154/1247/1256
f 1213/1306/1259 1214/1307/1260 1159/1252/1261 1157/1250/1262
f 1160/1253/1263 1202/1295/1264 1203/1296/1265 1158/1251/1266
f 564/564/607 1159/1252/1261 1214/1307/1260 1215/1308/1157
f 1160/1253/1263 565/565/609 1201/1294/1158 1202/1295/1264
f 567/567/1267 1159/1252/1261 564/564/607 563/563/606
f 1160/1253/1263 568/568/996 566/566/608 565/565/609
f 1159/1252/1261 567/567/1267 1157/1250/1262
f 568/568/996 1160/1253/1263 1158/1251/1266
f 1211/1304/1268 1212/1305/1269 1163/1256/1270 1161/1254/1271
f 1164/1257/1272 1204/1297/1273 1205/1298/1274 1162/1255/1275
f 1212/1305/1269 1213/1306/1259 1157/1250/1262 1163/1256/1270
f 1158/1251/1266 1203/1296/1265 1204/1297/1273 1164/1257/1272
f 1157/1250/1262 567/567/1267 1165/1258/1276 1163/1256/1270
f 568/568/996 1158/1251/1266 1164/1257/1272 1166/1259/1277
f 1163/1256/1270 1165/1258/1276 1167/1260/1278 1161/1254/1271
f 1166/1259/1277 1164/1257/1272 1162/1255/1275 1168/1261/1279
f 1167/1260/1278 870/952/995 782/839/885 569/569/893
f 867/949/993 1168/1261/1279 570/570/891 783/840/890
f 870/952/995 1936/2074/1280 1937/2075/999 866/948/991
f 1166/1259/1277 1944/2083/1281 1945/2084/997 568/568/996
f 1165/1258/1276 1936/2074/1280 870/952/995 1167/1260/1278
f 867/949/993 1944/2083/1281 1166/1259/1277 1168/1261/1279
f 1170/1263/1282 1010/1097/1138 1009/1096/1139 1169/1262/1283
f 1010/1097/1138 1170/1263/1282 1171/1264/1284 1011/1098/1140
f 1012/1099/1141 1172/1265/1285 1169/1262/1283 1009/1096/1139
f 1173/1266/1286 1013/1100/1142 1011/1098/1140 1171/1264/1284
f 1172/1265/1285 1012/1099/1141 1014/1101/1143 1017/1104/1221
f 1013/1100/1142 1173/1266/1286 1016/1103/1222 1015/1102/1144
f 1175/1268/1287 1208/1301/1288 1209/1302/1289 1174/1267/1290
f 1207/1300/1291 1208/1301/1288 1175/1268/1287 1176/1269/1292
f 1209/1302/1289 1210/1303/1293 1177/1270/1294 1174/1267/1290
f 1206/1299/1295 1207/1300/1291 1176/1269/1292 1178/1271/1296
f 1161/1254/1271 1177/1270/1294 1210/1303/1293 1211/1304/1268
f 1178/1271/1296 1162/1255/1275 1205/1298/1274 1206/1299/1295
f 569/569/893 1177/1270/1294 1161/1254/1271 1167/1260/1278
f 1178/1271/1296 570/570/891 1168/1261/1279 1162/1255/1275
f 571/571/892 1175/1268/1287 1174/1267/1290 569/569/893
f 1175/1268/1287 571/571/892 570/570/891 1176/1269/1292
f 1177/1270/1294 569/569/893 1174/1267/1290
f 570/570/891 1178/1271/1296 1176/1269/1292
f 37/37/31 1179/1272/1297 679/717/743 23/23/41
f 1180/1273/1298 39/39/34 26/26/33 680/718/745
f 1181/1274/1299 677/715/739 679/717/743 1179/1272/1297
f 678/716/741 1182/1275/1300 1180/1273/1298 680/718/745
f 677/715/739 1181/1274/1299 698/736/775 675/713/735
f 1182/1275/1300 678/716/741 676/714/737 692/730/774
f 103/103/123 698/736/775 1181/1274/1299 99/99/118
f 692/730/774 104/104/125 100/100/121 1182/1275/1300
f 1183/1276/1301 1179/1272/1297 37/37/31 19/19/25
f 1180/1273/1298 1184/1277/1302 22/22/27 39/39/34
f 1179/1272/1297 1183/1276/1301 99/99/118 1181/1274/1299
f 1184/1277/1302 1180/1273/1298 1182/1275/1300 100/100/121
f 99/99/118 1183/1276/1301 19/19/25 15/15/21
f 1184/1277/1302 100/100/121 18/18/28 22/22/27
f 1186/1279/47 1185/1278/46 28/28/37 27/27/40
f 1187/1280/526 1186/1279/47 27/27/40 482/482/520
f 1188/1281/527 1187/1280/526 482/482/520 465/465/519
f 967/1054/1303 965/1052/1304 1190/1283/1081 1189/1282/1083
f 965/1052/1304 963/1050/1305 1191/1284/1079 1190/1283/1081
f 1192/1285/1077 1191/1284/1079 963/1050/1305 961/1048/1306
f 1193/1286/1075 1192/1285/1077 961/1048/1306 959/1046/1307
f 1194/1287/1073 1193/1286/1075 959/1046/1307 957/1044/1308
f 1195/1288/1071 1194/1287/1073 957/1044/1308 955/1042/1309
f 953/1040/1088 1196/1289/1067 1195/1288/1071 955/1042/1309
f 1900/2035/1087 1901/2036/1068 1196/1289/1067 953/1040/1088
f 705/743/783 1198/1291/787 1197/1290/786 706/744/782
f 1199/1292/789 1198/1291/787 705/743/783 708/746/793
f 1200/1293/1091 1199/1292/789 708/746/793 971/1058/1095
f 1201/1294/1158 1200/1293/1091 971/1058/1095 1029/1116/1161
f 1202/1295/1264 1201/1294/1158 1029/1116/1161 1111/1204/1226
f 1203/1296/1265 1202/1295/1264 1111/1204/1226 1108/1201/1217
f 1204/1297/1273 1203/1296/1265 1108/1201/1217 1109/1202/1220
f 1205/1298/1274 1204/1297/1273 1109/1202/1220 1016/1103/1222
f 1206/1299/1295 1205/1298/1274 1016/1103/1222 1173/1266/1286
f 1173/1266/1286 1171/1264/1284 1207/1300/1291 1206/1299/1295
f 1170/1263/1282 1208/1301/1288 1207/1300/1291 1171/1264/1284
f 1209/1302/1289 1208/1301/1288 1170/1263/1282 1169/1262/1283
f 1169/1262/1283 1172/1265/1285 1210/1303/1293 1209/1302/1289
f 1211/1304/1268 1210/1303/1293 1172/1265/1285 1017/1104/1221
f 1106/1199/1215 1212/1305/1269 1211/1304/1268 1017/1104/1221
f 1107/1200/1214 1213/1306/1259 1212/1305/1269 1106/1199/1215
f 1110/1203/1224 1214/1307/1260 1213/1306/1259 1107/1200/1214
f 1215/1308/1157 1214/1307/1260 1110/1203/1224 1028/1115/1159
f 1216/1309/1090 1215/1308/1157 1028/1115/1159 970/1057/1092
f 1217/1310/788 1216/1309/1090 970/1057/1092 707/745/790
f 704/742/781 1218/1311/784 1217/1310/788 707/745/790
f 1219/1312/785 1218/1311/784 704/742/781 703/741/780
f 1883/2017/1085 1884/2018/1066 1219/1312/785 703/741/780
f 1221/1314/1070 1220/1313/1069 952/1039/1310 954/1041/1311
f 956/1043/1312 1222/1315/1072 1221/1314/1070 954/1041/1311
f 958/1045/1313 1223/1316/1074 1222/1315/1072 956/1043/1312
f 1224/1317/1076 1223/1316/1074 958/1045/1313 960/1047/1314
f 1225/1318/1078 1224/1317/1076 960/1047/1314 962/1049/1315
f 962/1049/1315 964/1051/1316 1226/1319/1080 1225/1318/1078
f 964/1051/1316 966/1053/1317 1227/1320/1082 1226/1319/1080
f 1228/1321/521 1227/1320/1082 966/1053/1317 464/464/517
f 478/478/518 1229/1322/522 1228/1321/521 464/464/517
f 30/30/60 1230/1323/49 1229/1322/522 478/478/518
f 29/29/59 1231/1324/50 1230/1323/49 30/30/60
f 31/31/48 1233/1326/54 1232/1325/53 32/32/45
f 481/481/525 1234/1327/531 1233/1326/54 31/31/48
f 467/467/528 1235/1328/532 1234/1327/531 481/481/525
f 1236/1329/552 1235/1328/532 467/467/528 512/512/1318
f 512/512/1318 834/914/1319 1237/1330/957 1236/1329/552
f 834/914/1319 829/909/1320 1238/1331/952 1237/1330/957
f 1239/1332/949 1238/1331/952 829/909/1320 828/908/1321
f 828/908/1321 821/899/1322 1240/1333/941 1239/1332/949
f 820/897/1323 1241/1335/942 1240/1334/941 821/898/1322
f 35/35/55 1243/1337/58 1242/1336/57 36/36/56
f 480/480/534 1244/1338/529 1243/1337/58 35/35/55
f 468/468/533 1245/1339/530 1244/1338/529 480/480/534
f 1246/1340/554 1245/1339/530 468/468/533 513/513/553
f 1247/1341/956 1246/1340/554 513/513/553 832/912/958
f 1248/1342/954 1247/1341/956 832/912/958 830/910/951
f 1249/1343/948 1248/1342/954 830/910/951 827/907/950
f 1250/1344/945 1249/1343/948 827/907/950 825/904/944
f 824/903/943 1251/1346/946 1250/1345/945 825/905/944
f 684/722/753 28/28/37 1185/1278/46 686/724/757
f 29/29/59 683/721/751 685/723/755 1231/1324/50
f 32/32/45 688/726/762 686/724/757 1185/1278/46
f 687/725/760 33/33/51 1231/1324/50 685/723/755
f 1232/1325/53 690/728/766 688/726/762 32/32/45
f 689/727/764 1242/1336/57 33/33/51 687/725/760
f 36/36/56 691/729/767 690/728/766 1232/1325/53
f 691/729/767 36/36/56 1242/1336/57 689/727/764
f 1253/1348/728 1252/1347/727 628/666/683 627/665/682
f 1254/1349/730 1253/1348/728 627/665/682 626/664/681
f 1255/1350/732 1254/1349/730 626/664/681 629/667/684
f 1256/1351/736 1255/1350/732 629/667/684 654/692/709
f 1257/1352/740 1256/1351/736 654/692/709 656/694/711
f 1258/1353/744 1257/1352/740 656/694/711 658/696/713
f 658/696/713 660/698/715 1259/1354/747 1258/1353/744
f 1260/1355/752 1259/1354/747 660/698/715 662/700/717
f 1261/1356/756 1260/1355/752 662/700/717 664/702/719
f 664/702/719 666/704/721 1262/1357/759 1261/1356/756
f 666/704/721 668/706/723 1263/1358/763 1262/1357/759
f 1264/1359/768 1263/1358/763 668/706/723 669/707/724
f 1265/1360/765 1264/1359/768 669/707/724 667/705/722
f 667/705/722 665/703/720 1266/1361/761 1265/1360/765
f 665/703/720 663/701/718 1267/1362/758 1266/1361/761
f 1268/1363/754 1267/1362/758 663/701/718 661/699/716
f 1269/1364/749 1268/1363/754 661/699/716 659/697/714
f 659/697/714 657/695/712 1270/1365/746 1269/1364/749
f 1271/1366/742 1270/1365/746 657/695/712 655/693/710
f 1272/1367/738 1271/1366/742 655/693/710 653/691/708
f 1273/1368/734 1272/1367/738 653/691/708 630/668/685
f 1252/1347/727 1273/1368/734 630/668/685 628/666/683
f 1274/1369/1324 453/453/495 379/379/419 329/329/418
f 452/452/493 1275/1370/1325 328/328/417 378/378/416
f 1276/1371/1326 1274/1369/1324 329/329/418 427/427/471
f 1275/1370/1325 1277/1372/1327 426/426/470 328/328/417
f 1278/1373/1328 1276/1371/1326 427/427/471 425/425/469
f 1277/1372/1327 1279/1374/1329 424/424/468 426/426/470
f 1280/1375/1330 1278/1373/1328 425/425/469 423/423/467
f 1279/1374/1329 1281/1376/1331 422/422/465 424/424/468
f 969/1056/1089 1280/1375/1330 423/423/467 421/421/464
f 1281/1376/1331 968/1055/1332 420/420/466 422/422/465
f 462/462/514 464/464/517 966/1053/1317 1283/1378/1333
f 1282/1377/1334 1284/1379/1335 965/1052/1304 967/1054/1303
f 1285/1380/1336 1283/1378/1333 966/1053/1317 964/1051/1316
f 1284/1379/1335 1286/1381/1337 963/1050/1305 965/1052/1304
f 1287/1382/1338 1285/1380/1336 964/1051/1316 962/1049/1315
f 1286/1381/1337 1288/1383/1339 961/1048/1306 963/1050/1305
f 1289/1384/1340 1287/1382/1338 962/1049/1315 960/1047/1314
f 1288/1383/1339 1290/1385/1341 959/1046/1307 961/1048/1306
f 1291/1386/1342 1289/1384/1340 960/1047/1314 958/1045/1313
f 1292/1387/1343 957/1044/1308 959/1046/1307 1290/1385/1341
f 956/1043/1312 1293/1388/1344 1291/1386/1342 958/1045/1313
f 957/1044/1308 1292/1387/1343 1294/1389/1345 955/1042/1309
f 1293/1388/1344 956/1043/1312 954/1041/1311 1295/1390/1346
f 1296/1391/1347 953/1040/1088 955/1042/1309 1294/1389/1345
f 952/1039/1310 1297/1392/1348 1295/1390/1346 954/1041/1311
f 1296/1391/1347 1280/1375/1330 969/1056/1089 953/1040/1088
f 1281/1376/1331 1297/1392/1348 952/1039/1310 968/1055/1332
f 1300/1395/1349 1301/1396/1350 458/458/505 460/460/509
f 1301/1396/1350 1303/1398/1351 456/456/502 458/458/505
f 1305/1400/1352 1298/1393/1353 1302/1397/1354 1304/1399/1355
f 1301/1396/1350 1306/1401/1356 1307/1402/1357 1303/1398/1351
f 1298/1393/1353 1305/1400/1352 1308/1403/1358 1299/1394/1359
f 1306/1401/1356 1301/1396/1350 1300/1395/1349 1309/1404/1360
f 1311/1406/1361 1305/1400/1352 1304/1399/1355 1310/1405/1362
f 1306/1401/1356 1312/1407/1363 1313/1408/1364 1307/1402/1357
f 1314/1409/1365 1308/1403/1358 1305/1400/1352 1311/1406/1361
f 1309/1404/1360 1315/1410/1366 1312/1407/1363 1306/1401/1356
f 1292/1387/1343 1311/1406/1361 1310/1405/1362 1294/1389/1345
f 1312/1407/1363 1293/1388/1344 1295/1390/1346 1313/1408/1364
f 1290/1385/1341 1314/1409/1365 1311/1406/1361 1292/1387/1343
f 1315/1410/1366 1291/1386/1342 1293/1388/1344 1312/1407/1363
f 1283/1378/1333 1300/1395/1349 460/460/509 462/462/514
f 1286/1381/1337 1314/1409/1365 1290/1385/1341 1288/1383/1339
f 1315/1410/1366 1287/1382/1338 1289/1384/1340 1291/1386/1342
f 1286/1381/1337 1284/1379/1335 1308/1403/1358 1314/1409/1365
f 1285/1380/1336 1287/1382/1338 1315/1410/1366 1309/1404/1360
f 1299/1394/1359 1308/1403/1358 1284/1379/1335 1282/1377/1334
f 1309/1404/1360 1300/1395/1349 1283/1378/1333 1285/1380/1336
f 1296/1391/1347 1316/1411/1367 1278/1373/1328 1280/1375/1330
f 1317/1412/1368 1297/1392/1348 1281/1376/1331 1279/1374/1329
f 1294/1389/1345 1310/1405/1362 1316/1411/1367 1296/1391/1347
f 1313/1408/1364 1295/1390/1346 1297/1392/1348 1317/1412/1368
f 1316/1411/1367 1318/1413/1369 1276/1371/1326 1278/1373/1328
f 1319/1414/1370 1317/1412/1368 1279/1374/1329 1277/1372/1327
f 1304/1399/1355 1318/1413/1369 1316/1411/1367 1310/1405/1362
f 1319/1414/1370 1307/1402/1357 1313/1408/1364 1317/1412/1368
f 1320/1415/1371 1318/1413/1369 1304/1399/1355 1302/1397/1354
f 1319/1414/1370 1321/1416/1372 1303/1398/1351 1307/1402/1357
f 456/456/502 1303/1398/1351 1321/1416/1372 454/454/498
f 821/898/1322 817/892/1177 816/891/1178 820/897/1323
f 821/899/1322 828/908/1321 947/1034/1179 817/893/1177
f 828/908/1321 829/909/1320 948/1035/1180 947/1034/1179
f 950/1037/1183 948/1035/1180 829/909/1320 834/914/1319
f 553/553/596 950/1037/1183 834/914/1319 512/512/1318
f 554/554/597 553/553/596 512/512/1318 467/467/528
f 1188/1281/527 1189/1282/1083 554/554/597 467/467/528
f 967/1054/1303 1189/1282/1083 1188/1281/527 465/465/519
f 465/465/519 463/463/516 1282/1377/1334 967/1054/1303
f 1299/1394/1359 1282/1377/1334 463/463/516 461/461/511
f 459/459/507 1298/1393/1353 1299/1394/1359 461/461/511
f 457/457/504 1302/1397/1354 1298/1393/1353 459/459/507
f 1320/1415/1371 1302/1397/1354 457/457/504 455/455/500
f 1274/1369/1324 1276/1371/1326 1318/1413/1369 1320/1415/1371
f 1277/1372/1327 1275/1370/1325 1321/1416/1372 1319/1414/1370
f 455/455/500 453/453/495 1274/1369/1324 1320/1415/1371
f 452/452/493 454/454/498 1321/1416/1372 1275/1370/1325
f 1402/1497/1373 1376/1471/1374 1322/1417/1375 1323/1418/1376
f 1429/1524/1377 1403/1498/1378 1087/1180/343 187/187/342
f 1376/1471/1374 1377/1472/1379 1326/1421/1380 1322/1417/1375
f 1403/1498/1378 1404/1499/1381 183/183/345 1087/1180/343
f 1377/1472/1379 1378/1473/1382 1328/1423/1383 1326/1421/1380
f 179/179/344 183/183/345 1404/1499/1381 1405/1500/1384
f 1330/1425/1385 1328/1423/1383 1378/1473/1382 1379/1474/1386
f 1405/1500/1384 1406/1501/1387 175/175/346 179/179/344
f 1379/1474/1386 1380/1475/1388 1332/1427/1389 1330/1425/1385
f 171/171/347 175/175/346 1406/1501/1387 1407/1502/1390
f 1334/1429/1391 1332/1427/1389 1380/1475/1388 1381/1476/1392
f 1407/1502/1390 1408/1503/1393 167/167/348 171/171/347
f 1336/1431/1394 1334/1429/1391 1381/1476/1392 1382/1477/1395
f 1408/1503/1393 1409/1504/1396 163/163/349 167/167/348
f 1338/1433/1397 1336/1431/1394 1382/1477/1395 1383/1478/1398
f 1409/1504/1396 1410/1505/1399 159/159/350 163/163/349
f 1340/1435/1400 1338/1433/1397 1383/1478/1398 1384/1479/1401
f 1410/1505/1399 1411/1506/1402 155/155/351 159/159/350
f 1342/1437/1403 1340/1435/1400 1384/1479/1401 1385/1480/1404
f 1411/1506/1402 1412/1507/1405 151/151/352 155/155/351
f 1344/1439/1406 1342/1437/1403 1385/1480/1404 1386/1481/1407
f 1412/1507/1405 1413/1508/1408 147/147/353 151/151/352
f 1344/1439/1406 1386/1481/1407 1387/1482/1409 1346/1441/1410
f 147/147/353 1413/1508/1408 1414/1509/1411 143/143/354
f 1348/1443/1412 1346/1441/1410 1387/1482/1409 1388/1483/1413
f 1414/1509/1411 1415/1510/1414 139/139/355 143/143/354
f 1388/1483/1413 1389/1484/1415 1350/1445/1416 1348/1443/1412
f 135/135/356 139/139/355 1415/1510/1414 1416/1511/1417
f 1352/1447/1418 1350/1445/1416 1389/1484/1415 1390/1485/1419
f 1416/1511/1417 1417/1512/1420 131/131/357 135/135/356
f 1354/1449/1421 1352/1447/1418 1390/1485/1419 1391/1486/1422
f 1417/1512/1420 1418/1513/1423 127/127/358 131/131/357
f 1356/1451/1424 1354/1449/1421 1391/1486/1422 1392/1487/1425
f 1418/1513/1423 1419/1514/1426 123/123/359 127/127/358
f 1358/1453/1427 1356/1451/1424 1392/1487/1425 1393/1488/1428
f 1419/1514/1426 1420/1515/1429 119/119/332 123/123/359
f 1360/1455/1430 1358/1453/1427 1393/1488/1428 1394/1489/1431
f 1420/1515/1429 1421/1516/1432 219/219/333 119/119/332
f 1362/1457/1433 1360/1455/1430 1394/1489/1431 1395/1490/1434
f 1421/1516/1432 1422/1517/1435 214/214/334 219/219/333
f 1364/1459/1436 1362/1457/1433 1395/1490/1434 1396/1491/1437
f 1422/1517/1435 1423/1518/1438 210/210/335 214/214/334
f 1396/1491/1437 1397/1492/1439 1366/1461/1440 1364/1459/1436
f 206/206/336 210/210/335 1423/1518/1438 1424/1519/1441
f 1874/2008/1442 1875/2009/1443 1398/1493/1444 1368/1463/1445
f 1892/2027/1446 1893/2028/337 206/206/336 1424/1519/1441
f 1370/1465/1447 1368/1463/1445 1398/1493/1444 1399/1494/1448
f 1425/1520/1449 1426/1521/1450 199/199/339 203/203/338
f 1372/1467/1451 1370/1465/1447 1399/1494/1448 1400/1495/1452
f 1426/1521/1450 1427/1522/1453 195/195/340 199/199/339
f 1374/1469/1454 1372/1467/1451 1400/1495/1452 1401/1496/1455
f 1427/1522/1453 1428/1523/1456 190/190/341 195/195/340
f 1323/1418/1376 1374/1469/1454 1401/1496/1455 1402/1497/1373
f 1428/1523/1456 1429/1524/1377 187/187/342 190/190/341
f 180/180/201 1377/1472/1379 1376/1471/1374 1080/1173/204
f 180/180/201 176/176/196 1378/1473/1382 1377/1472/1379
f 1379/1474/1386 1378/1473/1382 176/176/196 172/172/193
f 172/172/193 168/168/189 1380/1475/1388 1379/1474/1386
f 1381/1476/1392 1380/1475/1388 168/168/189 164/164/184
f 1382/1477/1395 1381/1476/1392 164/164/184 160/160/180
f 1383/1478/1398 1382/1477/1395 160/160/180 156/156/176
f 1384/1479/1401 1383/1478/1398 156/156/176 152/152/173
f 1385/1480/1404 1384/1479/1401 152/152/173 148/148/169
f 1386/1481/1407 1385/1480/1404 148/148/169 144/144/164
f 1387/1482/1409 1386/1481/1407 144/144/164 140/140/160
f 1388/1483/1413 1387/1482/1409 140/140/160 136/136/157
f 136/136/157 132/132/153 1389/1484/1415 1388/1483/1413
f 1390/1485/1419 1389/1484/1415 132/132/153 128/128/149
f 1391/1486/1422 1390/1485/1419 128/128/149 124/124/145
f 1392/1487/1425 1391/1486/1422 124/124/145 120/120/139
f 1393/1488/1428 1392/1487/1425 120/120/139 117/117/138
f 1394/1489/1431 1393/1488/1428 117/117/138 216/216/245
f 1395/1490/1434 1394/1489/1431 216/216/245 213/213/240
f 1396/1491/1437 1395/1490/1434 213/213/240 209/209/234
f 209/209/234 205/205/237 1397/1492/1439 1396/1491/1437
f 1875/2009/1443 1876/2010/228 200/200/225 1398/1493/1444
f 1399/1494/1448 1398/1493/1444 200/200/225 196/196/221
f 1400/1495/1452 1399/1494/1448 196/196/221 192/192/217
f 1401/1496/1455 1400/1495/1452 192/192/217 189/189/210
f 1402/1497/1373 1401/1496/1455 189/189/210 184/184/213
f 1080/1173/204 1376/1471/1374 1402/1497/1373 184/184/213
f 1327/1422/1457 1404/1499/1381 1403/1498/1378 1325/1420/1458
f 1405/1500/1384 1404/1499/1381 1327/1422/1457 1329/1424/1459
f 1329/1424/1459 1331/1426/1460 1406/1501/1387 1405/1500/1384
f 1407/1502/1390 1406/1501/1387 1331/1426/1460 1333/1428/1461
f 1333/1428/1461 1335/1430/1462 1408/1503/1393 1407/1502/1390
f 1335/1430/1462 1337/1432/1463 1409/1504/1396 1408/1503/1393
f 1337/1432/1463 1339/1434/1464 1410/1505/1399 1409/1504/1396
f 1339/1434/1464 1341/1436/1465 1411/1506/1402 1410/1505/1399
f 1341/1436/1465 1343/1438/1466 1412/1507/1405 1411/1506/1402
f 1343/1438/1466 1345/1440/1467 1413/1508/1408 1412/1507/1405
f 1414/1509/1411 1413/1508/1408 1345/1440/1467 1347/1442/1468
f 1347/1442/1468 1349/1444/1469 1415/1510/1414 1414/1509/1411
f 1416/1511/1417 1415/1510/1414 1349/1444/1469 1351/1446/1470
f 1351/1446/1470 1353/1448/1471 1417/1512/1420 1416/1511/1417
f 1353/1448/1471 1355/1450/1472 1418/1513/1423 1417/1512/1420
f 1355/1450/1472 1357/1452/1473 1419/1514/1426 1418/1513/1423
f 1357/1452/1473 1359/1454/1474 1420/1515/1429 1419/1514/1426
f 1359/1454/1474 1361/1456/1475 1421/1516/1432 1420/1515/1429
f 1361/1456/1475 1363/1458/1476 1422/1517/1435 1421/1516/1432
f 1363/1458/1476 1365/1460/1477 1423/1518/1438 1422/1517/1435
f 1424/1519/1441 1423/1518/1438 1365/1460/1477 1367/1462/1478
f 1891/2026/1479 1892/2027/1446 1424/1519/1441 1367/1462/1478
f 1369/1464/1480 1371/1466/1481 1426/1521/1450 1425/1520/1449
f 1371/1466/1481 1373/1468/1482 1427/1522/1453 1426/1521/1450
f 1373/1468/1482 1375/1470/1483 1428/1523/1456 1427/1522/1453
f 1375/1470/1483 1324/1419/1484 1429/1524/1377 1428/1523/1456
f 1325/1420/1458 1403/1498/1378 1429/1524/1377 1324/1419/1484
f 1431/1526/1485 96/96/115 448/448/114 1430/1525/1486
f 97/97/120 1432/1527/1487 1433/1528/1488 451/451/116
f 1435/1530/1489 1431/1526/1485 1430/1525/1486 1434/1529/1490
f 1432/1527/1487 1436/1531/1491 1437/1532/1492 1433/1528/1488
f 1439/1534/1493 1435/1530/1489 1434/1529/1490 1438/1533/1494
f 1436/1531/1491 1440/1535/1495 1441/1536/1496 1437/1532/1492
f 1443/1538/1497 1444/1539/1498 1445/1540/1499 1442/1537/1500
f 1440/1535/1495 1446/1541/1501 1447/1542/1502 1441/1536/1496
f 1445/1540/1499 1444/1539/1498 1439/1534/1493 1438/1533/1494
f 1447/1542/1502 1446/1541/1501 1443/1538/1497 1442/1537/1500
f 1448/1543/1503 1430/1525/1486 448/448/114 91/91/108
f 1433/1528/1488 1449/1544/1504 90/90/105 451/451/116
f 1450/1545/1505 1448/1543/1503 91/91/108 92/92/107
f 1449/1544/1504 1451/1546/1506 89/89/106 90/90/105
f 92/92/107 94/94/110 1452/1547/1507 1450/1545/1505
f 93/93/109 89/89/106 1451/1546/1506 1453/1548/1508
f 440/440/113 1454/1549/1509 1452/1547/1507 94/94/110
f 1455/1550/1510 443/443/112 93/93/109 1453/1548/1508
f 95/95/111 1456/1551/1511 1454/1549/1509 440/440/113
f 1456/1551/1511 95/95/111 443/443/112 1455/1550/1510
f 1448/1543/1503 1457/1552/1512 1434/1529/1490 1430/1525/1486
f 1458/1553/1513 1449/1544/1504 1433/1528/1488 1437/1532/1492
f 1457/1552/1512 1459/1554/1514 1438/1533/1494 1434/1529/1490
f 1460/1555/1515 1458/1553/1513 1437/1532/1492 1441/1536/1496
f 1445/1540/1499 1438/1533/1494 1459/1554/1514 1461/1556/1516
f 1441/1536/1496 1447/1542/1502 1462/1557/1517 1460/1555/1515
f 1461/1556/1516 1463/1558/1518 1442/1537/1500 1445/1540/1499
f 1463/1558/1518 1462/1557/1517 1447/1542/1502 1442/1537/1500
f 1432/1527/1487 97/97/120 101/101/119 1464/1559/1519
f 96/96/115 1431/1526/1485 1465/1560/1520 98/98/117
f 105/105/124 1466/1561/1521 1464/1559/1519 101/101/119
f 1467/1562/1522 102/102/122 98/98/117 1465/1560/1520
f 1468/1563/1523 1466/1561/1521 105/105/124 107/107/127
f 1467/1562/1522 1469/1564/1524 108/108/128 102/102/122
f 1470/1565/1525 1468/1563/1523 107/107/127 111/111/131
f 1469/1564/1524 1471/1566/1526 112/112/132 108/108/128
f 1472/1567/1527 1470/1565/1525 111/111/131 115/115/134
f 1471/1566/1526 1472/1567/1527 115/115/134 112/112/132
f 1473/1568/1528 1436/1531/1491 1432/1527/1487 1464/1559/1519
f 1435/1530/1489 1474/1569/1529 1465/1560/1520 1431/1526/1485
f 1475/1570/1530 1440/1535/1495 1436/1531/1491 1473/1568/1528
f 1439/1534/1493 1476/1571/1531 1474/1569/1529 1435/1530/1489
f 1477/1572/1532 1446/1541/1501 1440/1535/1495 1475/1570/1530
f 1444/1539/1498 1478/1573/1533 1476/1571/1531 1439/1534/1493
f 1477/1572/1532 1479/1574/1534 1443/1538/1497 1446/1541/1501
f 1479/1574/1534 1478/1573/1533 1444/1539/1498 1443/1538/1497
f 1481/1576/1535 1480/1575/1536 1463/1558/1518 1461/1556/1516
f 1480/1575/1536 1482/1577/1537 1462/1557/1517 1463/1558/1518
f 1501/1596/1538 1502/1597/1539 1483/1578/1540 1484/1579/1541
f 1485/1580/1542 1500/1595/1543 1501/1596/1538 1484/1579/1541
f 1456/1551/1511 1484/1579/1541 1483/1578/1540 1454/1549/1509
f 1484/1579/1541 1456/1551/1511 1455/1550/1510 1485/1580/1542
f 1477/1572/1532 1486/1581/1544 1487/1582/1545 1479/1574/1534
f 1488/1583/1546 1478/1573/1533 1479/1574/1534 1487/1582/1545
f 1472/1567/1527 1487/1582/1545 1486/1581/1544 1470/1565/1525
f 1487/1582/1545 1472/1567/1527 1471/1566/1526 1488/1583/1546
f 1469/1564/1524 1489/1584/1547 1488/1583/1546 1471/1566/1526
f 1490/1585/1548 1468/1563/1523 1470/1565/1525 1486/1581/1544
f 1489/1584/1547 1476/1571/1531 1478/1573/1533 1488/1583/1546
f 1475/1570/1530 1490/1585/1548 1486/1581/1544 1477/1572/1532
f 1489/1584/1547 1491/1586/1549 1474/1569/1529 1476/1571/1531
f 1492/1587/1550 1490/1585/1548 1475/1570/1530 1473/1568/1528
f 1491/1586/1549 1489/1584/1547 1469/1564/1524 1467/1562/1522
f 1490/1585/1548 1492/1587/1550 1466/1561/1521 1468/1563/1523
f 1474/1569/1529 1491/1586/1549 1467/1562/1522 1465/1560/1520
f 1492/1587/1550 1473/1568/1528 1464/1559/1519 1466/1561/1521
f 1448/1543/1503 1450/1545/1505 1493/1588/1551 1457/1552/1512
f 1451/1546/1506 1449/1544/1504 1458/1553/1513 1494/1589/1552
f 1495/1590/1553 1452/1547/1507 1454/1549/1509 1483/1578/1540
f 1453/1548/1508 1496/1591/1554 1485/1580/1542 1455/1550/1510
f 1495/1590/1553 1493/1588/1551 1450/1545/1505 1452/1547/1507
f 1494/1589/1552 1496/1591/1554 1453/1548/1508 1451/1546/1506
f 1459/1554/1514 1497/1592/1555 1481/1576/1535 1461/1556/1516
f 1498/1593/1556 1460/1555/1515 1462/1557/1517 1482/1577/1537
f 1497/1592/1555 1459/1554/1514 1457/1552/1512 1493/1588/1551
f 1460/1555/1515 1498/1593/1556 1494/1589/1552 1458/1553/1513
f 1502/1597/1539 1503/1598/1557 1495/1590/1553 1483/1578/1540
f 1496/1591/1554 1499/1594/1558 1500/1595/1543 1485/1580/1542
f 1500/1595/1543 1499/1594/1558 1498/1593/1556 1482/1577/1537
f 1501/1596/1538 1500/1595/1543 1482/1577/1537 1480/1575/1536
f 1481/1576/1535 1502/1597/1539 1501/1596/1538 1480/1575/1536
f 1497/1592/1555 1503/1598/1557 1502/1597/1539 1481/1576/1535
f 1503/1598/1557 1497/1592/1555 1493/1588/1551 1495/1590/1553
f 1498/1593/1556 1499/1594/1558 1496/1591/1554 1494/1589/1552
f 1505/1600/1559 804/873/918 811/884/928 1504/1599/1560
f 807/878/925 1506/1601/1561 1507/1602/1562 808/879/926
f 1509/1604/1563 1505/1600/1559 1504/1599/1560 1508/1603/1564
f 1506/1601/1561 1510/1605/1565 1511/1606/1566 1507/1602/1562
f 1508/1603/1564 1512/1607/1567 1513/1608/1568 1509/1604/1563
f 1515/1610/1569 1511/1606/1566 1510/1605/1565 1514/1609/1570
f 815/890/931 1516/1611/1571 1504/1599/1560 811/884/928
f 1517/1612/1572 812/885/929 808/879/926 1507/1602/1562
f 1508/1603/1564 1504/1599/1560 1516/1611/1571 1518/1613/1573
f 1507/1602/1562 1511/1606/1566 1519/1614/1574 1517/1612/1572
f 1518/1613/1573 1520/1615/1575 1512/1607/1567 1508/1603/1564
f 1521/1616/1576 1519/1614/1574 1511/1606/1566 1515/1610/1569
f 1522/1617/1577 1070/1161/919 804/873/918 1505/1600/1559
f 1075/1167/921 1523/1618/1578 1506/1601/1561 807/878/925
f 1070/1161/919 1522/1617/1577 1524/1619/1579 800/867/914
f 1523/1618/1578 1075/1167/921 803/872/915 1525/1620/1580
f 1526/1621/1581 796/861/910 800/867/914 1524/1619/1579
f 799/866/911 1527/1622/1582 1525/1620/1580 803/872/915
f 1528/1623/1583 793/857/906 796/861/910 1526/1621/1581
f 795/860/907 1529/1624/1584 1527/1622/1582 799/866/911
f 793/857/906 1528/1623/1583 1530/1625/1585 794/858/903
f 1529/1624/1584 795/860/907 794/859/903 1530/1626/1585
f 1531/1627/1586 1522/1617/1577 1505/1600/1559 1509/1604/1563
f 1523/1618/1578 1532/1628/1587 1510/1605/1565 1506/1601/1561
f 1533/1629/1588 1524/1619/1579 1522/1617/1577 1531/1627/1586
f 1525/1620/1580 1534/1630/1589 1532/1628/1587 1523/1618/1578
f 1535/1631/1590 1526/1621/1581 1524/1619/1579 1533/1629/1588
f 1527/1622/1582 1536/1632/1591 1534/1630/1589 1525/1620/1580
f 1537/1633/1592 1528/1623/1583 1526/1621/1581 1535/1631/1590
f 1529/1624/1584 1538/1634/1593 1536/1632/1591 1527/1622/1582
f 1539/1635/1594 1530/1625/1585 1528/1623/1583 1537/1633/1592
f 1530/1626/1585 1539/1636/1594 1538/1634/1593 1529/1624/1584
f 1540/1637/1595 1531/1627/1586 1509/1604/1563 1513/1608/1568
f 1532/1628/1587 1541/1638/1596 1514/1609/1570 1510/1605/1565
f 1542/1639/1597 1533/1629/1588 1531/1627/1586 1540/1637/1595
f 1534/1630/1589 1543/1640/1598 1541/1638/1596 1532/1628/1587
f 1544/1641/1599 1535/1631/1590 1533/1629/1588 1542/1639/1597
f 1536/1632/1591 1545/1642/1600 1543/1640/1598 1534/1630/1589
f 1546/1643/1601 1537/1633/1592 1535/1631/1590 1544/1641/1599
f 1538/1634/1593 1547/1644/1602 1545/1642/1600 1536/1632/1591
f 1548/1645/1603 1539/1635/1594 1537/1633/1592 1546/1643/1601
f 1539/1636/1594 1548/1646/1603 1547/1644/1602 1538/1634/1593
f 1549/1647/1604 1048/1136/933 812/885/929 1517/1612/1572
f 1044/1131/935 1550/1648/1605 1516/1611/1571 815/890/931
f 1048/1136/933 1549/1647/1604 1551/1649/1606 816/891/1178
f 1550/1648/1605 1044/1131/935 819/896/938 1552/1650/1607
f 1553/1651/1608 820/897/1323 816/891/1178 1551/1649/1606
f 823/902/940 1554/1652/1609 1552/1650/1607 819/896/938
f 820/897/1323 1553/1651/1608 1555/1653/1610 1241/1335/942
f 1554/1652/1609 823/902/940 1251/1346/946 1556/1654/1611
f 1557/1655/1612 824/903/943 1241/1335/942 1555/1653/1610
f 824/903/943 1557/1655/1612 1556/1654/1611 1251/1346/946
f 1558/1656/1613 1549/1647/1604 1517/1612/1572 1519/1614/1574
f 1550/1648/1605 1559/1657/1614 1518/1613/1573 1516/1611/1571
f 1560/1658/1615 1551/1649/1606 1549/1647/1604 1558/1656/1613
f 1552/1650/1607 1561/1659/1616 1559/1657/1614 1550/1648/1605
f 1562/1660/1617 1553/1651/1608 1551/1649/1606 1560/1658/1615
f 1554/1652/1609 1563/1661/1618 1561/1659/1616 1552/1650/1607
f 1553/1651/1608 1562/1660/1617 1564/1662/1619 1555/1653/1610
f 1563/1661/1618 1554/1652/1609 1556/1654/1611 1565/1663/1620
f 1566/1664/1621 1557/1655/1612 1555/1653/1610 1564/1662/1619
f 1557/1655/1612 1566/1664/1621 1565/1663/1620 1556/1654/1611
f 1519/1614/1574 1521/1616/1576 1567/1665/1622 1558/1656/1613
f 1520/1615/1575 1518/1613/1573 1559/1657/1614 1568/1666/1623
f 1569/1667/1624 1560/1658/1615 1558/1656/1613 1567/1665/1622
f 1561/1659/1616 1570/1668/1625 1568/1666/1623 1559/1657/1614
f 1571/1669/1626 1562/1660/1617 1560/1658/1615 1569/1667/1624
f 1563/1661/1618 1572/1670/1627 1570/1668/1625 1561/1659/1616
f 1562/1660/1617 1571/1669/1626 1573/1671/1628 1564/1662/1619
f 1572/1670/1627 1563/1661/1618 1565/1663/1620 1574/1672/1629
f 1575/1673/1630 1566/1664/1621 1564/1662/1619 1573/1671/1628
f 1566/1664/1621 1575/1673/1630 1574/1672/1629 1565/1663/1620
f 1577/1676/1631 1576/1674/1632 586/597/630 854/936/629
f 1579/1678/1633 1578/1677/1634 852/933/632 589/602/637
f 1581/1682/1635 1580/1680/1636 1576/1674/1632 1577/1676/1631
f 1583/1684/1637 1582/1683/1638 1578/1677/1634 1579/1678/1633
f 1585/1688/1639 1584/1686/1640 1580/1680/1636 1581/1682/1635
f 1587/1690/1641 1586/1689/1642 1582/1683/1638 1583/1684/1637
f 1589/1693/1643 1584/1686/1640 1585/1688/1639 1588/1692/1644
f 1587/1690/1641 1590/1695/1645 1591/1697/1646 1586/1689/1642
f 1588/1692/1644 1592/1698/1647 1593/1699/1648 1589/1693/1643
f 1595/1703/1649 1591/1697/1646 1590/1695/1645 1594/1701/1650
f 1597/1705/1651 1593/1699/1648 1592/1698/1647 1596/1704/1652
f 1594/1701/1650 1598/1707/1653 1599/1709/1654 1595/1703/1649
f 1601/1711/1655 1597/1705/1651 1596/1704/1652 1600/1710/1656
f 1598/1707/1653 1602/1713/1657 1603/1715/1658 1599/1709/1654
f 1605/1717/1659 1601/1711/1655 1600/1710/1656 1604/1716/1660
f 1602/1713/1657 1606/1719/1661 1607/1721/1662 1603/1715/1658
f 1604/1716/1660 1608/1722/1663 1609/1723/1664 1605/1717/1659
f 1611/1727/1665 1607/1721/1662 1606/1719/1661 1610/1725/1666
f 1680/1806/1667 1681/1808/1668 1612/1728/1669 1613/1729/1670
f 1683/1810/1671 1684/1812/1672 1611/1727/1665 1610/1725/1666
f 1617/1736/1673 1613/1729/1670 1612/1728/1669 1616/1734/1674
f 1614/1731/1675 1618/1737/1676 1619/1739/1677 1615/1733/1678
f 2006/2149/1679 2007/2150/1680 1620/1740/1681 1621/1741/1682
f 2014/2158/1683 2015/2159/1684 1619/1739/1677 1618/1737/1676
f 1625/1748/1685 1686/1814/1686 1687/1816/1687 1624/1746/1688
f 1622/1744/1689 1689/1818/1690 1690/1820/1691 1623/1745/1692
f 1737/1867/1693 1738/1868/1694 1988/2129/1695 1989/2130/1696
f 1932/2069/1697 1933/2070/1698 1630/1755/1699 1631/1757/1700
f 1628/1752/1701 614/647/663 610/639/659 1629/1753/1702
f 617/651/665 1631/1757/1700 1630/1755/1699 613/644/661
f 1576/1675/1632 1632/1758/1703 591/606/633 586/598/630
f 1633/1759/1704 1579/1679/1633 589/603/637 592/608/636
f 1632/1758/1703 1634/1760/1705 594/611/640 591/606/633
f 1635/1761/1706 1633/1759/1704 592/608/636 597/615/642
f 1634/1760/1705 1636/1762/1707 598/618/644 594/611/640
f 1637/1763/1708 1635/1761/1706 597/615/642 601/625/646
f 1636/1762/1707 2091/2235/1709 2092/2236/647 598/618/644
f 2108/2255/650 2109/2256/1710 1637/1763/1708 601/625/646
f 1638/1764/1711 1640/1766/1712 606/633/654 602/626/653
f 1641/1767/1713 1639/1765/1714 605/631/658 609/637/657
f 606/633/654 1640/1766/1712 1642/1768/1715 610/640/659
f 1643/1769/1716 613/645/661 1630/1756/1699
f 610/640/659 1642/1768/1715 1629/1754/1702
f 1641/1767/1713 609/637/657 613/645/661 1643/1769/1716
f 1628/1752/1701 1644/1770/1717 614/647/663
f 1645/1771/1718 1631/1757/1700 617/651/665
f 1644/1770/1717 1646/1772/1719 573/575/667 614/647/663
f 1647/1773/1720 1645/1771/1718 617/651/665 574/577/613
f 1887/2022/610 1888/2023/1721 1648/1774/1722 572/573/611
f 1904/2040/612 1905/2041/1723 1647/1773/1720 574/577/613
f 1648/1774/1722 1650/1776/1724 576/581/614 572/573/611
f 1651/1777/1725 1649/1775/1726 575/579/616 577/583/615
f 1940/2079/617 1941/2080/1727 1652/1778/1728 578/585/618
f 1948/2088/620 1949/2089/1729 1651/1777/1725 577/583/615
f 1654/1780/1730 1577/1676/1631 854/936/629 583/592/621
f 1578/1677/1634 1655/1781/1731 584/594/624 852/933/632
f 583/592/621 578/585/618 1652/1778/1728 1654/1780/1730
f 581/589/625 584/594/624 1655/1781/1731 1653/1779/1732
f 1654/1780/1730 1656/1782/1733 1581/1682/1635 1577/1676/1631
f 1657/1783/1734 1655/1781/1731 1578/1677/1634 1582/1683/1638
f 1656/1782/1733 1658/1784/1735 1585/1688/1639 1581/1682/1635
f 1659/1785/1736 1657/1783/1734 1582/1683/1638 1586/1689/1642
f 1658/1784/1735 1660/1786/1737 1588/1692/1644 1585/1688/1639
f 1661/1787/1738 1659/1785/1736 1586/1689/1642 1591/1697/1646
f 1660/1786/1737 1662/1788/1739 1592/1698/1647 1588/1692/1644
f 1663/1789/1740 1661/1787/1738 1591/1697/1646 1595/1703/1649
f 1662/1788/1739 1664/1790/1741 1596/1704/1652 1592/1698/1647
f 1665/1791/1742 1663/1789/1740 1595/1703/1649 1599/1709/1654
f 1664/1790/1741 1666/1792/1743 1600/1710/1656 1596/1704/1652
f 1667/1793/1744 1665/1791/1742 1599/1709/1654 1603/1715/1658
f 1666/1792/1743 1668/1794/1745 1604/1716/1660 1600/1710/1656
f 1669/1795/1746 1667/1793/1744 1603/1715/1658 1607/1721/1662
f 1608/1722/1663 1604/1716/1660 1668/1794/1745 1670/1796/1747
f 1607/1721/1662 1611/1727/1665 1671/1797/1748 1669/1795/1746
f 1681/1808/1668 1682/1809/1749 1672/1798/1750 1612/1728/1669
f 1684/1812/1672 1685/1813/1751 1671/1797/1748 1611/1727/1665
f 1672/1798/1750 1674/1800/1752 1616/1734/1674 1612/1728/1669
f 1675/1801/1753 1673/1799/1754 1615/1733/1678 1619/1739/1677
f 1620/1740/1681 2007/2150/1680 2008/2151/1755 1676/1802/1756
f 1619/1739/1677 2015/2159/1684 2016/2160/1757 1675/1801/1753
f 1687/1816/1687 1688/1817/1758 1678/1804/1759 1624/1746/1688
f 1690/1820/1691 1691/1821/1760 1677/1803/1761 1623/1745/1692
f 1608/1722/1663 1681/1808/1668 1680/1806/1667 1609/1723/1664
f 1670/1796/1747 1682/1809/1749 1681/1808/1668 1608/1722/1663
f 1615/1733/1678 1684/1812/1672 1683/1810/1671 1614/1731/1675
f 1673/1799/1754 1685/1813/1751 1684/1812/1672 1615/1733/1678
f 1687/1816/1687 1686/1814/1686 1621/1741/1682 1620/1740/1681
f 1676/1802/1756 1688/1817/1758 1687/1816/1687 1620/1740/1681
f 1690/1820/1691 1689/1818/1690 1626/1749/1762 1627/1751/1763
f 1679/1805/1764 1691/1821/1760 1690/1820/1691 1627/1751/1763
f 1736/1866/1765 1737/1867/1693 1989/2130/1696 1990/2131/1766
f 1931/2068/1767 1932/2069/1697 1631/1757/1700 1645/1771/1718
f 1738/1869/1694 1739/1870/1768 1987/2127/1769 1988/2128/1695
f 1933/2071/1698 1934/2072/1770 1643/1769/1716 1630/1756/1699
f 1692/1822/1771 1694/1824/1772 1686/1815/1686 1625/1747/1685
f 1695/1825/1773 1693/1823/1774 1626/1750/1762 1689/1819/1690
f 1694/1824/1772 1696/1826/1775 1621/1742/1682 1686/1815/1686
f 1697/1827/1776 1695/1825/1773 1689/1819/1690 1622/1743/1689
f 1696/1826/1775 2005/2147/1777 2006/2148/1679 1621/1742/1682
f 1699/1829/1778 2013/2156/1779 2014/2157/1683 1618/1738/1676
f 1700/1830/1780 1613/1730/1670 1617/1735/1673 1698/1828/1781
f 1614/1732/1675 1701/1831/1782 1699/1829/1778 1618/1738/1676
f 1700/1830/1780 1702/1832/1783 1680/1807/1667 1613/1730/1670
f 1703/1833/1784 1701/1831/1782 1614/1732/1675 1683/1811/1671
f 1704/1834/1785 1609/1724/1664 1680/1807/1667 1702/1832/1783
f 1610/1726/1666 1705/1835/1786 1703/1833/1784 1683/1811/1671
f 1704/1834/1785 1706/1836/1787 1605/1718/1659 1609/1724/1664
f 1707/1837/1788 1705/1835/1786 1610/1726/1666 1606/1720/1661
f 1706/1836/1787 1708/1838/1789 1601/1712/1655 1605/1718/1659
f 1709/1839/1790 1707/1837/1788 1606/1720/1661 1602/1714/1657
f 1708/1838/1789 1710/1840/1791 1597/1706/1651 1601/1712/1655
f 1711/1841/1792 1709/1839/1790 1602/1714/1657 1598/1708/1653
f 1712/1842/1793 1593/1700/1648 1597/1706/1651 1710/1840/1791
f 1594/1702/1650 1713/1843/1794 1711/1841/1792 1598/1708/1653
f 1712/1842/1793 1714/1844/1795 1589/1694/1643 1593/1700/1648
f 1715/1845/1796 1713/1843/1794 1594/1702/1650 1590/1696/1645
f 1716/1846/1797 1584/1687/1640 1589/1694/1643 1714/1844/1795
f 1587/1691/1641 1717/1847/1798 1715/1845/1796 1590/1696/1645
f 1718/1848/1799 1580/1681/1636 1584/1687/1640 1716/1846/1797
f 1583/1685/1637 1719/1849/1800 1717/1847/1798 1587/1691/1641
f 1632/1758/1703 1576/1675/1632 1580/1681/1636 1718/1848/1799
f 1579/1679/1633 1633/1759/1704 1719/1849/1800 1583/1685/1637
f 1654/1780/1730 1724/1854/1801 1720/1850/1802 1656/1782/1733
f 1655/1781/1731 1725/1855/1803 1653/1779/1732
f 1720/1850/1802 1722/1852/1804 1658/1784/1735 1656/1782/1733
f 1723/1853/1805 1721/1851/1806 1657/1783/1734 1659/1785/1736
f 1652/1778/1728 1724/1854/1801 1654/1780/1730
f 1721/1851/1806 1725/1855/1803 1655/1781/1731 1657/1783/1734
f 1722/1852/1804 1726/1856/1807 1660/1786/1737 1658/1784/1735
f 1727/1857/1808 1723/1853/1805 1659/1785/1736 1661/1787/1738
f 1726/1856/1807 1728/1858/1809 1662/1788/1739 1660/1786/1737
f 1729/1859/1810 1727/1857/1808 1661/1787/1738 1663/1789/1740
f 1728/1858/1809 1730/1860/1811 1664/1790/1741 1662/1788/1739
f 1731/1861/1812 1729/1859/1810 1663/1789/1740 1665/1791/1742
f 1730/1860/1811 1732/1862/1813 1666/1792/1743 1664/1790/1741
f 1733/1863/1814 1731/1861/1812 1665/1791/1742 1667/1793/1744
f 1732/1862/1813 1734/1864/1815 1668/1794/1745 1666/1792/1743
f 1735/1865/1816 1733/1863/1814 1667/1793/1744 1669/1795/1746
f 1863/1995/1817 1864/1996/1818 1737/1867/1693 1736/1866/1765
f 1864/1996/1818 1865/1997/1819 1738/1868/1694 1737/1867/1693
f 1865/1998/1819 1866/1999/1820 1739/1870/1768 1738/1869/1694
f 1627/1751/1763 1997/2139/1821 1998/2140/1822 1679/1805/1764
f 1626/1749/1762 1996/2138/1823 1997/2139/1821 1627/1751/1763
f 1693/1823/1774 1995/2136/1824 1996/2137/1823 1626/1750/1762
f 1734/1864/1815 1744/1876/1825 1670/1796/1747 1668/1794/1745
f 1745/1877/1826 1735/1865/1816 1669/1795/1746 1671/1797/1748
f 1744/1876/1825 1746/1878/1827 1682/1809/1749 1670/1796/1747
f 1747/1879/1828 1745/1877/1826 1671/1797/1748 1685/1813/1751
f 1746/1878/1827 1748/1880/1829 1672/1798/1750 1682/1809/1749
f 1749/1881/1830 1747/1879/1828 1685/1813/1751 1673/1799/1754
f 1748/1880/1829 1750/1882/1831 1674/1800/1752 1672/1798/1750
f 1751/1883/1832 1749/1881/1830 1673/1799/1754 1675/1801/1753
f 2008/2151/1755 2009/2152/1833 1752/1884/1834 1676/1802/1756
f 2016/2160/1757 2017/2161/1835 1751/1883/1832 1675/1801/1753
f 1752/1884/1834 1754/1886/1836 1688/1817/1758 1676/1802/1756
f 1755/1887/1837 1753/1885/1838 1677/1803/1761 1691/1821/1760
f 1754/1886/1836 1756/1888/1839 1678/1804/1759 1688/1817/1758
f 1757/1889/1840 1755/1887/1837 1691/1821/1760 1679/1805/1764
f 1990/2131/1766 1991/2132/1841 1758/1890/1842 1736/1866/1765
f 1757/1889/1840 1679/1805/1764 1998/2140/1822 1999/2141/1843
f 1862/1994/1844 1863/1995/1817 1736/1866/1765 1758/1890/1842
f 1645/1771/1718 1647/1773/1720 1930/2067/1845 1931/2068/1767
f 1866/1999/1820 1867/2000/1846 1760/1892/1847 1739/1870/1768
f 1934/2072/1770 1935/2073/1848 1641/1767/1713 1643/1769/1716
f 1986/2126/1849 1987/2127/1769 1739/1870/1768 1760/1892/1847
f 1693/1823/1774 1763/1895/1850 1994/2135/1851 1995/2136/1824
f 1762/1894/1852 1764/1896/1853 1694/1824/1772 1692/1822/1771
f 1765/1897/1854 1763/1895/1850 1693/1823/1774 1695/1825/1773
f 1764/1896/1853 1766/1898/1855 1696/1826/1775 1694/1824/1772
f 1767/1899/1856 1765/1897/1854 1695/1825/1773 1697/1827/1776
f 1766/1898/1855 2004/2146/1857 2005/2147/1777 1696/1826/1775
f 1769/1901/1858 2012/2155/1859 2013/2156/1779 1699/1829/1778
f 1770/1902/1860 1700/1830/1780 1698/1828/1781 1768/1900/1861
f 1701/1831/1782 1771/1903/1862 1769/1901/1858 1699/1829/1778
f 1770/1902/1860 1772/1904/1863 1702/1832/1783 1700/1830/1780
f 1773/1905/1864 1771/1903/1862 1701/1831/1782 1703/1833/1784
f 1774/1906/1865 1704/1834/1785 1702/1832/1783 1772/1904/1863
f 1705/1835/1786 1775/1907/1866 1773/1905/1864 1703/1833/1784
f 1774/1906/1865 1776/1908/1867 1706/1836/1787 1704/1834/1785
f 1777/1909/1868 1775/1907/1866 1705/1835/1786 1707/1837/1788
f 1776/1908/1867 1778/1910/1869 1708/1838/1789 1706/1836/1787
f 1779/1911/1870 1777/1909/1868 1707/1837/1788 1709/1839/1790
f 1780/1912/1871 1710/1840/1791 1708/1838/1789 1778/1910/1869
f 1711/1841/1792 1781/1913/1872 1779/1911/1870 1709/1839/1790
f 1782/1914/1873 1712/1842/1793 1710/1840/1791 1780/1912/1871
f 1713/1843/1794 1783/1915/1874 1781/1913/1872 1711/1841/1792
f 1784/1916/1875 1714/1844/1795 1712/1842/1793 1782/1914/1873
f 1715/1845/1796 1785/1917/1876 1783/1915/1874 1713/1843/1794
f 1714/1844/1795 1784/1916/1875 1786/1918/1877 1716/1846/1797
f 1785/1917/1876 1715/1845/1796 1717/1847/1798 1787/1919/1878
f 1788/1920/1879 1718/1848/1799 1716/1846/1797 1786/1918/1877
f 1719/1849/1800 1789/1921/1880 1787/1919/1878 1717/1847/1798
f 1632/1758/1703 1718/1848/1799 1788/1920/1879 1634/1760/1705
f 1719/1849/1800 1633/1759/1704 1635/1761/1706 1789/1921/1880
f 1889/2024/1881 1890/2025/1882 1790/1922/1883 1791/1923/1884
f 1790/1922/1883 1794/1926/1885 1795/1927/1886 1791/1923/1884
f 1797/1929/1887 1793/1925/1888 1792/1924/1889 1796/1928/1890
f 1799/1931/1891 1942/2081/1892 1943/2082/1893 1798/1930/1894
f 1796/1928/1890 1950/2090/1895 1951/2091/1896 1797/1929/1887
f 1803/1935/1897 1802/1934/1898 1799/1931/1891 1798/1930/1894
f 1805/1937/1899 1804/1936/1900 1801/1933/1901 1800/1932/1902
f 1802/1934/1898 1803/1935/1897 1806/1938/1903 1807/1939/1904
f 1804/1936/1900 1805/1937/1899 1808/1940/1905 1809/1941/1906
f 1806/1938/1903 1810/1942/1907 1811/1943/1908 1807/1939/1904
f 1813/1945/1909 1809/1941/1906 1808/1940/1905 1812/1944/1910
f 1815/1947/1911 1854/1986/1912 1855/1987/1913 1814/1946/1914
f 1860/1992/1915 1861/1993/1916 1856/1988/1917 1857/1989/1918
f 1819/1951/1919 1815/1947/1911 1814/1946/1914 1818/1950/1920
f 1816/1948/1921 1820/1952/1922 1821/1953/1923 1817/1949/1924
f 1818/1950/1920 1822/1954/1925 1823/1955/1926 1819/1951/1919
f 1825/1957/1927 1821/1953/1923 1820/1952/1922 1824/1956/1928
f 1827/1959/1929 1823/1955/1926 1822/1954/1925 1826/1958/1930
f 1824/1956/1928 1828/1960/1931 1829/1961/1932 1825/1957/1927
f 1831/1963/1933 1827/1959/1929 1826/1958/1930 1830/1962/1934
f 1828/1960/1931 1832/1964/1935 1833/1965/1936 1829/1961/1932
f 1830/1962/1934 1834/1966/1937 1835/1967/1938 1831/1963/1933
f 1837/1969/1939 1833/1965/1936 1832/1964/1935 1836/1968/1940
f 1834/1966/1937 1838/1970/1941 1839/1971/1942 1835/1967/1938
f 1841/1973/1943 1837/1969/1939 1836/1968/1940 1840/1972/1944
f 2010/2153/1945 2011/2154/1946 1842/1974/1947 1843/1975/1948
f 2018/2162/1949 2019/2163/1950 1841/1973/1943 1840/1972/1944
f 1842/1974/1947 1846/1978/1951 1847/1979/1952 1843/1975/1948
f 1849/1981/1953 1845/1977/1954 1844/1976/1955 1848/1980/1956
f 1850/1982/1957 1847/1979/1952 1846/1978/1951 1851/1983/1958
f 1848/1980/1956 1853/1985/1959 1852/1984/1960 1849/1981/1953
f 1756/1888/1839 1754/1886/1836 1847/1979/1952 1850/1982/1957
f 1755/1887/1837 1757/1889/1840 1853/1985/1959 1848/1980/1956
f 1754/1886/1836 1752/1884/1834 1843/1975/1948 1847/1979/1952
f 1753/1885/1838 1755/1887/1837 1848/1980/1956 1844/1976/1955
f 2009/2152/1833 2010/2153/1945 1843/1975/1948 1752/1884/1834
f 2017/2161/1835 2018/2162/1949 1840/1972/1944 1751/1883/1832
f 1748/1880/1829 1835/1967/1938 1839/1971/1942 1750/1882/1831
f 1836/1968/1940 1749/1881/1830 1751/1883/1832 1840/1972/1944
f 1831/1963/1933 1835/1967/1938 1748/1880/1829 1746/1878/1827
f 1836/1968/1940 1832/1964/1935 1747/1879/1828 1749/1881/1830
f 1746/1878/1827 1744/1876/1825 1827/1959/1929 1831/1963/1933
f 1745/1877/1826 1747/1879/1828 1832/1964/1935 1828/1960/1931
f 1823/1955/1926 1827/1959/1929 1744/1876/1825 1734/1864/1815
f 1828/1960/1931 1824/1956/1928 1735/1865/1816 1745/1877/1826
f 1819/1951/1919 1823/1955/1926 1734/1864/1815 1732/1862/1813
f 1824/1956/1928 1820/1952/1922 1733/1863/1814 1735/1865/1816
f 1858/1990/1961 1859/1991/1962 1811/1943/1908 1810/1942/1907
f 1857/1989/1918 1856/1988/1917 1816/1948/1921 1817/1949/1924
f 1815/1947/1911 1819/1951/1919 1732/1862/1813 1730/1860/1811
f 1820/1952/1922 1816/1948/1921 1731/1861/1812 1733/1863/1814
f 1855/1987/1913 1854/1986/1912 1859/1991/1962 1858/1990/1961
f 1812/1944/1910 1861/1993/1916 1860/1992/1915 1813/1945/1909
f 1815/1947/1911 1730/1860/1811 1728/1858/1809 1854/1986/1912
f 1731/1861/1812 1816/1948/1921 1856/1988/1917 1729/1859/1810
f 1859/1991/1962 1854/1986/1912 1728/1858/1809 1726/1856/1807
f 1856/1988/1917 1861/1993/1916 1727/1857/1808 1729/1859/1810
f 1811/1943/1908 1859/1991/1962 1726/1856/1807 1722/1852/1804
f 1861/1993/1916 1812/1944/1910 1723/1853/1805 1727/1857/1808
f 1807/1939/1904 1811/1943/1908 1722/1852/1804 1720/1850/1802
f 1812/1944/1910 1808/1940/1905 1721/1851/1806 1723/1853/1805
f 1802/1934/1898 1807/1939/1904 1720/1850/1802 1724/1854/1801
f 1808/1940/1905 1805/1937/1899 1725/1855/1803 1721/1851/1806
f 1652/1778/1728 1799/1931/1891 1802/1934/1898 1724/1854/1801
f 1800/1932/1902 1653/1779/1732 1725/1855/1803 1805/1937/1899
f 1791/1923/1884 1795/1927/1886 1650/1776/1724 1648/1774/1722
f 1796/1928/1890 1792/1924/1889 1649/1775/1726 1651/1777/1725
f 1941/2080/1727 1942/2081/1892 1799/1931/1891 1652/1778/1728
f 1796/1928/1890 1651/1777/1725 1949/2089/1729 1950/2090/1895
f 1924/2060/1963 1925/2061/1964 1863/1995/1817 1862/1994/1844
f 1925/2061/1964 1926/2062/1965 1864/1996/1818 1863/1995/1817
f 1926/2062/1965 1927/2063/1966 1865/1997/1819 1864/1996/1818
f 1927/2064/1966 1928/2065/1967 1866/1999/1820 1865/1998/1819
f 1928/2065/1967 1929/2066/1968 1867/2000/1846 1866/1999/1820
f 1869/2002/1969 1868/2001/1970 1759/1891/1971 1740/1871/1972
f 1740/1871/1972 1741/1872/1973 1870/2003/1974 1869/2002/1969
f 1741/1872/1973 1742/1874/1975 1871/2004/1976 1870/2003/1974
f 1742/1873/1975 1743/1875/1977 1872/2006/1978 1871/2005/1976
f 1761/1893/1979 1873/2007/1980 1872/2006/1978 1743/1875/1977
f 1397/1492/1439 1875/2009/1443 1874/2008/1442 1366/1461/1440
f 205/205/237 1876/2010/228 1875/2009/1443 1397/1492/1439
f 205/205/237 276/276/236 1877/2011/229 1876/2010/228
f 1878/2012/317 1877/2011/229 276/276/236 204/204/323
f 1879/2013/318 1878/2012/317 204/204/323 264/264/322
f 370/370/410 1880/2014/406 1879/2013/318 264/264/322
f 420/420/466 1881/2015/462 1880/2014/406 370/370/410
f 1882/2016/1084 1881/2015/462 420/420/466 968/1055/1332
f 1883/2017/1085 1882/2016/1084 968/1055/1332 952/1039/1310
f 952/1039/1310 1220/1313/1069 1884/2018/1066 1883/2017/1085
f 1885/2019/564 1884/2018/1066 1220/1313/1069 523/523/959
f 1886/2020/565 1885/2019/564 523/523/959 524/524/668
f 573/574/667 1887/2021/610 1886/2020/565 524/524/668
f 1646/1772/1719 1888/2023/1721 1887/2022/610 573/575/667
f 1425/1520/1449 1892/2027/1446 1891/2026/1479 1369/1464/1480
f 203/203/338 1893/2028/337 1892/2027/1446 1425/1520/1449
f 303/303/227 1894/2029/232 1893/2028/337 203/203/338
f 1895/2030/233 1894/2029/232 303/303/227 202/202/226
f 1896/2031/319 1895/2030/233 202/202/226 263/263/316
f 369/369/405 1897/2032/407 1896/2031/319 263/263/316
f 419/419/461 1898/2033/463 1897/2032/407 369/369/405
f 419/419/461 701/739/779 1899/2034/1086 1898/2033/463
f 701/739/779 706/744/782 1900/2035/1087 1899/2034/1086
f 1197/1290/786 1901/2036/1068 1900/2035/1087 706/744/782
f 1902/2037/567 1901/2036/1068 1197/1290/786 520/520/562
f 1903/2038/568 1902/2037/567 520/520/562 519/519/561
f 575/578/616 1904/2039/612 1903/2038/568 519/519/561
f 1649/1775/1726 1905/2041/1723 1904/2040/612 575/579/616
f 1793/1925/1888 1907/2043/1981 1906/2042/1982 1792/1924/1889
f 1908/2044/1983 1909/2045/1984 1890/2025/1882 1889/2024/1881
f 1791/1923/1884 1648/1774/1722 1888/2023/1721 1889/2024/1881
f 1649/1775/1726 1792/1924/1889 1906/2042/1982 1905/2041/1723
f 1906/2042/1982 1907/2043/1981 1911/2047/1985 1910/2046/1986
f 1913/2049/1987 1912/2048/1988 1909/2045/1984 1908/2044/1983
f 1915/2051/1989 1914/2050/1990 1910/2046/1986 1911/2047/1985
f 1913/2049/1987 1916/2052/1991 1917/2053/1992 1912/2048/1988
f 1919/2055/1993 1914/2050/1990 1915/2051/1989 1918/2054/1994
f 1921/2057/1995 1917/2053/1992 1916/2052/1991 1920/2056/1996
f 1918/2054/1994 1922/2058/1997 1923/2059/1998 1919/2055/1993
f 1920/2056/1996 1992/2133/1999 1993/2134/2000 1921/2057/1995
f 1853/1985/1959 2000/2142/2001 2001/2143/2002 1852/1984/1960
f 1991/2132/1841 1992/2133/1999 1920/2056/1996 1758/1890/1842
f 1999/2141/1843 2000/2142/2001 1853/1985/1959 1757/1889/1840
f 1916/2052/1991 1862/1994/1844 1758/1890/1842 1920/2056/1996
f 1868/2001/1970 1919/2055/1993 1923/2059/1998 1759/1891/1971
f 1646/1772/1719 1644/1770/1717 1925/2061/1964 1924/2060/1963
f 1628/1752/1701 1926/2062/1965 1925/2061/1964 1644/1770/1717
f 1629/1753/1702 1927/2063/1966 1926/2062/1965 1628/1752/1701
f 1642/1768/1715 1928/2065/1967 1927/2064/1966 1629/1754/1702
f 1640/1766/1712 1929/2066/1968 1928/2065/1967 1642/1768/1715
f 1931/2068/1767 1930/2067/1845 1868/2001/1970 1869/2002/1969
f 1869/2002/1969 1870/2003/1974 1932/2069/1697 1931/2068/1767
f 1870/2003/1974 1871/2004/1976 1933/2070/1698 1932/2069/1697
f 1871/2005/1976 1872/2006/1978 1934/2072/1770 1933/2071/1698
f 1872/2006/1978 1873/2007/1980 1935/2073/1848 1934/2072/1770
f 1862/1994/1844 1916/2052/1991 1913/2049/1987 1924/2060/1963
f 1919/2055/1993 1868/2001/1970 1930/2067/1845 1914/2050/1990
f 1924/2060/1963 1913/2049/1987 1908/2044/1983 1646/1772/1719
f 1914/2050/1990 1930/2067/1845 1647/1773/1720 1910/2046/1986
f 1888/2023/1721 1646/1772/1719 1908/2044/1983 1889/2024/1881
f 1647/1773/1720 1905/2041/1723 1906/2042/1982 1910/2046/1986
f 1937/2075/999 1936/2074/1280 1165/1258/1276 567/567/1267
f 1938/2076/1000 1937/2075/999 567/567/1267 563/563/606
f 563/563/606 559/559/602 1939/2077/1002 1938/2076/1000
f 579/586/619 1939/2077/1002 559/559/602 555/555/598
f 576/580/614 1940/2078/617 555/555/598 515/515/557
f 1650/1776/1724 1941/2080/1727 1940/2079/617 576/581/614
f 1650/1776/1724 1795/1927/1886 1942/2081/1892 1941/2080/1727
f 1943/2082/1893 1942/2081/1892 1795/1927/1886 1794/1926/1885
f 1945/2084/997 1944/2083/1281 867/949/993 863/945/989
f 1946/2085/998 1945/2084/997 863/945/989 859/941/984
f 1947/2086/1001 1946/2085/998 859/941/984 855/937/981
f 855/937/981 585/595/623 580/587/626 1947/2086/1001
f 581/588/625 1948/2087/620 558/558/600 580/587/626
f 1653/1779/1732 1949/2089/1729 1948/2088/620 581/589/625
f 1950/2090/1895 1949/2089/1729 1653/1779/1732 1800/1932/1902
f 1951/2091/1896 1950/2090/1895 1800/1932/1902 1801/1933/1901
f 1790/1922/1883 1952/2092/2003 1953/2093/2004 1794/1926/1885
f 1955/2095/2005 1793/1925/1888 1797/1929/1887 1954/2094/2006
f 1953/2093/2004 1952/2092/2003 1956/2096/2007 1957/2097/2008
f 1955/2095/2005 1954/2094/2006 1958/2098/2009 1959/2099/2010
f 1957/2097/2008 1956/2096/2007 1960/2100/2011 1961/2101/2012
f 1959/2099/2010 1958/2098/2009 1962/2102/2013 1963/2103/2014
f 1826/1958/1930 1822/1954/1925 1961/2101/2012 1960/2100/2011
f 1825/1957/1927 1829/1961/1932 1963/2103/2014 1962/2102/2013
f 1790/1922/1883 1890/2025/1882 1964/2104/2015 1952/2092/2003
f 1907/2043/1981 1793/1925/1888 1955/2095/2005 1965/2105/2016
f 1967/2107/2017 1960/2100/2011 1956/2096/2007 1966/2106/2018
f 1963/2103/2014 1968/2108/2019 1969/2109/2020 1959/2099/2010
f 1966/2106/2018 1956/2096/2007 1952/2092/2003 1964/2104/2015
f 1959/2099/2010 1969/2109/2020 1965/2105/2016 1955/2095/2005
f 1830/1962/1934 1826/1958/1930 1960/2100/2011 1967/2107/2017
f 1829/1961/1932 1833/1965/1936 1968/2108/2019 1963/2103/2014
f 1909/2045/1984 1970/2110/2021 1964/2104/2015 1890/2025/1882
f 1971/2111/2022 1911/2047/1985 1907/2043/1981 1965/2105/2016
f 1970/2110/2021 1972/2112/2023 1966/2106/2018 1964/2104/2015
f 1973/2113/2024 1971/2111/2022 1965/2105/2016 1969/2109/2020
f 1972/2112/2023 1974/2114/2025 1967/2107/2017 1966/2106/2018
f 1975/2115/2026 1973/2113/2024 1969/2109/2020 1968/2108/2019
f 1974/2114/2025 1834/1966/1937 1830/1962/1934 1967/2107/2017
f 1837/1969/1939 1975/2115/2026 1968/2108/2019 1833/1965/1936
f 1977/2117/2027 1974/2114/2025 1972/2112/2023 1976/2116/2028
f 1975/2115/2026 1978/2118/2029 1979/2119/2030 1973/2113/2024
f 1981/2121/2031 1977/2117/2027 1976/2116/2028 1980/2120/2032
f 1978/2118/2029 1982/2122/2033 1983/2123/2034 1979/2119/2030
f 1980/2120/2032 1851/1983/1958 1846/1978/1951 1981/2121/2031
f 1852/1984/1960 1983/2123/2034 1982/2122/2033 1849/1981/1953
f 1909/2045/1984 1912/2048/1988 1984/2124/2035 1970/2110/2021
f 1915/2051/1989 1911/2047/1985 1971/2111/2022 1985/2125/2036
f 1984/2124/2035 1976/2116/2028 1972/2112/2023 1970/2110/2021
f 1979/2119/2030 1985/2125/2036 1971/2111/2022 1973/2113/2024
f 1834/1966/1937 1974/2114/2025 1977/2117/2027 1838/1970/1941
f 1975/2115/2026 1837/1969/1939 1841/1973/1943 1978/2118/2029
f 1762/1894/1852 1692/1822/1771 1987/2127/1769 1986/2126/1849
f 1988/2128/1695 1987/2127/1769 1692/1822/1771 1625/1747/1685
f 1989/2130/1696 1988/2129/1695 1625/1748/1685 1624/1746/1688
f 1990/2131/1766 1989/2130/1696 1624/1746/1688 1678/1804/1759
f 1678/1804/1759 1756/1888/1839 1991/2132/1841 1990/2131/1766
f 1850/1982/1957 1992/2133/1999 1991/2132/1841 1756/1888/1839
f 1993/2134/2000 1992/2133/1999 1850/1982/1957 1851/1983/1958
f 1995/2136/1824 1994/2135/1851 1761/1893/1979 1743/1875/1977
f 1996/2137/1823 1995/2136/1824 1743/1875/1977 1742/1873/1975
f 1997/2139/1821 1996/2138/1823 1742/1874/1975 1741/1872/1973
f 1998/2140/1822 1997/2139/1821 1741/1872/1973 1740/1871/1972
f 1999/2141/1843 1998/2140/1822 1740/1871/1972 1759/1891/1971
f 1923/2059/1998 2000/2142/2001 1999/2141/1843 1759/1891/1971
f 2001/2143/2002 2000/2142/2001 1923/2059/1998 1922/2058/1997
f 1851/1983/1958 1980/2120/2032 2002/2144/2037 1993/2134/2000
f 1983/2123/2034 1852/1984/1960 2001/2143/2002 2003/2145/2038
f 1993/2134/2000 2002/2144/2037 1917/2053/1992 1921/2057/1995
f 2003/2145/2038 2001/2143/2002 1922/2058/1997 1918/2054/1994
f 2002/2144/2037 1984/2124/2035 1912/2048/1988 1917/2053/1992
f 1985/2125/2036 2003/2145/2038 1918/2054/1994 1915/2051/1989
f 1984/2124/2035 2002/2144/2037 1980/2120/2032 1976/2116/2028
f 2003/2145/2038 1985/2125/2036 1979/2119/2030 1983/2123/2034
f 2005/2147/1777 2004/2146/1857 1768/1900/1861 1698/1828/1781
f 2006/2148/1679 2005/2147/1777 1698/1828/1781 1617/1735/1673
f 1616/1734/1674 2007/2150/1680 2006/2149/1679 1617/1736/1673
f 2008/2151/1755 2007/2150/1680 1616/1734/1674 1674/1800/1752
f 1750/1882/1831 2009/2152/1833 2008/2151/1755 1674/1800/1752
f 1839/1971/1942 2010/2153/1945 2009/2152/1833 1750/1882/1831
f 1838/1970/1941 2011/2154/1946 2010/2153/1945 1839/1971/1942
f 2013/2156/1779 2012/2155/1859 1767/1899/1856 1697/1827/1776
f 2014/2157/1683 2013/2156/1779 1697/1827/1776 1622/1743/1689
f 1623/1745/1692 2015/2159/1684 2014/2158/1683 1622/1744/1689
f 2016/2160/1757 2015/2159/1684 1623/1745/1692 1677/1803/1761
f 1753/1885/1838 2017/2161/1835 2016/2160/1757 1677/1803/1761
f 1844/1976/1955 2018/2162/1949 2017/2161/1835 1753/1885/1838
f 1845/1977/1954 2019/2163/1950 2018/2162/1949 1844/1976/1955
f 1838/1970/1941 1977/2117/2027 1981/2121/2031 2011/2154/1946
f 1978/2118/2029 1841/1973/1943 2019/2163/1950 1982/2122/2033
f 1846/1978/1951 1842/1974/1947 2011/2154/1946 1981/2121/2031
f 1845/1977/1954 1849/1981/1953 1982/2122/2033 2019/2163/1950
f 2020/2164/2039 1961/2101/2012 1822/1954/1925 1818/1950/1920
f 1962/2102/2013 2021/2165/2040 1821/1953/1923 1825/1957/1927
f 2020/2164/2039 2022/2166/2041 1957/2097/2008 1961/2101/2012
f 2023/2167/2042 2021/2165/2040 1962/2102/2013 1958/2098/2009
f 1957/2097/2008 2022/2166/2041 2024/2168/2043 1953/2093/2004
f 2023/2167/2042 1958/2098/2009 1954/2094/2006 2025/2169/2044
f 1953/2093/2004 2024/2168/2043 1943/2082/1893 1794/1926/1885
f 2025/2169/2044 1954/2094/2006 1797/1929/1887 1951/2091/1896
f 2024/2168/2043 2026/2170/2045 1798/1930/1894 1943/2082/1893
f 2027/2171/2046 2025/2169/2044 1951/2091/1896 1801/1933/1901
f 2026/2170/2045 2024/2168/2043 2022/2166/2041 2028/2172/2047
f 2025/2169/2044 2027/2171/2046 2029/2173/2048 2023/2167/2042
f 2020/2164/2039 2030/2174/2049 2028/2172/2047 2022/2166/2041
f 2031/2175/2050 2021/2165/2040 2023/2167/2042 2029/2173/2048
f 1814/1946/1914 2030/2174/2049 2020/2164/2039 1818/1950/1920
f 2031/2175/2050 1817/1949/1924 1821/1953/1923 2021/2165/2040
f 2028/2172/2047 1810/1942/1907 1806/1938/1903 2026/2170/2045
f 1813/1945/1909 2029/2173/2048 2027/2171/2046 1809/1941/1906
f 1803/1935/1897 1798/1930/1894 2026/2170/2045 1806/1938/1903
f 1801/1933/1901 1804/1936/1900 1809/1941/1906 2027/2171/2046
f 2030/2174/2049 1858/1990/1961 1810/1942/1907 2028/2172/2047
f 1860/1992/1915 2031/2175/2050 2029/2173/2048 1813/1945/1909
f 1814/1946/1914 1855/1987/1913 1858/1990/1961 2030/2174/2049
f 1857/1989/1918 1817/1949/1924 2031/2175/2050 1860/1992/1915
f 1784/1916/1875 1782/1914/1873 2032/2176/2051 1786/1918/1877
f 1783/1915/1874 1785/1917/1876 1787/1919/1878 2033/2177/2052
f 1786/1918/1877 2032/2176/2051 2034/2178/2053 1788/1920/1879
f 2033/2177/2052 1787/1919/1878 1789/1921/1880 2035/2179/2054
f 1634/1760/1705 1788/1920/1879 2034/2178/2053 2036/2180/2055
f 1789/1921/1880 1635/1761/1706 2037/2181/2056 2035/2179/2054
f 1782/1914/1873 1780/1912/1871 2038/2182/2057 2032/2176/2051
f 1781/1913/1872 1783/1915/1874 2033/2177/2052 2039/2183/2058
f 2034/2178/2053 2032/2176/2051 2038/2182/2057 2040/2184/2059
f 2033/2177/2052 2035/2179/2054 2041/2185/2060 2039/2183/2058
f 2036/2180/2055 2034/2178/2053 2040/2184/2059 2042/2186/2061
f 2035/2179/2054 2037/2181/2056 2043/2187/2062 2041/2185/2060
f 2042/2186/2061 1636/1762/1707 1634/1760/1705 2036/2180/2055
f 1637/1763/1708 2043/2187/2062 2037/2181/2056 1635/1761/1706
f 2044/2188/2063 2038/2182/2057 1780/1912/1871 1778/1910/1869
f 2039/2183/2058 2045/2189/2064 1779/1911/1870 1781/1913/1872
f 2046/2190/2065 2044/2188/2063 1778/1910/1869 1776/1908/1867
f 2045/2189/2064 2047/2191/2066 1777/1909/1868 1779/1911/1870
f 2048/2192/2067 2046/2190/2065 1776/1908/1867 1774/1906/1865
f 2047/2191/2066 2049/2193/2068 1775/1907/1866 1777/1909/1868
f 2051/2195/2069 2050/2194/2070 1772/1904/1863 1770/1902/1860
f 2053/2197/2071 2052/2196/2072 1771/1903/1862 1773/1905/1864
f 2050/2194/2070 2048/2192/2067 1774/1906/1865 1772/1904/1863
f 2049/2193/2068 2053/2197/2071 1773/1905/1864 1775/1907/1866
f 1770/1902/1860 1768/1900/1861 2054/2198/2073 2051/2195/2069
f 1769/1901/1858 1771/1903/1862 2052/2196/2072 2055/2199/2074
f 2056/2200/2075 2054/2198/2073 1768/1900/1861 2004/2146/1857
f 2055/2199/2074 2057/2201/2076 2012/2155/1859 1769/1901/1858
f 2058/2202/2077 2056/2200/2075 2004/2146/1857 1766/1898/1855
f 2057/2201/2076 2059/2203/2078 1767/1899/1856 2012/2155/1859
f 2060/2204/2079 2058/2202/2077 1766/1898/1855 1764/1896/1853
f 2059/2203/2078 2061/2205/2080 1765/1897/1854 1767/1899/1856
f 1764/1896/1853 1762/1894/1852 2062/2206/2081 2060/2204/2079
f 1763/1895/1850 1765/1897/1854 2061/2205/2080 2063/2207/2082
f 1986/2126/1849 2064/2208/2083 2062/2206/2081 1762/1894/1852
f 2065/2209/2084 1994/2135/1851 1763/1895/1850 2063/2207/2082
f 2064/2208/2083 1986/2126/1849 1760/1892/1847 2066/2210/2085
f 1994/2135/1851 2065/2209/2084 2067/2211/2086 1761/1893/1979
f 2066/2210/2085 1760/1892/1847 1867/2000/1846 2068/2212/2087
f 1761/1893/1979 2067/2211/2086 2069/2213/2088 1873/2007/1980
f 1929/2066/1968 2070/2214/2089 2068/2212/2087 1867/2000/1846
f 2071/2215/2090 1935/2073/1848 1873/2007/1980 2069/2213/2088
f 2070/2214/2089 1929/2066/1968 1640/1766/1712 1638/1764/1711
f 1935/2073/1848 2071/2215/2090 1639/1765/1714 1641/1767/1713
f 2044/2188/2063 2072/2216/2091 2040/2184/2059 2038/2182/2057
f 2073/2217/2092 2045/2189/2064 2039/2183/2058 2041/2185/2060
f 2072/2216/2091 2074/2218/2093 2042/2186/2061 2040/2184/2059
f 2075/2219/2094 2073/2217/2092 2041/2185/2060 2043/2187/2062
f 2074/2218/2093 2076/2220/2095 1636/1762/1707 2042/2186/2061
f 2077/2221/2096 2075/2219/2094 2043/2187/2062 1637/1763/1708
f 2044/2188/2063 2046/2190/2065 2078/2222/2097 2072/2216/2091
f 2047/2191/2066 2045/2189/2064 2073/2217/2092 2079/2223/2098
f 2078/2222/2097 2080/2224/2099 2074/2218/2093 2072/2216/2091
f 2081/2225/2100 2079/2223/2098 2073/2217/2092 2075/2219/2094
f 2080/2224/2099 2082/2226/2101 2076/2220/2095 2074/2218/2093
f 2083/2227/2102 2081/2225/2100 2075/2219/2094 2077/2221/2096
f 2076/2220/2095 2090/2234/2103 2091/2235/1709 1636/1762/1707
f 2109/2256/1710 2110/2257/2104 2077/2221/2096 1637/1763/1708
f 2084/2228/2105 2086/2230/2106 2070/2214/2089 1638/1764/1711
f 2087/2231/2107 2085/2229/2108 1639/1765/1714 2071/2215/2090
f 2088/2232/2109 2068/2212/2087 2070/2214/2089 2086/2230/2106
f 2069/2213/2088 2089/2233/2110 2087/2231/2107 2071/2215/2090
f 2046/2190/2065 2048/2192/2067 2080/2224/2099 2078/2222/2097
f 2049/2193/2068 2047/2191/2066 2079/2223/2098 2081/2225/2100
f 2082/2226/2101 2080/2224/2099 2048/2192/2067 2050/2194/2070
f 2081/2225/2100 2083/2227/2102 2053/2197/2071 2049/2193/2068
f 2091/2235/1709 2090/2234/2103 2084/2228/2105 1638/1764/1711
f 2092/2236/647 2091/2235/1709 1638/1764/1711 602/626/653
f 603/628/652 2093/2238/648 2092/2237/647 602/627/653
f 2094/2239/808 2093/2238/648 603/628/652 929/1015/836
f 2095/2240/809 2094/2239/808 929/1015/836 725/773/835
f 725/773/835 727/775/843 2096/2241/812 2095/2240/809
f 727/775/843 729/777/847 2097/2242/814 2096/2241/812
f 729/777/847 731/779/851 2098/2243/816 2097/2242/814
f 731/779/851 733/781/855 2099/2244/818 2098/2243/816
f 733/781/855 735/783/859 2100/2245/820 2099/2244/818
f 735/784/859 734/782/857 2101/2247/819 2100/2246/820
f 734/782/857 732/780/852 2102/2248/817 2101/2247/819
f 732/780/852 730/778/848 2103/2249/815 2102/2248/817
f 730/778/848 728/776/845 2104/2250/813 2103/2249/815
f 728/776/845 726/774/838 2105/2251/810 2104/2250/813
f 909/992/841 2106/2252/811 2105/2251/810 726/774/838
f 604/629/655 2107/2253/649 2106/2252/811 909/992/841
f 2108/2254/650 2107/2253/649 604/629/655 605/630/658
f 1639/1765/1714 2109/2256/1710 2108/2255/650 605/631/658
f 2085/2229/2108 2110/2257/2104 2109/2256/1710 1639/1765/1714
f 2051/2195/2069 2111/2258/2111 2082/2226/2101 2050/2194/2070
f 2112/2259/2112 2052/2196/2072 2053/2197/2071 2083/2227/2102
f 2082/2226/2101 2111/2258/2111 2090/2234/2103 2076/2220/2095
f 2112/2259/2112 2083/2227/2102 2077/2221/2096 2110/2257/2104
f 2113/2260/2113 2111/2258/2111 2051/2195/2069 2054/2198/2073
f 2112/2259/2112 2114/2261/2114 2055/2199/2074 2052/2196/2072
f 2084/2228/2105 2090/2234/2103 2111/2258/2111 2113/2260/2113
f 2110/2257/2104 2085/2229/2108 2114/2261/2114 2112/2259/2112
f 2113/2260/2113 2054/2198/2073 2056/2200/2075 2115/2262/2115
f 2055/2199/2074 2114/2261/2114 2116/2263/2116 2057/2201/2076
f 2115/2262/2115 2086/2230/2106 2084/2228/2105 2113/2260/2113
f 2087/2231/2107 2116/2263/2116 2114/2261/2114 2085/2229/2108
f 2058/2202/2077 2117/2264/2117 2115/2262/2115 2056/2200/2075
f 2118/2265/2118 2059/2203/2078 2057/2201/2076 2116/2263/2116
f 2117/2264/2117 2088/2232/2109 2086/2230/2106 2115/2262/2115
f 2089/2233/2110 2118/2265/2118 2116/2263/2116 2087/2231/2107
f 2060/2204/2079 2062/2206/2081 2117/2264/2117 2058/2202/2077
f 2063/2207/2082 2061/2205/2080 2059/2203/2078 2118/2265/2118
f 2088/2232/2109 2117/2264/2117 2062/2206/2081 2064/2208/2083
f 2118/2265/2118 2089/2233/2110 2065/2209/2084 2063/2207/2082
f 2064/2208/2083 2066/2210/2085 2068/2212/2087 2088/2232/2109
f 2067/2211/2086 2065/2209/2084 2089/2233/2110 2069/2213/2088
f 2120/2267/2119 2119/2266/2120 2141/2288/2121 2142/2289/2122
f 2121/2268/2123 2120/2267/2119 2142/2289/2122 2143/2290/2124
f 2122/2269/2125 2121/2268/2123 2143/2290/2124 2144/2291/2126
f 2119/2266/2120 2123/2270/2127 2162/2309/2128 2141/2288/2121
f 2124/2271/2129 2122/2269/2125 2144/2291/2126 2145/2292/2130
f 2123/2270/2127 2125/2272/2131 2161/2308/2132 2162/2309/2128
f 2126/2273/2133 2124/2271/2129 2145/2292/2130 2146/2293/2134
f 2125/2272/2131 2127/2274/2135 2160/2307/2136 2161/2308/2132
f 2128/2275/2137 2126/2273/2133 2146/2293/2134 2147/2294/2138
f 2127/2274/2135 2129/2276/2139 2159/2306/2140 2160/2307/2136
f 2130/2277/2141 2128/2275/2137 2147/2294/2138 2148/2295/2142
f 2129/2276/2139 2131/2278/2143 2158/2305/2144 2159/2306/2140
f 2130/2277/2141 2148/2295/2142 2149/2296/2145 2132/2279/2146
f 2157/2304/2147 2158/2305/2144 2131/2278/2143 2133/2280/2148
f 2134/2281/2149 2132/2279/2146 2149/2296/2145 2150/2297/2150
f 2133/2280/2148 2135/2282/2151 2156/2303/2152 2157/2304/2147
f 2136/2283/2153 2134/2281/2149 2150/2297/2150 2151/2298/2154
f 2135/2282/2151 2137/2284/2155 2155/2302/2156 2156/2303/2152
f 2138/2285/2157 2136/2283/2153 2151/2298/2154 2152/2299/2158
f 2137/2284/2155 2139/2286/2159 2154/2301/2160 2155/2302/2156
f 2139/2286/2159 2140/2287/2161 2153/2300/2162 2154/2301/2160
f 2140/2287/2161 2138/2285/2157 2152/2299/2158 2153/2300/2162
f 2142/2289/2122 2141/2288/2121 73/73/2163 77/77/2164
f 2143/2290/2124 2142/2289/2122 77/77/2164 76/76/2165
f 2144/2291/2126 2143/2290/2124 76/76/2165 71/71/2166
f 2145/2292/2130 2144/2291/2126 71/71/2166 68/68/2167
f 2146/2293/2134 2145/2292/2130 68/68/2167 64/64/2168
f 2147/2294/2138 2146/2293/2134 64/64/2168 49/49/2169
f 2148/2295/2142 2147/2294/2138 49/49/2169 52/52/2170
f 2149/2296/2145 2148/2295/2142 52/52/2170 56/56/2171
f 2150/2297/2150 2149/2296/2145 56/56/2171 60/60/2172
f 2151/2298/2154 2150/2297/2150 60/60/2172 82/82/2173
f 2152/2299/2158 2151/2298/2154 82/82/2173 86/86/2174
f 2153/2300/2162 2152/2299/2158 86/86/2174 87/87/2175
f 2154/2301/2160 2153/2300/2162 87/87/2175 83/83/2176
f 2155/2302/2156 2154/2301/2160 83/83/2176 79/79/2177
f 2156/2303/2152 2155/2302/2156 79/79/2177 57/57/2178
f 2157/2304/2147 2156/2303/2152 57/57/2178 53/53/2179
f 45/45/2180 2158/2305/2144 2157/2304/2147 53/53/2179
f 2159/2306/2140 2158/2305/2144 45/45/2180 48/48/2181
f 2160/2307/2136 2159/2306/2140 48/48/2181 61/61/2182
f 2161/2308/2132 2160/2307/2136 61/61/2182 65/65/2183
f 2162/2309/2128 2161/2308/2132 65/65/2183 70/70/2184
f 2141/2288/2121 2162/2309/2128 70/70/2184 73/73/2163
f 2441/2639/2185 2442/2640/2186 2164/2311/687 2163/2310/686
f 2442/2640/2186 2443/2641/2187 2165/2312/688 2164/2311/687
f 2166/2313/689 2165/2312/688 2443/2641/2187 2444/2642/2188
f 2167/2314/690 2166/2313/689 2444/2642/2188 2445/2643/2189
f 2168/2315/691 2167/2314/690 2445/2643/2189 2446/2644/2190
f 2169/2316/692 2168/2315/691 2446/2644/2190 2447/2645/2191
f 2170/2317/693 2169/2316/692 2447/2645/2191 2448/2646/2192
f 2171/2318/694 2170/2317/693 2448/2646/2192 2449/2647/2193
f 2449/2647/2193 2450/2648/2194 2172/2319/695 2171/2318/694
f 2450/2648/2194 2451/2649/2195 2173/2320/696 2172/2319/695
f 2451/2649/2195 2452/2650/2196 2174/2321/697 2173/2320/696
f 2452/2650/2196 2453/2651/2197 2175/2322/698 2174/2321/697
f 2453/2651/2197 2454/2652/2198 2176/2323/699 2175/2322/698
f 2454/2652/2198 2455/2653/2199 2177/2324/700 2176/2323/699
f 2455/2653/2199 2456/2654/2200 2178/2325/701 2177/2324/700
f 2456/2654/2200 2457/2655/2201 2179/2326/702 2178/2325/701
f 2180/2327/703 2179/2326/702 2457/2655/2201 2458/2656/2202
f 2181/2328/704 2180/2327/703 2458/2656/2202 2459/2657/2203
f 2459/2657/2203 2460/2658/2204 2182/2329/705 2181/2328/704
f 2183/2330/706 2182/2329/705 2460/2658/2204 2461/2659/2205
f 2184/2331/707 2183/2330/706 2461/2659/2205 2462/2660/2206
f 2462/2660/2206 2441/2639/2185 2163/2310/686 2184/2331/707
f 2186/2334/2207 2185/2332/2208 2139/2286/2159 2137/2284/2155
f 2188/2338/2209 2187/2336/2210 2136/2283/2153 2138/2285/2157
f 2185/2332/2208 2189/2340/2211 2140/2287/2161 2139/2286/2159
f 2189/2340/2211 2188/2338/2209 2138/2285/2157 2140/2287/2161
f 2134/2281/2149 2136/2283/2153 2187/2336/2210 2190/2342/2212
f 2137/2284/2155 2135/2282/2151 2191/2344/2213 2186/2334/2207
f 2190/2342/2212 2192/2346/2214 2132/2279/2146 2134/2281/2149
f 2193/2348/2215 2191/2344/2213 2135/2282/2151 2133/2280/2148
f 2130/2277/2141 2132/2279/2146 2192/2346/2214 2194/2350/2216
f 2133/2280/2148 2131/2278/2143 2195/2352/2217 2193/2348/2215
f 2194/2350/2216 2196/2354/2218 2128/2275/2137 2130/2277/2141
f 2197/2357/2219 2195/2352/2217 2131/2278/2143 2129/2276/2139
f 2196/2354/2218 2198/2360/2220 2126/2273/2133 2128/2275/2137
f 2199/2362/2221 2197/2357/2219 2129/2276/2139 2127/2274/2135
f 2124/2271/2129 2126/2273/2133 2198/2360/2220 2200/2364/2222
f 2127/2274/2135 2125/2272/2131 2201/2366/2223 2199/2362/2221
f 2200/2364/2222 2202/2368/2224 2122/2269/2125 2124/2271/2129
f 2203/2370/2225 2201/2366/2223 2125/2272/2131 2123/2270/2127
f 2202/2368/2224 2204/2372/2226 2121/2268/2123 2122/2269/2125
f 2205/2374/2227 2203/2370/2225 2123/2270/2127 2119/2266/2120
f 2120/2267/2119 2121/2268/2123 2204/2372/2226 2206/2376/2228
f 2119/2266/2120 2120/2267/2119 2206/2376/2228 2205/2374/2227
f 2206/2377/2228 2204/2373/2226 2207/2378/2229 2208/2379/2230
f 2205/2375/2227 2206/2377/2228 2208/2379/2230 2209/2380/2231
f 2210/2381/2232 2207/2378/2229 2204/2373/2226 2202/2369/2224
f 2209/2380/2231 2211/2382/2233 2203/2371/2225 2205/2375/2227
f 2212/2383/2234 2210/2381/2232 2202/2369/2224 2200/2365/2222
f 2211/2382/2233 2213/2384/2235 2201/2367/2223 2203/2371/2225
f 2200/2365/2222 2198/2361/2220 2214/2385/2236 2212/2383/2234
f 2199/2363/2221 2201/2367/2223 2213/2384/2235 2215/2386/2237
f 2198/2361/2220 2196/2355/2218 2216/2387/2238 2214/2385/2236
f 2197/2358/2219 2199/2363/2221 2215/2386/2237 2217/2389/2239
f 2190/2343/2212 2187/2337/2210 2218/2391/2240 2219/2392/2241
f 2186/2335/2207 2191/2345/2213 2220/2393/2242 2221/2394/2243
f 2222/2395/2244 2218/2391/2240 2187/2337/2210 2188/2339/2209
f 2221/2394/2243 2223/2396/2245 2185/2333/2208 2186/2335/2207
f 2192/2347/2214 2190/2343/2212 2219/2392/2241 2224/2397/2246
f 2191/2345/2213 2193/2349/2215 2225/2398/2247 2220/2393/2242
f 2194/2351/2216 2192/2347/2214 2224/2397/2246 2226/2399/2248
f 2193/2349/2215 2195/2353/2217 2227/2400/2249 2225/2398/2247
f 2226/2399/2248 2216/2388/2238 2196/2356/2218 2194/2351/2216
f 2217/2390/2239 2227/2400/2249 2195/2353/2217 2197/2359/2219
f 2228/2401/2250 2222/2395/2244 2188/2339/2209 2189/2341/2211
f 2223/2396/2245 2228/2401/2250 2189/2341/2211 2185/2333/2208
f 2230/2403/2251 2229/2402/2252 2208/2379/2230 2207/2378/2229
f 2229/2402/2252 2231/2404/2253 2209/2380/2231 2208/2379/2230
f 2211/2382/2233 2209/2380/2231 2231/2404/2253 2232/2405/2254
f 2207/2378/2229 2210/2381/2232 2233/2406/2255 2230/2403/2251
f 2213/2384/2235 2211/2382/2233 2232/2405/2254 2234/2407/2256
f 2210/2381/2232 2212/2383/2234 2235/2408/2257 2233/2406/2255
f 2234/2407/2256 2236/2409/2258 2215/2386/2237 2213/2384/2235
f 2237/2410/2259 2235/2408/2257 2212/2383/2234 2214/2385/2236
f 2217/2389/2239 2215/2386/2237 2236/2409/2258 2238/2412/2260
f 2214/2385/2236 2216/2387/2238 2239/2414/2261 2237/2410/2259
f 2227/2400/2249 2217/2390/2239 2238/2411/2260 2240/2415/2262
f 2216/2388/2238 2226/2399/2248 2241/2416/2263 2239/2413/2261
f 2228/2401/2250 2223/2396/2245 2242/2417/2264 2243/2418/2265
f 2222/2395/2244 2228/2401/2250 2243/2418/2265 2244/2419/2266
f 2245/2420/2267 2242/2417/2264 2223/2396/2245 2221/2394/2243
f 2244/2419/2266 2246/2421/2268 2218/2391/2240 2222/2395/2244
f 2247/2422/2269 2245/2420/2267 2221/2394/2243 2220/2393/2242
f 2246/2421/2268 2248/2423/2270 2219/2392/2241 2218/2391/2240
f 2220/2393/2242 2225/2398/2247 2249/2424/2271 2247/2422/2269
f 2224/2397/2246 2219/2392/2241 2248/2423/2270 2250/2425/2272
f 2225/2398/2247 2227/2400/2249 2240/2415/2262 2249/2424/2271
f 2226/2399/2248 2224/2397/2246 2250/2425/2272 2241/2416/2263
f 2252/2427/2273 2251/2426/2274 2229/2402/2252 2230/2403/2251
f 2251/2426/2274 2253/2428/2275 2231/2404/2253 2229/2402/2252
f 2230/2403/2251 2233/2406/2255 2254/2429/2276 2252/2427/2273
f 2232/2405/2254 2231/2404/2253 2253/2428/2275 2255/2430/2277
f 2233/2406/2255 2235/2408/2257 2256/2431/2278 2254/2429/2276
f 2234/2407/2256 2232/2405/2254 2255/2430/2277 2257/2432/2279
f 2239/2413/2261 2241/2416/2263 2258/2433/2280 2259/2435/2281
f 2240/2415/2262 2238/2411/2260 2260/2437/2282 2261/2438/2283
f 2237/2410/2259 2239/2414/2261 2259/2434/2281 2262/2439/2284
f 2238/2412/2260 2236/2409/2258 2263/2440/2285 2260/2436/2282
f 2262/2439/2284 2256/2431/2278 2235/2408/2257 2237/2410/2259
f 2257/2432/2279 2263/2440/2285 2236/2409/2258 2234/2407/2256
f 2265/2442/2286 2264/2441/2287 2244/2419/2266 2243/2418/2265
f 2266/2443/2288 2265/2442/2286 2243/2418/2265 2242/2417/2264
f 2264/2441/2287 2267/2444/2289 2246/2421/2268 2244/2419/2266
f 2268/2445/2290 2266/2443/2288 2242/2417/2264 2245/2420/2267
f 2248/2423/2270 2246/2421/2268 2267/2444/2289 2269/2446/2291
f 2245/2420/2267 2247/2422/2269 2270/2447/2292 2268/2445/2290
f 2250/2425/2272 2248/2423/2270 2269/2446/2291 2271/2448/2293
f 2247/2422/2269 2249/2424/2271 2272/2449/2294 2270/2447/2292
f 2271/2448/2293 2258/2433/2280 2241/2416/2263 2250/2425/2272
f 2261/2438/2283 2272/2449/2294 2249/2424/2271 2240/2415/2262
f 2274/2451/2295 2273/2450/2296 2253/2428/2275 2251/2426/2274
f 2275/2452/2297 2274/2451/2295 2251/2426/2274 2252/2427/2273
f 2252/2427/2273 2254/2429/2276 2276/2453/2298 2275/2452/2297
f 2255/2430/2277 2253/2428/2275 2273/2450/2296 2277/2454/2299
f 2278/2455/2300 2276/2453/2298 2254/2429/2276 2256/2431/2278
f 2277/2454/2299 2279/2456/2301 2257/2432/2279 2255/2430/2277
f 2280/2457/2302 2278/2455/2300 2256/2431/2278 2262/2439/2284
f 2279/2456/2301 2281/2458/2303 2263/2440/2285 2257/2432/2279
f 2262/2439/2284 2259/2434/2281 2282/2459/2304 2280/2457/2302
f 2260/2436/2282 2263/2440/2285 2281/2458/2303 2283/2461/2305
f 2259/2435/2281 2258/2433/2280 2284/2463/2306 2282/2460/2304
f 2261/2438/2283 2260/2437/2282 2283/2462/2305 2285/2464/2307
f 2286/2465/2308 2284/2463/2306 2258/2433/2280 2271/2448/2293
f 2285/2464/2307 2287/2466/2309 2272/2449/2294 2261/2438/2283
f 2288/2467/2310 2286/2465/2308 2271/2448/2293 2269/2446/2291
f 2287/2466/2309 2289/2468/2311 2270/2447/2292 2272/2449/2294
f 2269/2446/2291 2267/2444/2289 2290/2469/2312 2288/2467/2310
f 2268/2445/2290 2270/2447/2292 2289/2468/2311 2291/2470/2313
f 2267/2444/2289 2264/2441/2287 2292/2471/2314 2290/2469/2312
f 2266/2443/2288 2268/2445/2290 2291/2470/2313 2293/2472/2315
f 2265/2442/2286 2294/2473/2316 2292/2471/2314 2264/2441/2287
f 2294/2473/2316 2265/2442/2286 2266/2443/2288 2293/2472/2315
f 2296/2475/2317 2274/2451/2295 2275/2452/2297 2295/2474/2318
f 2274/2451/2295 2296/2475/2317 2297/2476/2319 2273/2450/2296
f 2299/2478/2320 2296/2475/2317 2295/2474/2318 2298/2477/2321
f 2296/2475/2317 2299/2478/2320 2300/2479/2322 2297/2476/2319
f 2302/2481/2323 2299/2478/2320 2298/2477/2321 2301/2480/2324
f 2299/2478/2320 2302/2481/2323 2303/2482/2325 2300/2479/2322
f 2305/2484/2326 2308/2487/2327 2309/2488/2328 2304/2483/2329
f 2307/2486/2330 2308/2487/2327 2305/2484/2326 2306/2485/2331
f 2302/2481/2323 2308/2487/2327 2307/2486/2330 2303/2482/2325
f 2309/2488/2328 2308/2487/2327 2302/2481/2323 2301/2480/2324
f 2311/2490/2332 2310/2489/2333 2306/2485/2331 2305/2484/2326
f 2312/2491/2334 2311/2490/2332 2305/2484/2326 2304/2483/2329
f 2314/2494/2335 2313/2492/2336 2310/2489/2333 2311/2490/2332
f 2315/2496/2337 2314/2494/2335 2311/2490/2332 2312/2491/2334
f 2314/2495/2335 2316/2498/2338 2317/2499/2339 2313/2493/2336
f 2316/2498/2338 2314/2495/2335 2315/2497/2337 2318/2500/2340
f 2320/2502/2341 2317/2499/2339 2316/2498/2338 2319/2501/2342
f 2318/2500/2340 2321/2503/2343 2319/2501/2342 2316/2498/2338
f 2321/2503/2343 2322/2504/2344 2323/2505/2345 2319/2501/2342
f 2324/2506/2346 2320/2502/2341 2319/2501/2342 2323/2505/2345
f 2323/2505/2345 2322/2504/2344 2325/2507/2347 2326/2508/2348
f 2324/2506/2346 2323/2505/2345 2326/2508/2348 2327/2509/2349
f 2329/2511/2350 2326/2508/2348 2325/2507/2347 2328/2510/2351
f 2326/2508/2348 2329/2511/2350 2330/2512/2352 2327/2509/2349
f 2294/2473/2316 2293/2472/2315 2334/2516/2353 2335/2517/2354
f 2292/2471/2314 2294/2473/2316 2335/2517/2354 2336/2518/2355
f 2332/2514/2356 2331/2513/2357 2330/2512/2352 2329/2511/2350
f 2333/2515/2358 2332/2514/2356 2329/2511/2350 2328/2510/2351
f 2335/2517/2354 2334/2516/2353 2331/2513/2357 2332/2514/2356
f 2336/2518/2355 2335/2517/2354 2332/2514/2356 2333/2515/2358
f 2277/2454/2299 2273/2450/2296 2297/2476/2319 2337/2519/2359
f 2275/2452/2297 2276/2453/2298 2338/2520/2360 2295/2474/2318
f 2337/2519/2359 2339/2521/2361 2279/2456/2301 2277/2454/2299
f 2340/2522/2362 2338/2520/2360 2276/2453/2298 2278/2455/2300
f 2339/2521/2361 2341/2523/2363 2281/2458/2303 2279/2456/2301
f 2342/2524/2364 2340/2522/2362 2278/2455/2300 2280/2457/2302
f 2343/2526/2365 2283/2461/2305 2281/2458/2303 2341/2523/2363
f 2282/2459/2304 2344/2528/2366 2342/2524/2364 2280/2457/2302
f 2345/2529/2367 2285/2464/2307 2283/2462/2305 2343/2525/2365
f 2284/2463/2306 2346/2530/2368 2344/2527/2366 2282/2460/2304
f 2291/2470/2313 2347/2531/2369 2334/2516/2353 2293/2472/2315
f 2348/2532/2370 2290/2469/2312 2292/2471/2314 2336/2518/2355
f 2291/2470/2313 2289/2468/2311 2349/2533/2371 2347/2531/2369
f 2288/2467/2310 2290/2469/2312 2348/2532/2370 2350/2534/2372
f 2289/2468/2311 2287/2466/2309 2351/2535/2373 2349/2533/2371
f 2286/2465/2308 2288/2467/2310 2350/2534/2372 2352/2536/2374
f 2287/2466/2309 2285/2464/2307 2345/2529/2367 2351/2535/2373
f 2284/2463/2306 2286/2465/2308 2352/2536/2374 2346/2530/2368
f 2349/2533/2371 2351/2535/2373 2353/2537/2375 2354/2538/2376
f 2352/2536/2374 2350/2534/2372 2355/2539/2377 2356/2540/2378
f 2347/2531/2369 2349/2533/2371 2354/2538/2376 2357/2541/2379
f 2350/2534/2372 2348/2532/2370 2358/2542/2380 2355/2539/2377
f 2331/2513/2357 2334/2516/2353 2347/2531/2369 2357/2541/2379
f 2336/2518/2355 2333/2515/2358 2358/2542/2380 2348/2532/2370
f 2351/2535/2373 2345/2529/2367 2359/2543/2381 2353/2537/2375
f 2346/2530/2368 2352/2536/2374 2356/2540/2378 2360/2544/2382
f 2345/2529/2367 2343/2525/2365 2361/2546/2383 2359/2543/2381
f 2344/2527/2366 2346/2530/2368 2360/2544/2382 2362/2548/2384
f 2343/2526/2365 2341/2523/2363 2363/2549/2385 2361/2545/2383
f 2342/2524/2364 2344/2528/2366 2362/2547/2384 2364/2550/2386
f 2365/2551/2387 2363/2549/2385 2341/2523/2363 2339/2521/2361
f 2364/2550/2386 2366/2552/2388 2340/2522/2362 2342/2524/2364
f 2339/2521/2361 2337/2519/2359 2367/2553/2389 2365/2551/2387
f 2338/2520/2360 2340/2522/2362 2366/2552/2388 2368/2554/2390
f 2367/2553/2389 2337/2519/2359 2297/2476/2319 2300/2479/2322
f 2338/2520/2360 2368/2554/2390 2298/2477/2321 2295/2474/2318
f 2368/2554/2390 2369/2555/2391 2301/2480/2324 2298/2477/2321
f 2370/2556/2392 2367/2553/2389 2300/2479/2322 2303/2482/2325
f 2366/2552/2388 2371/2557/2393 2369/2555/2391 2368/2554/2390
f 2372/2558/2394 2365/2551/2387 2367/2553/2389 2370/2556/2392
f 2364/2550/2386 2373/2559/2395 2371/2557/2393 2366/2552/2388
f 2374/2560/2396 2363/2549/2385 2365/2551/2387 2372/2558/2394
f 2373/2559/2395 2364/2550/2386 2362/2547/2384 2375/2561/2397
f 2363/2549/2385 2374/2560/2396 2376/2563/2398 2361/2545/2383
f 2360/2544/2382 2377/2565/2399 2375/2562/2397 2362/2548/2384
f 2378/2566/2400 2359/2543/2381 2361/2546/2383 2376/2564/2398
f 2379/2567/2401 2377/2565/2399 2360/2544/2382 2356/2540/2378
f 2378/2566/2400 2380/2568/2402 2353/2537/2375 2359/2543/2381
f 2381/2569/2403 2379/2567/2401 2356/2540/2378 2355/2539/2377
f 2380/2568/2402 2382/2570/2404 2354/2538/2376 2353/2537/2375
f 2358/2542/2380 2383/2571/2405 2381/2569/2403 2355/2539/2377
f 2384/2572/2406 2357/2541/2379 2354/2538/2376 2382/2570/2404
f 2333/2515/2358 2328/2510/2351 2383/2571/2405 2358/2542/2380
f 2330/2512/2352 2331/2513/2357 2357/2541/2379 2384/2572/2406
f 2385/2573/2407 2309/2488/2328 2301/2480/2324 2369/2555/2391
f 2307/2486/2330 2386/2574/2408 2370/2556/2392 2303/2482/2325
f 2387/2575/2409 2304/2483/2329 2309/2488/2328 2385/2573/2407
f 2306/2485/2331 2388/2576/2410 2386/2574/2408 2307/2486/2330
f 2304/2483/2329 2387/2575/2409 2389/2577/2411 2312/2491/2334
f 2388/2576/2410 2306/2485/2331 2310/2489/2333 2390/2578/2412
f 2391/2579/2413 2315/2496/2337 2312/2491/2334 2389/2577/2411
f 2313/2492/2336 2392/2581/2414 2390/2578/2412 2310/2489/2333
f 2394/2584/2415 2393/2583/2416 2387/2575/2409 2385/2573/2407
f 2396/2586/2417 2395/2585/2418 2386/2574/2408 2388/2576/2410
f 2394/2584/2415 2385/2573/2407 2369/2555/2391 2371/2557/2393
f 2386/2574/2408 2395/2585/2418 2372/2558/2394 2370/2556/2392
f 2398/2589/2419 2373/2559/2395 2375/2561/2397 2397/2587/2420
f 2374/2560/2396 2399/2590/2421 2400/2591/2422 2376/2563/2398
f 2394/2584/2415 2371/2557/2393 2373/2559/2395 2398/2589/2419
f 2372/2558/2394 2395/2585/2418 2399/2590/2421 2374/2560/2396
f 2401/2593/2423 2393/2583/2416 2394/2584/2415 2398/2589/2419
f 2396/2586/2417 2402/2594/2424 2399/2590/2421 2395/2585/2418
f 2397/2588/2420 2375/2562/2397 2377/2565/2399 2403/2595/2425
f 2376/2564/2398 2400/2592/2422 2404/2596/2426 2378/2566/2400
f 2405/2597/2427 2383/2571/2405 2328/2510/2351 2325/2507/2347
f 2384/2572/2406 2406/2598/2428 2327/2509/2349 2330/2512/2352
f 2407/2599/2429 2381/2569/2403 2383/2571/2405 2405/2597/2427
f 2382/2570/2404 2408/2600/2430 2406/2598/2428 2384/2572/2406
f 2407/2599/2429 2409/2601/2431 2379/2567/2401 2381/2569/2403
f 2410/2602/2432 2408/2600/2430 2382/2570/2404 2380/2568/2402
f 2411/2603/2433 2389/2577/2411 2387/2575/2409 2393/2583/2416
f 2390/2578/2412 2412/2604/2434 2396/2586/2417 2388/2576/2410
f 2413/2605/2435 2391/2579/2413 2389/2577/2411 2411/2603/2433
f 2392/2581/2414 2414/2607/2436 2412/2604/2434 2390/2578/2412
f 2415/2609/2437 2318/2500/2340 2315/2497/2337 2391/2580/2413
f 2317/2499/2339 2416/2610/2438 2392/2582/2414 2313/2493/2336
f 2391/2580/2413 2413/2606/2435 2417/2611/2439 2415/2609/2437
f 2414/2608/2436 2392/2582/2414 2416/2610/2438 2418/2612/2440
f 2398/2589/2419 2397/2587/2420 2419/2613/2441 2401/2593/2423
f 2400/2591/2422 2399/2590/2421 2402/2594/2424 2420/2615/2442
f 2421/2617/2443 2411/2603/2433 2393/2583/2416 2401/2593/2423
f 2412/2604/2434 2422/2618/2444 2402/2594/2424 2396/2586/2417
f 2377/2565/2399 2379/2567/2401 2409/2601/2431 2403/2595/2425
f 2380/2568/2402 2378/2566/2400 2404/2596/2426 2410/2602/2432
f 2397/2588/2420 2403/2595/2425 2423/2619/2445 2419/2614/2441
f 2404/2596/2426 2400/2592/2422 2420/2616/2442 2424/2620/2446
f 2401/2593/2423 2419/2613/2441 2425/2621/2447 2421/2617/2443
f 2420/2615/2442 2402/2594/2424 2422/2618/2444 2426/2623/2448
f 2427/2625/2449 2423/2619/2445 2403/2595/2425 2409/2601/2431
f 2424/2620/2446 2428/2626/2450 2410/2602/2432 2404/2596/2426
f 2322/2504/2344 2429/2627/2451 2405/2597/2427 2325/2507/2347
f 2430/2628/2452 2324/2506/2346 2327/2509/2349 2406/2598/2428
f 2429/2627/2451 2431/2629/2453 2407/2599/2429 2405/2597/2427
f 2432/2630/2454 2430/2628/2452 2406/2598/2428 2408/2600/2430
f 2431/2629/2453 2427/2625/2449 2409/2601/2431 2407/2599/2429
f 2428/2626/2450 2432/2630/2454 2408/2600/2430 2410/2602/2432
f 2433/2631/2455 2429/2627/2451 2322/2504/2344 2321/2503/2343
f 2430/2628/2452 2434/2632/2456 2320/2502/2341 2324/2506/2346
f 2435/2633/2457 2431/2629/2453 2429/2627/2451 2433/2631/2455
f 2432/2630/2454 2436/2634/2458 2434/2632/2456 2430/2628/2452
f 2321/2503/2343 2318/2500/2340 2415/2609/2437 2433/2631/2455
f 2317/2499/2339 2320/2502/2341 2434/2632/2456 2416/2610/2438
f 2426/2624/2448 2437/2635/2459 2424/2620/2446 2420/2616/2442
f 2438/2636/2460 2425/2622/2447 2419/2614/2441 2423/2619/2445
f 2439/2637/2461 2428/2626/2450 2424/2620/2446 2437/2635/2459
f 2427/2625/2449 2440/2638/2462 2438/2636/2460 2423/2619/2445
f 2428/2626/2450 2439/2637/2461 2436/2634/2458 2432/2630/2454
f 2440/2638/2462 2427/2625/2449 2431/2629/2453 2435/2633/2457
f 2436/2634/2458 2418/2612/2440 2416/2610/2438 2434/2632/2456
f 2417/2611/2439 2435/2633/2457 2433/2631/2455 2415/2609/2437
f 2414/2607/2436 2426/2623/2448 2422/2618/2444 2412/2604/2434
f 2425/2621/2447 2413/2605/2435 2411/2603/2433 2421/2617/2443
f 2418/2612/2440 2437/2635/2459 2426/2624/2448 2414/2608/2436
f 2438/2636/2460 2417/2611/2439 2413/2606/2435 2425/2622/2447
f 2439/2637/2461 2437/2635/2459 2418/2612/2440 2436/2634/2458
f 2438/2636/2460 2440/2638/2462 2435/2633/2457 2417/2611/2439
f 45/45/2180 53/53/2179 2442/2640/2186 2441/2639/2185
f 53/53/2179 57/57/2178 2443/2641/2187 2442/2640/2186
f 2444/2642/2188 2443/2641/2187 57/57/2178 79/79/2177
f 2445/2643/2189 2444/2642/2188 79/79/2177 83/83/2176
f 2446/2644/2190 2445/2643/2189 83/83/2176 87/87/2175
f 2447/2645/2191 2446/2644/2190 87/87/2175 86/86/2174
f 2448/2646/2192 2447/2645/2191 86/86/2174 82/82/2173
f 2449/2647/2193 2448/2646/2192 82/82/2173 60/60/2172
f 60/60/2172 56/56/2171 2450/2648/2194 2449/2647/2193
f 56/56/2171 52/52/2170 2451/2649/2195 2450/2648/2194
f 52/52/2170 49/49/2169 2452/2650/2196 2451/2649/2195
f 64/64/2168 2453/2651/2197 2452/2650/2196 49/49/2169
f 68/68/2167 2454/2652/2198 2453/2651/2197 64/64/2168
f 68/68/2167 71/71/2166 2455/2653/2199 2454/2652/2198
f 76/76/2165 2456/2654/2200 2455/2653/2199 71/71/2166
f 77/77/2164 2457/2655/2201 2456/2654/2200 76/76/2165
f 2458/2656/2202 2457/2655/2201 77/77/2164 73/73/2163
f 2459/2657/2203 2458/2656/2202 73/73/2163 70/70/2184
f 70/70/2184 65/65/2183 2460/2658/2204 2459/2657/2203
f 2461/2659/2205 2460/2658/2204 65/65/2183 61/61/2182
f 2462/2660/2206 2461/2659/2205 61/61/2182 48/48/2181
f 48/48/2181 45/45/2180 2441/2639/2185 2462/2660/2206
o OJOS.INT
v 0.052004 1.729005 -0.088120
v 0.055547 1.729005 -0.099800
v 0.061300 1.729005 -0.110564
v 0.069043 1.729005 -0.119999
v 0.078478 1.729005 -0.127742
v 0.089242 1.729005 -0.133495
v 0.100921 1.729005 -0.137038
v 0.147658 1.729005 -0.127742
v 0.157092 1.729005 -0.119999
v 0.164835 1.729005 -0.110564
v 0.052004 1.731374 -0.087887
v 0.055547 1.733653 -0.099342
v 0.061300 1.735753 -0.109899
v 0.069043 1.737593 -0.119153
v 0.078478 1.739104 -0.126747
v 0.089242 1.740226 -0.132390
v 0.100921 1.740918 -0.135865
v 0.113068 1.741151 -0.137038
v 0.125214 1.740918 -0.135865
v 0.136894 1.740226 -0.132390
v 0.147658 1.739104 -0.126747
v 0.157092 1.737593 -0.119153
v 0.164835 1.735753 -0.109899
v 0.153800 1.733690 -0.088719
v 0.153800 1.732517 -0.082823
v 0.052004 1.733653 -0.087196
v 0.055547 1.738122 -0.097986
v 0.061300 1.742242 -0.107931
v 0.069043 1.745852 -0.116647
v 0.078478 1.748815 -0.123801
v 0.089242 1.751017 -0.129116
v 0.100921 1.752373 -0.132390
v 0.113068 1.752831 -0.133495
v 0.125214 1.752373 -0.132390
v 0.136894 1.751017 -0.129116
v 0.147658 1.748815 -0.123801
v 0.157092 1.745852 -0.116647
v 0.164835 1.742242 -0.107931
v 0.153800 1.736128 -0.087980
v 0.153800 1.733827 -0.082426
v 0.052004 1.735753 -0.086073
v 0.055547 1.742242 -0.095785
v 0.061300 1.748222 -0.104734
v 0.069043 1.753463 -0.112579
v 0.078478 1.757765 -0.119017
v 0.089242 1.760962 -0.123801
v 0.100921 1.762930 -0.126747
v 0.113068 1.763595 -0.127742
v 0.125214 1.762930 -0.126747
v 0.136894 1.760962 -0.123801
v 0.147658 1.757765 -0.119017
v 0.157092 1.753463 -0.112579
v 0.164835 1.748222 -0.104734
v 0.153800 1.738375 -0.086779
v 0.153800 1.735035 -0.081780
v 0.052004 1.737594 -0.084563
v 0.055547 1.745852 -0.092821
v 0.061300 1.753463 -0.100433
v 0.069043 1.760135 -0.107104
v 0.078478 1.765610 -0.112579
v 0.089242 1.769678 -0.116647
v 0.100921 1.772183 -0.119153
v 0.113068 1.773029 -0.119999
v 0.125214 1.772183 -0.119153
v 0.136894 1.769678 -0.116647
v 0.147658 1.765610 -0.112579
v 0.157092 1.760135 -0.107104
v 0.164835 1.753463 -0.100433
v 0.153800 1.740344 -0.085163
v 0.153800 1.736093 -0.080912
v 0.052004 1.739104 -0.082722
v 0.055547 1.748815 -0.089211
v 0.061300 1.757765 -0.095191
v 0.069043 1.765610 -0.100433
v 0.078478 1.772048 -0.104734
v 0.089242 1.776832 -0.107931
v 0.100921 1.779778 -0.109899
v 0.113068 1.780772 -0.110564
v 0.125214 1.779778 -0.109899
v 0.136894 1.776832 -0.107931
v 0.147658 1.772048 -0.104734
v 0.157092 1.765610 -0.100433
v 0.164835 1.757765 -0.095191
v 0.153800 1.741960 -0.083194
v 0.153800 1.736961 -0.079854
v 0.052004 1.740226 -0.080622
v 0.055547 1.751017 -0.085092
v 0.061300 1.760962 -0.089211
v 0.069043 1.769678 -0.092821
v 0.078478 1.776832 -0.095785
v 0.089242 1.782147 -0.097986
v 0.100921 1.785420 -0.099342
v 0.113068 1.786526 -0.099800
v 0.125214 1.785420 -0.099342
v 0.136894 1.782147 -0.097986
v 0.147658 1.776832 -0.095785
v 0.157092 1.769678 -0.092821
v 0.164835 1.760962 -0.089211
v 0.153800 1.743161 -0.080947
v 0.153800 1.737607 -0.078646
v 0.052004 1.740918 -0.078344
v 0.055547 1.752373 -0.080622
v 0.061300 1.762930 -0.082722
v 0.069043 1.772183 -0.084563
v 0.078478 1.779778 -0.086073
v 0.089242 1.785420 -0.087196
v 0.100921 1.788895 -0.087887
v 0.113068 1.790069 -0.088120
v 0.125214 1.788895 -0.087887
v 0.136894 1.785420 -0.087196
v 0.147658 1.779777 -0.086073
v 0.157092 1.772183 -0.084563
v 0.164835 1.762930 -0.082722
v 0.153800 1.743901 -0.078509
v 0.153800 1.738004 -0.077336
v 0.052004 1.741151 -0.075974
v 0.055547 1.752831 -0.075974
v 0.061300 1.763595 -0.075974
v 0.069043 1.773029 -0.075974
v 0.078478 1.780772 -0.075974
v 0.089242 1.786526 -0.075974
v 0.100921 1.790069 -0.075974
v 0.113068 1.791265 -0.075974
v 0.125214 1.790069 -0.075974
v 0.136894 1.786526 -0.075974
v 0.147658 1.780772 -0.075974
v 0.157092 1.773029 -0.075974
v 0.164835 1.763595 -0.075974
v 0.153800 1.744150 -0.075974
v 0.153800 1.738138 -0.075974
v 0.052004 1.740918 -0.073604
v 0.055547 1.752373 -0.071326
v 0.061300 1.762930 -0.069226
v 0.069043 1.772183 -0.067385
v 0.078478 1.779778 -0.065875
v 0.089242 1.785420 -0.064752
v 0.100921 1.788895 -0.064061
v 0.113068 1.790069 -0.063828
v 0.125214 1.788895 -0.064061
v 0.136894 1.785420 -0.064752
v 0.147658 1.779777 -0.065875
v 0.157092 1.772183 -0.067385
v 0.164835 1.762930 -0.069226
v 0.153800 1.743901 -0.073439
v 0.153800 1.738004 -0.074612
v 0.052004 1.740226 -0.071326
v 0.055547 1.751017 -0.066856
v 0.061300 1.760962 -0.062737
v 0.069043 1.769678 -0.059126
v 0.078478 1.776832 -0.056163
v 0.089242 1.782147 -0.053962
v 0.100921 1.785420 -0.052606
v 0.113068 1.786526 -0.052148
v 0.125214 1.785420 -0.052606
v 0.136894 1.782147 -0.053962
v 0.147658 1.776832 -0.056163
v 0.157092 1.769678 -0.059126
v 0.164835 1.760962 -0.062737
v 0.153800 1.743161 -0.071001
v 0.153800 1.737607 -0.073302
v 0.052004 1.739104 -0.069226
v 0.055547 1.748815 -0.062737
v 0.061300 1.757765 -0.056757
v 0.069043 1.765610 -0.051515
v 0.078478 1.772048 -0.047213
v 0.089242 1.776832 -0.044017
v 0.100921 1.779778 -0.042049
v 0.113068 1.780772 -0.041384
v 0.125214 1.779777 -0.042049
v 0.136894 1.776832 -0.044017
v 0.147658 1.772048 -0.047213
v 0.157092 1.765610 -0.051515
v 0.164835 1.757765 -0.056757
v 0.153800 1.741960 -0.068754
v 0.153800 1.736961 -0.072094
v 0.052004 1.737594 -0.067385
v 0.055547 1.745852 -0.059126
v 0.061300 1.753463 -0.051515
v 0.069043 1.760135 -0.044844
v 0.078478 1.765610 -0.039369
v 0.089242 1.769678 -0.035300
v 0.100921 1.772183 -0.032795
v 0.113068 1.773029 -0.031949
v 0.125214 1.772183 -0.032795
v 0.136894 1.769678 -0.035300
v 0.147658 1.765610 -0.039369
v 0.157092 1.760135 -0.044844
v 0.164835 1.753463 -0.051515
v 0.153800 1.740344 -0.066785
v 0.153800 1.736093 -0.071036
v 0.052004 1.735753 -0.065875
v 0.055547 1.742242 -0.056163
v 0.061300 1.748222 -0.047213
v 0.069043 1.753463 -0.039369
v 0.078478 1.757765 -0.032931
v 0.089242 1.760962 -0.028147
v 0.100921 1.762930 -0.025201
v 0.113068 1.763595 -0.024206
v 0.125214 1.762930 -0.025201
v 0.136894 1.760962 -0.028147
v 0.147658 1.757765 -0.032931
v 0.157092 1.753463 -0.039369
v 0.164835 1.748222 -0.047213
v 0.153800 1.738375 -0.065169
v 0.153800 1.735035 -0.070168
v 0.052004 1.733653 -0.064752
v 0.055547 1.738122 -0.053962
v 0.061300 1.742242 -0.044017
v 0.069043 1.745852 -0.035300
v 0.078478 1.748815 -0.028147
v 0.089242 1.751017 -0.022832
v 0.100921 1.752373 -0.019558
v 0.113068 1.752831 -0.018453
v 0.125214 1.752373 -0.019558
v 0.136894 1.751017 -0.022831
v 0.147658 1.748815 -0.028147
v 0.157092 1.745852 -0.035300
v 0.164835 1.742242 -0.044017
v 0.153800 1.736128 -0.063968
v 0.153800 1.733827 -0.069522
v 0.052004 1.731374 -0.064061
v 0.055547 1.733653 -0.052606
v 0.061300 1.735753 -0.042049
v 0.069043 1.737593 -0.032795
v 0.078478 1.739104 -0.025201
v 0.089242 1.740226 -0.019558
v 0.100921 1.740918 -0.016083
v 0.113068 1.741151 -0.014910
v 0.125214 1.740918 -0.016083
v 0.136894 1.740226 -0.019558
v 0.147658 1.739104 -0.025201
v 0.157092 1.737593 -0.032795
v 0.164835 1.735753 -0.042049
v 0.153800 1.733690 -0.063228
v 0.153800 1.732517 -0.069125
v 0.052004 1.729005 -0.063828
v 0.055547 1.729005 -0.052148
v 0.061300 1.729005 -0.041384
v 0.069043 1.729005 -0.031949
v 0.078478 1.729005 -0.024206
v 0.089242 1.729005 -0.018453
v 0.100921 1.729005 -0.014910
v 0.113068 1.729005 -0.013714
v 0.125214 1.729005 -0.014910
v 0.136894 1.729005 -0.018453
v 0.147658 1.729005 -0.024206
v 0.157092 1.729005 -0.031949
v 0.164835 1.729005 -0.041384
v 0.153800 1.731155 -0.062979
v 0.153800 1.731155 -0.068991
v 0.052004 1.726635 -0.064061
v 0.055547 1.724356 -0.052606
v 0.061300 1.722257 -0.042049
v 0.069043 1.720416 -0.032795
v 0.078478 1.718905 -0.025201
v 0.089242 1.717783 -0.019558
v 0.100921 1.717092 -0.016083
v 0.113068 1.716858 -0.014910
v 0.125214 1.717092 -0.016083
v 0.136894 1.717783 -0.019558
v 0.147658 1.718905 -0.025201
v 0.157092 1.720416 -0.032795
v 0.164835 1.722256 -0.042049
v 0.153800 1.728620 -0.063228
v 0.153800 1.729793 -0.069125
v 0.052004 1.724356 -0.064752
v 0.055547 1.719887 -0.053962
v 0.061300 1.715768 -0.044017
v 0.069043 1.712157 -0.035300
v 0.078478 1.709194 -0.028147
v 0.089242 1.706992 -0.022832
v 0.100921 1.705636 -0.019558
v 0.113068 1.705179 -0.018453
v 0.125214 1.705636 -0.019558
v 0.136894 1.706992 -0.022832
v 0.147658 1.709194 -0.028147
v 0.157092 1.712157 -0.035300
v 0.164835 1.715768 -0.044017
v 0.153800 1.726182 -0.063968
v 0.153800 1.728483 -0.069522
v 0.052004 1.722257 -0.065875
v 0.055547 1.715768 -0.056163
v 0.061300 1.709787 -0.047213
v 0.069043 1.704546 -0.039369
v 0.078478 1.700244 -0.032931
v 0.089242 1.697048 -0.028147
v 0.100921 1.695079 -0.025201
v 0.113068 1.694415 -0.024206
v 0.125214 1.695079 -0.025201
v 0.136894 1.697048 -0.028147
v 0.147658 1.700244 -0.032931
v 0.157092 1.704546 -0.039369
v 0.164835 1.709787 -0.047213
v 0.153800 1.723935 -0.065169
v 0.153800 1.727275 -0.070168
v 0.052004 1.720416 -0.067385
v 0.055547 1.712157 -0.059126
v 0.061300 1.704546 -0.051515
v 0.069043 1.697874 -0.044844
v 0.078478 1.692400 -0.039369
v 0.089242 1.688331 -0.035300
v 0.100921 1.685826 -0.032795
v 0.113068 1.684980 -0.031949
v 0.125214 1.685826 -0.032795
v 0.136894 1.688331 -0.035300
v 0.147658 1.692400 -0.039369
v 0.157092 1.697874 -0.044844
v 0.164835 1.704546 -0.051515
v 0.153800 1.721966 -0.066785
v 0.153800 1.726217 -0.071036
v 0.052004 1.718905 -0.069226
v 0.055547 1.709194 -0.062737
v 0.061300 1.700244 -0.056757
v 0.069043 1.692400 -0.051515
v 0.078478 1.685961 -0.047213
v 0.089242 1.681178 -0.044017
v 0.100921 1.678232 -0.042049
v 0.113068 1.677237 -0.041384
v 0.125214 1.678232 -0.042049
v 0.136894 1.681178 -0.044017
v 0.147658 1.685961 -0.047213
v 0.157092 1.692400 -0.051515
v 0.164835 1.700244 -0.056757
v 0.153800 1.720350 -0.068754
v 0.153800 1.725349 -0.072094
v 0.050807 1.729005 -0.075974
v 0.052004 1.717783 -0.071326
v 0.055547 1.706992 -0.066856
v 0.061300 1.697048 -0.062737
v 0.069043 1.688331 -0.059126
v 0.078478 1.681178 -0.056163
v 0.089242 1.675862 -0.053962
v 0.100921 1.672589 -0.052606
v 0.113068 1.671484 -0.052148
v 0.125214 1.672589 -0.052606
v 0.136894 1.675862 -0.053962
v 0.147658 1.681178 -0.056163
v 0.157092 1.688331 -0.059126
v 0.164835 1.697048 -0.062737
v 0.153800 1.719149 -0.071001
v 0.153800 1.724703 -0.073302
v 0.052004 1.717092 -0.073604
v 0.055547 1.705637 -0.071326
v 0.061300 1.695079 -0.069226
v 0.069043 1.685826 -0.067385
v 0.078478 1.678232 -0.065875
v 0.089242 1.672589 -0.064752
v 0.100921 1.669114 -0.064061
v 0.113068 1.667941 -0.063828
v 0.125214 1.669114 -0.064061
v 0.136894 1.672589 -0.064752
v 0.147658 1.678232 -0.065875
v 0.157092 1.685826 -0.067385
v 0.164835 1.695079 -0.069226
v 0.153800 1.718410 -0.073439
v 0.153800 1.724306 -0.074612
v 0.052004 1.716858 -0.075974
v 0.055547 1.705179 -0.075974
v 0.061300 1.694415 -0.075974
v 0.069043 1.684980 -0.075974
v 0.078478 1.677237 -0.075974
v 0.089242 1.671484 -0.075974
v 0.100921 1.667941 -0.075974
v 0.113068 1.666744 -0.075974
v 0.125214 1.667941 -0.075974
v 0.136894 1.671484 -0.075974
v 0.147658 1.677237 -0.075974
v 0.157092 1.684980 -0.075974
v 0.164835 1.694415 -0.075974
v 0.153800 1.718160 -0.075974
v 0.153800 1.724172 -0.075974
v 0.052004 1.717092 -0.078344
v 0.055547 1.705637 -0.080622
v 0.061300 1.695079 -0.082722
v 0.069043 1.685826 -0.084563
v 0.078478 1.678232 -0.086073
v 0.089242 1.672589 -0.087196
v 0.100921 1.669114 -0.087887
v 0.113068 1.667941 -0.088120
v 0.125214 1.669114 -0.087887
v 0.136894 1.672589 -0.087196
v 0.147658 1.678232 -0.086073
v 0.157092 1.685826 -0.084563
v 0.164835 1.695079 -0.082722
v 0.153800 1.718410 -0.078509
v 0.153800 1.724306 -0.077336
v 0.052004 1.717783 -0.080622
v 0.055547 1.706992 -0.085092
v 0.061300 1.697048 -0.089211
v 0.069043 1.688331 -0.092821
v 0.078478 1.681178 -0.095785
v 0.089242 1.675862 -0.097986
v 0.100921 1.672589 -0.099342
v 0.113068 1.671484 -0.099800
v 0.125214 1.672589 -0.099342
v 0.136894 1.675862 -0.097986
v 0.147658 1.681178 -0.095785
v 0.157092 1.688331 -0.092821
v 0.164835 1.697048 -0.089211
v 0.153800 1.719149 -0.080947
v 0.153800 1.724703 -0.078646
v 0.052004 1.718905 -0.082722
v 0.055547 1.709194 -0.089211
v 0.061300 1.700244 -0.095191
v 0.069043 1.692400 -0.100433
v 0.078478 1.685961 -0.104734
v 0.089242 1.681178 -0.107931
v 0.100921 1.678232 -0.109899
v 0.113068 1.677237 -0.110564
v 0.125214 1.678232 -0.109899
v 0.136894 1.681178 -0.107931
v 0.147658 1.685961 -0.104734
v 0.157092 1.692400 -0.100433
v 0.164835 1.700244 -0.095191
v 0.153800 1.720350 -0.083194
v 0.153800 1.725349 -0.079854
v 0.052004 1.720416 -0.084563
v 0.055547 1.712157 -0.092821
v 0.061300 1.704546 -0.100433
v 0.069043 1.697874 -0.107104
v 0.078478 1.692400 -0.112579
v 0.089242 1.688331 -0.116647
v 0.100921 1.685826 -0.119153
v 0.113068 1.684980 -0.119999
v 0.125214 1.685826 -0.119153
v 0.136894 1.688331 -0.116647
v 0.147658 1.692400 -0.112579
v 0.157092 1.697874 -0.107104
v 0.164835 1.704546 -0.100433
v 0.153800 1.721966 -0.085163
v 0.153800 1.726217 -0.080912
v 0.052004 1.722257 -0.086073
v 0.055547 1.715768 -0.095785
v 0.061300 1.709787 -0.104734
v 0.069043 1.704546 -0.112579
v 0.078478 1.700244 -0.119017
v 0.089242 1.697048 -0.123801
v 0.100921 1.695079 -0.126747
v 0.113068 1.694415 -0.127741
v 0.125214 1.695079 -0.126747
v 0.136894 1.697048 -0.123801
v 0.147658 1.700244 -0.119017
v 0.157092 1.704546 -0.112579
v 0.164835 1.709787 -0.104734
v 0.153800 1.723935 -0.086779
v 0.153800 1.727275 -0.081780
v 0.052004 1.724356 -0.087196
v 0.055547 1.719887 -0.097986
v 0.061300 1.715768 -0.107931
v 0.069043 1.712157 -0.116647
v 0.078478 1.709194 -0.123801
v 0.089242 1.706992 -0.129116
v 0.100921 1.705637 -0.132390
v 0.113068 1.705179 -0.133495
v 0.125214 1.705636 -0.132390
v 0.136894 1.706992 -0.129116
v 0.147658 1.709194 -0.123801
v 0.157092 1.712157 -0.116647
v 0.164835 1.715768 -0.107931
v 0.153800 1.726182 -0.087980
v 0.153800 1.728483 -0.082426
v 0.052004 1.726635 -0.087887
v 0.055547 1.724356 -0.099342
v 0.061300 1.722257 -0.109899
v 0.069043 1.720416 -0.119153
v 0.078478 1.718905 -0.126747
v 0.089242 1.717783 -0.132390
v 0.100921 1.717092 -0.135865
v 0.113068 1.716858 -0.137038
v 0.125214 1.717092 -0.135865
v 0.136894 1.717783 -0.132390
v 0.147658 1.718905 -0.126747
v 0.157092 1.720416 -0.119153
v 0.164835 1.722256 -0.109899
v 0.153800 1.728620 -0.088719
v 0.153800 1.729793 -0.082823
v 0.113068 1.729005 -0.138234
v 0.125214 1.729005 -0.137038
v 0.136894 1.729005 -0.133495
v 0.153800 1.731155 -0.088969
v 0.153800 1.731155 -0.082957
v 0.170589 1.733653 -0.099342
v 0.170589 1.729005 -0.099800
v 0.170589 1.738122 -0.097986
v 0.170589 1.742242 -0.095785
v 0.170589 1.745852 -0.092821
v 0.170589 1.748815 -0.089211
v 0.170589 1.751017 -0.085092
v 0.170589 1.752373 -0.080622
v 0.170589 1.752831 -0.075974
v 0.170589 1.752373 -0.071326
v 0.170589 1.751017 -0.066856
v 0.170589 1.748815 -0.062737
v 0.170589 1.745852 -0.059126
v 0.170589 1.742242 -0.056163
v 0.170589 1.738122 -0.053962
v 0.170589 1.733653 -0.052606
v 0.170589 1.729005 -0.052148
v 0.170589 1.724356 -0.052606
v 0.170589 1.719887 -0.053962
v 0.170589 1.715768 -0.056163
v 0.170589 1.712157 -0.059126
v 0.170589 1.709194 -0.062737
v 0.170589 1.706992 -0.066856
v 0.170589 1.705636 -0.071326
v 0.170589 1.705179 -0.075974
v 0.170589 1.705636 -0.080622
v 0.170589 1.706992 -0.085092
v 0.170589 1.709194 -0.089211
v 0.170589 1.712157 -0.092821
v 0.170589 1.715768 -0.095785
v 0.170589 1.719887 -0.097986
v 0.170589 1.724356 -0.099342
v 0.149579 1.732063 -0.080537
v 0.149579 1.731155 -0.080627
v 0.149579 1.731155 -0.075974
v 0.149579 1.732936 -0.080273
v 0.149579 1.733740 -0.079843
v 0.149579 1.734445 -0.079264
v 0.149579 1.735024 -0.078559
v 0.149579 1.735454 -0.077754
v 0.149579 1.735718 -0.076882
v 0.149579 1.735808 -0.075974
v 0.149579 1.735718 -0.075066
v 0.149579 1.735454 -0.074193
v 0.149579 1.735024 -0.073389
v 0.149579 1.734445 -0.072684
v 0.149579 1.733740 -0.072105
v 0.149579 1.732936 -0.071675
v 0.149579 1.732063 -0.071411
v 0.149579 1.731155 -0.071321
v 0.149579 1.730247 -0.071411
v 0.149579 1.729375 -0.071675
v 0.149579 1.728570 -0.072105
v 0.149579 1.727865 -0.072684
v 0.149579 1.727286 -0.073389
v 0.149579 1.726856 -0.074193
v 0.149579 1.726592 -0.075066
v 0.149579 1.726502 -0.075974
v 0.149579 1.726592 -0.076882
v 0.149579 1.726856 -0.077754
v 0.149579 1.727286 -0.078559
v 0.149579 1.727865 -0.079264
v 0.149579 1.728570 -0.079843
v 0.149579 1.729375 -0.080273
v 0.149579 1.730247 -0.080537
v 0.052004 1.729005 0.088120
v 0.055547 1.729005 0.099800
v 0.061300 1.729005 0.110564
v 0.069043 1.729005 0.119999
v 0.078478 1.729005 0.127742
v 0.089242 1.729005 0.133495
v 0.100921 1.729005 0.137038
v 0.147658 1.729005 0.127742
v 0.157092 1.729005 0.119999
v 0.164835 1.729005 0.110564
v 0.052004 1.731374 0.087887
v 0.055547 1.733653 0.099342
v 0.061300 1.735753 0.109899
v 0.069043 1.737593 0.119153
v 0.078478 1.739104 0.126747
v 0.089242 1.740226 0.132390
v 0.100921 1.740918 0.135865
v 0.113068 1.741151 0.137038
v 0.125214 1.740918 0.135865
v 0.136894 1.740226 0.132390
v 0.147658 1.739104 0.126747
v 0.157092 1.737593 0.119153
v 0.164835 1.735753 0.109899
v 0.153800 1.733690 0.088719
v 0.153800 1.732517 0.082823
v 0.052004 1.733653 0.087196
v 0.055547 1.738122 0.097986
v 0.061300 1.742242 0.107931
v 0.069043 1.745852 0.116647
v 0.078478 1.748815 0.123801
v 0.089242 1.751017 0.129116
v 0.100921 1.752373 0.132390
v 0.113068 1.752831 0.133495
v 0.125214 1.752373 0.132390
v 0.136894 1.751017 0.129116
v 0.147658 1.748815 0.123801
v 0.157092 1.745852 0.116647
v 0.164835 1.742242 0.107931
v 0.153800 1.736128 0.087980
v 0.153800 1.733827 0.082426
v 0.052004 1.735753 0.086073
v 0.055547 1.742242 0.095785
v 0.061300 1.748222 0.104734
v 0.069043 1.753463 0.112579
v 0.078478 1.757765 0.119017
v 0.089242 1.760962 0.123801
v 0.100921 1.762930 0.126747
v 0.113068 1.763595 0.127742
v 0.125214 1.762930 0.126747
v 0.136894 1.760962 0.123801
v 0.147658 1.757765 0.119017
v 0.157092 1.753463 0.112579
v 0.164835 1.748222 0.104734
v 0.153800 1.738375 0.086779
v 0.153800 1.735035 0.081780
v 0.052004 1.737594 0.084563
v 0.055547 1.745852 0.092821
v 0.061300 1.753463 0.100433
v 0.069043 1.760135 0.107104
v 0.078478 1.765610 0.112579
v 0.089242 1.769678 0.116647
v 0.100921 1.772183 0.119153
v 0.113068 1.773029 0.119999
v 0.125214 1.772183 0.119153
v 0.136894 1.769678 0.116647
v 0.147658 1.765610 0.112579
v 0.157092 1.760135 0.107104
v 0.164835 1.753463 0.100433
v 0.153800 1.740344 0.085163
v 0.153800 1.736093 0.080912
v 0.052004 1.739104 0.082722
v 0.055547 1.748815 0.089211
v 0.061300 1.757765 0.095191
v 0.069043 1.765610 0.100433
v 0.078478 1.772048 0.104734
v 0.089242 1.776832 0.107931
v 0.100921 1.779778 0.109899
v 0.113068 1.780772 0.110564
v 0.125214 1.779778 0.109899
v 0.136894 1.776832 0.107931
v 0.147658 1.772048 0.104734
v 0.157092 1.765610 0.100433
v 0.164835 1.757765 0.095191
v 0.153800 1.741960 0.083194
v 0.153800 1.736961 0.079854
v 0.052004 1.740226 0.080622
v 0.055547 1.751017 0.085092
v 0.061300 1.760962 0.089211
v 0.069043 1.769678 0.092821
v 0.078478 1.776832 0.095785
v 0.089242 1.782147 0.097986
v 0.100921 1.785420 0.099342
v 0.113068 1.786526 0.099800
v 0.125214 1.785420 0.099342
v 0.136894 1.782147 0.097986
v 0.147658 1.776832 0.095785
v 0.157092 1.769678 0.092821
v 0.164835 1.760962 0.089211
v 0.153800 1.743161 0.080947
v 0.153800 1.737607 0.078646
v 0.052004 1.740918 0.078344
v 0.055547 1.752373 0.080622
v 0.061300 1.762930 0.082722
v 0.069043 1.772183 0.084563
v 0.078478 1.779778 0.086073
v 0.089242 1.785420 0.087196
v 0.100921 1.788895 0.087887
v 0.113068 1.790069 0.088120
v 0.125214 1.788895 0.087887
v 0.136894 1.785420 0.087196
v 0.147658 1.779777 0.086073
v 0.157092 1.772183 0.084563
v 0.164835 1.762930 0.082722
v 0.153800 1.743901 0.078509
v 0.153800 1.738004 0.077336
v 0.052004 1.741151 0.075974
v 0.055547 1.752831 0.075974
v 0.061300 1.763595 0.075974
v 0.069043 1.773029 0.075974
v 0.078478 1.780772 0.075974
v 0.089242 1.786526 0.075974
v 0.100921 1.790069 0.075974
v 0.113068 1.791265 0.075974
v 0.125214 1.790069 0.075974
v 0.136894 1.786526 0.075974
v 0.147658 1.780772 0.075974
v 0.157092 1.773029 0.075974
v 0.164835 1.763595 0.075974
v 0.153800 1.744150 0.075974
v 0.153800 1.738138 0.075974
v 0.052004 1.740918 0.073604
v 0.055547 1.752373 0.071326
v 0.061300 1.762930 0.069226
v 0.069043 1.772183 0.067385
v 0.078478 1.779778 0.065875
v 0.089242 1.785420 0.064752
v 0.100921 1.788895 0.064061
v 0.113068 1.790069 0.063828
v 0.125214 1.788895 0.064061
v 0.136894 1.785420 0.064752
v 0.147658 1.779777 0.065875
v 0.157092 1.772183 0.067385
v 0.164835 1.762930 0.069226
v 0.153800 1.743901 0.073439
v 0.153800 1.738004 0.074612
v 0.052004 1.740226 0.071326
v 0.055547 1.751017 0.066856
v 0.061300 1.760962 0.062737
v 0.069043 1.769678 0.059126
v 0.078478 1.776832 0.056163
v 0.089242 1.782147 0.053962
v 0.100921 1.785420 0.052606
v 0.113068 1.786526 0.052148
v 0.125214 1.785420 0.052606
v 0.136894 1.782147 0.053962
v 0.147658 1.776832 0.056163
v 0.157092 1.769678 0.059126
v 0.164835 1.760962 0.062737
v 0.153800 1.743161 0.071001
v 0.153800 1.737607 0.073302
v 0.052004 1.739104 0.069226
v 0.055547 1.748815 0.062737
v 0.061300 1.757765 0.056757
v 0.069043 1.765610 0.051515
v 0.078478 1.772048 0.047213
v 0.089242 1.776832 0.044017
v 0.100921 1.779778 0.042049
v 0.113068 1.780772 0.041384
v 0.125214 1.779777 0.042049
v 0.136894 1.776832 0.044017
v 0.147658 1.772048 0.047213
v 0.157092 1.765610 0.051515
v 0.164835 1.757765 0.056757
v 0.153800 1.741960 0.068754
v 0.153800 1.736961 0.072094
v 0.052004 1.737594 0.067385
v 0.055547 1.745852 0.059126
v 0.061300 1.753463 0.051515
v 0.069043 1.760135 0.044844
v 0.078478 1.765610 0.039369
v 0.089242 1.769678 0.035300
v 0.100921 1.772183 0.032795
v 0.113068 1.773029 0.031949
v 0.125214 1.772183 0.032795
v 0.136894 1.769678 0.035300
v 0.147658 1.765610 0.039369
v 0.157092 1.760135 0.044844
v 0.164835 1.753463 0.051515
v 0.153800 1.740344 0.066785
v 0.153800 1.736093 0.071036
v 0.052004 1.735753 0.065875
v 0.055547 1.742242 0.056163
v 0.061300 1.748222 0.047213
v 0.069043 1.753463 0.039369
v 0.078478 1.757765 0.032931
v 0.089242 1.760962 0.028147
v 0.100921 1.762930 0.025201
v 0.113068 1.763595 0.024206
v 0.125214 1.762930 0.025201
v 0.136894 1.760962 0.028147
v 0.147658 1.757765 0.032931
v 0.157092 1.753463 0.039369
v 0.164835 1.748222 0.047213
v 0.153800 1.738375 0.065169
v 0.153800 1.735035 0.070168
v 0.052004 1.733653 0.064752
v 0.055547 1.738122 0.053962
v 0.061300 1.742242 0.044017
v 0.069043 1.745852 0.035300
v 0.078478 1.748815 0.028147
v 0.089242 1.751017 0.022832
v 0.100921 1.752373 0.019558
v 0.113068 1.752831 0.018453
v 0.125214 1.752373 0.019558
v 0.136894 1.751017 0.022831
v 0.147658 1.748815 0.028147
v 0.157092 1.745852 0.035300
v 0.164835 1.742242 0.044017
v 0.153800 1.736128 0.063968
v 0.153800 1.733827 0.069522
v 0.052004 1.731374 0.064061
v 0.055547 1.733653 0.052606
v 0.061300 1.735753 0.042049
v 0.069043 1.737593 0.032795
v 0.078478 1.739104 0.025201
v 0.089242 1.740226 0.019558
v 0.100921 1.740918 0.016083
v 0.113068 1.741151 0.014910
v 0.125214 1.740918 0.016083
v 0.136894 1.740226 0.019558
v 0.147658 1.739104 0.025201
v 0.157092 1.737593 0.032795
v 0.164835 1.735753 0.042049
v 0.153800 1.733690 0.063228
v 0.153800 1.732517 0.069125
v 0.052004 1.729005 0.063828
v 0.055547 1.729005 0.052148
v 0.061300 1.729005 0.041384
v 0.069043 1.729005 0.031949
v 0.078478 1.729005 0.024206
v 0.089242 1.729005 0.018453
v 0.100921 1.729005 0.014910
v 0.113068 1.729005 0.013714
v 0.125214 1.729005 0.014910
v 0.136894 1.729005 0.018453
v 0.147658 1.729005 0.024206
v 0.157092 1.729005 0.031949
v 0.164835 1.729005 0.041384
v 0.153800 1.731155 0.062979
v 0.153800 1.731155 0.068991
v 0.052004 1.726635 0.064061
v 0.055547 1.724356 0.052606
v 0.061300 1.722257 0.042049
v 0.069043 1.720416 0.032795
v 0.078478 1.718905 0.025201
v 0.089242 1.717783 0.019558
v 0.100921 1.717092 0.016083
v 0.113068 1.716858 0.014910
v 0.125214 1.717092 0.016083
v 0.136894 1.717783 0.019558
v 0.147658 1.718905 0.025201
v 0.157092 1.720416 0.032795
v 0.164835 1.722256 0.042049
v 0.153800 1.728620 0.063228
v 0.153800 1.729793 0.069125
v 0.052004 1.724356 0.064752
v 0.055547 1.719887 0.053962
v 0.061300 1.715768 0.044017
v 0.069043 1.712157 0.035300
v 0.078478 1.709194 0.028147
v 0.089242 1.706992 0.022832
v 0.100921 1.705636 0.019558
v 0.113068 1.705179 0.018453
v 0.125214 1.705636 0.019558
v 0.136894 1.706992 0.022832
v 0.147658 1.709194 0.028147
v 0.157092 1.712157 0.035300
v 0.164835 1.715768 0.044017
v 0.153800 1.726182 0.063968
v 0.153800 1.728483 0.069522
v 0.052004 1.722257 0.065875
v 0.055547 1.715768 0.056163
v 0.061300 1.709787 0.047213
v 0.069043 1.704546 0.039369
v 0.078478 1.700244 0.032931
v 0.089242 1.697048 0.028147
v 0.100921 1.695079 0.025201
v 0.113068 1.694415 0.024206
v 0.125214 1.695079 0.025201
v 0.136894 1.697048 0.028147
v 0.147658 1.700244 0.032931
v 0.157092 1.704546 0.039369
v 0.164835 1.709787 0.047213
v 0.153800 1.723935 0.065169
v 0.153800 1.727275 0.070168
v 0.052004 1.720416 0.067385
v 0.055547 1.712157 0.059126
v 0.061300 1.704546 0.051515
v 0.069043 1.697874 0.044844
v 0.078478 1.692400 0.039369
v 0.089242 1.688331 0.035300
v 0.100921 1.685826 0.032795
v 0.113068 1.684980 0.031949
v 0.125214 1.685826 0.032795
v 0.136894 1.688331 0.035300
v 0.147658 1.692400 0.039369
v 0.157092 1.697874 0.044844
v 0.164835 1.704546 0.051515
v 0.153800 1.721966 0.066785
v 0.153800 1.726217 0.071036
v 0.052004 1.718905 0.069226
v 0.055547 1.709194 0.062737
v 0.061300 1.700244 0.056757
v 0.069043 1.692400 0.051515
v 0.078478 1.685961 0.047213
v 0.089242 1.681178 0.044017
v 0.100921 1.678232 0.042049
v 0.113068 1.677237 0.041384
v 0.125214 1.678232 0.042049
v 0.136894 1.681178 0.044017
v 0.147658 1.685961 0.047213
v 0.157092 1.692400 0.051515
v 0.164835 1.700244 0.056757
v 0.153800 1.720350 0.068754
v 0.153800 1.725349 0.072094
v 0.050807 1.729005 0.075974
v 0.052004 1.717783 0.071326
v 0.055547 1.706992 0.066856
v 0.061300 1.697048 0.062737
v 0.069043 1.688331 0.059126
v 0.078478 1.681178 0.056163
v 0.089242 1.675862 0.053962
v 0.100921 1.672589 0.052606
v 0.113068 1.671484 0.052148
v 0.125214 1.672589 0.052606
v 0.136894 1.675862 0.053962
v 0.147658 1.681178 0.056163
v 0.157092 1.688331 0.059126
v 0.164835 1.697048 0.062737
v 0.153800 1.719149 0.071001
v 0.153800 1.724703 0.073302
v 0.052004 1.717092 0.073604
v 0.055547 1.705637 0.071326
v 0.061300 1.695079 0.069226
v 0.069043 1.685826 0.067385
v 0.078478 1.678232 0.065875
v 0.089242 1.672589 0.064752
v 0.100921 1.669114 0.064061
v 0.113068 1.667941 0.063828
v 0.125214 1.669114 0.064061
v 0.136894 1.672589 0.064752
v 0.147658 1.678232 0.065875
v 0.157092 1.685826 0.067385
v 0.164835 1.695079 0.069226
v 0.153800 1.718410 0.073439
v 0.153800 1.724306 0.074612
v 0.052004 1.716858 0.075974
v 0.055547 1.705179 0.075974
v 0.061300 1.694415 0.075974
v 0.069043 1.684980 0.075974
v 0.078478 1.677237 0.075974
v 0.089242 1.671484 0.075974
v 0.100921 1.667941 0.075974
v 0.113068 1.666744 0.075974
v 0.125214 1.667941 0.075974
v 0.136894 1.671484 0.075974
v 0.147658 1.677237 0.075974
v 0.157092 1.684980 0.075974
v 0.164835 1.694415 0.075974
v 0.153800 1.718160 0.075974
v 0.153800 1.724172 0.075974
v 0.052004 1.717092 0.078344
v 0.055547 1.705637 0.080622
v 0.061300 1.695079 0.082722
v 0.069043 1.685826 0.084563
v 0.078478 1.678232 0.086073
v 0.089242 1.672589 0.087196
v 0.100921 1.669114 0.087887
v 0.113068 1.667941 0.088120
v 0.125214 1.669114 0.087887
v 0.136894 1.672589 0.087196
v 0.147658 1.678232 0.086073
v 0.157092 1.685826 0.084563
v 0.164835 1.695079 0.082722
v 0.153800 1.718410 0.078509
v 0.153800 1.724306 0.077336
v 0.052004 1.717783 0.080622
v 0.055547 1.706992 0.085092
v 0.061300 1.697048 0.089211
v 0.069043 1.688331 0.092821
v 0.078478 1.681178 0.095785
v 0.089242 1.675862 0.097986
v 0.100921 1.672589 0.099342
v 0.113068 1.671484 0.099800
v 0.125214 1.672589 0.099342
v 0.136894 1.675862 0.097986
v 0.147658 1.681178 0.095785
v 0.157092 1.688331 0.092821
v 0.164835 1.697048 0.089211
v 0.153800 1.719149 0.080947
v 0.153800 1.724703 0.078646
v 0.052004 1.718905 0.082722
v 0.055547 1.709194 0.089211
v 0.061300 1.700244 0.095191
v 0.069043 1.692400 0.100433
v 0.078478 1.685961 0.104734
v 0.089242 1.681178 0.107931
v 0.100921 1.678232 0.109899
v 0.113068 1.677237 0.110564
v 0.125214 1.678232 0.109899
v 0.136894 1.681178 0.107931
v 0.147658 1.685961 0.104734
v 0.157092 1.692400 0.100433
v 0.164835 1.700244 0.095191
v 0.153800 1.720350 0.083194
v 0.153800 1.725349 0.079854
v 0.052004 1.720416 0.084563
v 0.055547 1.712157 0.092821
v 0.061300 1.704546 0.100433
v 0.069043 1.697874 0.107104
v 0.078478 1.692400 0.112579
v 0.089242 1.688331 0.116647
v 0.100921 1.685826 0.119153
v 0.113068 1.684980 0.119999
v 0.125214 1.685826 0.119153
v 0.136894 1.688331 0.116647
v 0.147658 1.692400 0.112579
v 0.157092 1.697874 0.107104
v 0.164835 1.704546 0.100433
v 0.153800 1.721966 0.085163
v 0.153800 1.726217 0.080912
v 0.052004 1.722257 0.086073
v 0.055547 1.715768 0.095785
v 0.061300 1.709787 0.104734
v 0.069043 1.704546 0.112579
v 0.078478 1.700244 0.119017
v 0.089242 1.697048 0.123801
v 0.100921 1.695079 0.126747
v 0.113068 1.694415 0.127741
v 0.125214 1.695079 0.126747
v 0.136894 1.697048 0.123801
v 0.147658 1.700244 0.119017
v 0.157092 1.704546 0.112579
v 0.164835 1.709787 0.104734
v 0.153800 1.723935 0.086779
v 0.153800 1.727275 0.081780
v 0.052004 1.724356 0.087196
v 0.055547 1.719887 0.097986
v 0.061300 1.715768 0.107931
v 0.069043 1.712157 0.116647
v 0.078478 1.709194 0.123801
v 0.089242 1.706992 0.129116
v 0.100921 1.705637 0.132390
v 0.113068 1.705179 0.133495
v 0.125214 1.705636 0.132390
v 0.136894 1.706992 0.129116
v 0.147658 1.709194 0.123801
v 0.157092 1.712157 0.116647
v 0.164835 1.715768 0.107931
v 0.153800 1.726182 0.087980
v 0.153800 1.728483 0.082426
v 0.052004 1.726635 0.087887
v 0.055547 1.724356 0.099342
v 0.061300 1.722257 0.109899
v 0.069043 1.720416 0.119153
v 0.078478 1.718905 0.126747
v 0.089242 1.717783 0.132390
v 0.100921 1.717092 0.135865
v 0.113068 1.716858 0.137038
v 0.125214 1.717092 0.135865
v 0.136894 1.717783 0.132390
v 0.147658 1.718905 0.126747
v 0.157092 1.720416 0.119153
v 0.164835 1.722256 0.109899
v 0.153800 1.728620 0.088719
v 0.153800 1.729793 0.082823
v 0.113068 1.729005 0.138234
v 0.125214 1.729005 0.137038
v 0.136894 1.729005 0.133495
v 0.153800 1.731155 0.088969
v 0.153800 1.731155 0.082957
v 0.170589 1.733653 0.099342
v 0.170589 1.729005 0.099800
v 0.170589 1.738122 0.097986
v 0.170589 1.742242 0.095785
v 0.170589 1.745852 0.092821
v 0.170589 1.748815 0.089211
v 0.170589 1.751017 0.085092
v 0.170589 1.752373 0.080622
v 0.170589 1.752831 0.075974
v 0.170589 1.752373 0.071326
v 0.170589 1.751017 0.066856
v 0.170589 1.748815 0.062737
v 0.170589 1.745852 0.059126
v 0.170589 1.742242 0.056163
v 0.170589 1.738122 0.053962
v 0.170589 1.733653 0.052606
v 0.170589 1.729005 0.052148
v 0.170589 1.724356 0.052606
v 0.170589 1.719887 0.053962
v 0.170589 1.715768 0.056163
v 0.170589 1.712157 0.059126
v 0.170589 1.709194 0.062737
v 0.170589 1.706992 0.066856
v 0.170589 1.705636 0.071326
v 0.170589 1.705179 0.075974
v 0.170589 1.705636 0.080622
v 0.170589 1.706992 0.085092
v 0.170589 1.709194 0.089211
v 0.170589 1.712157 0.092821
v 0.170589 1.715768 0.095785
v 0.170589 1.719887 0.097986
v 0.170589 1.724356 0.099342
v 0.149579 1.732063 0.080537
v 0.149579 1.731155 0.080627
v 0.149579 1.731155 0.075974
v 0.149579 1.732936 0.080273
v 0.149579 1.733740 0.079843
v 0.149579 1.734445 0.079264
v 0.149579 1.735024 0.078559
v 0.149579 1.735454 0.077754
v 0.149579 1.735718 0.076882
v 0.149579 1.735808 0.075974
v 0.149579 1.735718 0.075066
v 0.149579 1.735454 0.074193
v 0.149579 1.735024 0.073389
v 0.149579 1.734445 0.072684
v 0.149579 1.733740 0.072105
v 0.149579 1.732936 0.071675
v 0.149579 1.732063 0.071411
v 0.149579 1.731155 0.071321
v 0.149579 1.730247 0.071411
v 0.149579 1.729375 0.071675
v 0.149579 1.728570 0.072105
v 0.149579 1.727865 0.072684
v 0.149579 1.727286 0.073389
v 0.149579 1.726856 0.074193
v 0.149579 1.726592 0.075066
v 0.149579 1.726502 0.075974
v 0.149579 1.726592 0.076882
v 0.149579 1.726856 0.077754
v 0.149579 1.727286 0.078559
v 0.149579 1.727865 0.079264
v 0.149579 1.728570 0.079843
v 0.149579 1.729375 0.080273
v 0.149579 1.730247 0.080537
vn 0.8286 -0.0000 -0.5598
vn 0.7041 -0.0000 -0.7101
vn 0.7041 0.1385 -0.6965
vn 0.8286 0.1092 -0.5490
vn -0.3805 -0.0000 -0.9248
vn -0.5528 -0.0000 -0.8333
vn -0.5528 0.1626 -0.8173
vn -0.3805 0.1804 -0.9070
vn 0.9777 0.0035 0.2101
vn 0.9758 -0.0392 0.2149
vn -0.1939 -0.0000 -0.9810
vn -0.1939 0.1914 -0.9622
vn 0.8751 -0.0000 0.4839
vn 0.8653 -0.0035 0.5012
vn 0.8607 -0.1028 0.4986
vn 0.8751 -0.0944 0.4746
vn -0.0000 -0.0000 -1.0000
vn -0.0000 0.1951 -0.9808
vn -0.9796 -0.0000 -0.2010
vn -1.0000 -0.0000 -0.0000
vn -0.9796 0.0392 -0.1971
vn 0.8751 -0.4024 -0.2689
vn 0.8751 -0.3422 -0.3422
vn 0.8473 -0.3755 -0.3755
vn 0.8473 -0.4416 -0.2950
vn 0.1939 -0.0000 -0.9810
vn 0.1939 0.1914 -0.9622
vn -0.9217 -0.0000 -0.3879
vn -0.9217 0.0757 -0.3804
vn 0.3805 -0.0000 -0.9248
vn 0.3805 0.1804 -0.9070
vn -0.8286 -0.0000 -0.5598
vn -0.8286 0.1092 -0.5490
vn 0.5528 -0.0000 -0.8333
vn 0.5528 0.1626 -0.8173
vn -0.7041 -0.0000 -0.7101
vn -0.7041 0.1385 -0.6965
vn 0.5528 0.3189 -0.7699
vn 0.7041 0.2718 -0.6561
vn -0.7041 0.2718 -0.6561
vn -0.5528 0.3189 -0.7699
vn 0.8286 0.2142 -0.5172
vn -0.3805 0.3539 -0.8544
vn 0.9740 -0.0836 0.2108
vn -0.1939 0.3754 -0.9063
vn 0.8561 -0.2010 0.4762
vn 0.8751 -0.1852 0.4471
vn -0.0000 0.3827 -0.9239
vn -0.9796 0.0769 -0.1857
vn 0.8751 -0.4471 0.1852
vn 0.8751 -0.4746 0.0944
vn 0.8474 -0.5208 0.1036
vn 0.8473 -0.4906 0.2032
vn 0.1939 0.3754 -0.9063
vn -0.9217 0.1484 -0.3584
vn 0.3805 0.3539 -0.8544
vn -0.8286 0.2142 -0.5172
vn -0.9796 0.1117 -0.1671
vn 0.8751 -0.4471 -0.1852
vn 0.8473 -0.4906 -0.2032
vn -0.0000 0.5556 -0.8315
vn 0.1939 0.5450 -0.8157
vn -0.9217 0.2155 -0.3225
vn 0.3805 0.5138 -0.7689
vn -0.8286 0.3110 -0.4654
vn 0.5528 0.4630 -0.6929
vn -0.7041 0.3945 -0.5905
vn 0.7041 0.3945 -0.5905
vn -0.5528 0.4630 -0.6929
vn 0.8286 0.3110 -0.4654
vn -0.3805 0.5138 -0.7689
vn 0.9721 -0.1276 0.1967
vn -0.1939 0.5450 -0.8157
vn 0.8517 -0.2938 0.4340
vn 0.8751 -0.2689 0.4024
vn -0.7041 0.5021 -0.5021
vn -0.5528 0.5893 -0.5893
vn 0.7041 0.5021 -0.5021
vn 0.8286 0.3958 -0.3958
vn -0.3805 0.6539 -0.6539
vn 0.9704 -0.1688 0.1727
vn -0.1939 0.6937 -0.6937
vn 0.8477 -0.3770 0.3731
vn 0.8751 -0.3422 0.3422
vn -0.0000 0.7071 -0.7071
vn -0.9796 0.1421 -0.1421
vn 0.8751 -0.1852 -0.4471
vn 0.8751 -0.0944 -0.4746
vn 0.8473 -0.1036 -0.5208
vn 0.8474 -0.2032 -0.4906
vn 0.1939 0.6937 -0.6937
vn -0.9217 0.2743 -0.2743
vn 0.3805 0.6539 -0.6539
vn -0.8286 0.3958 -0.3958
vn 0.5528 0.5893 -0.5893
vn -0.0000 0.8315 -0.5556
vn 0.1939 0.8157 -0.5450
vn -0.9796 0.1671 -0.1116
vn -0.9217 0.3225 -0.2155
vn 0.3805 0.7689 -0.5138
vn -0.8286 0.4654 -0.3110
vn 0.5528 0.6929 -0.4630
vn -0.7041 0.5905 -0.3945
vn 0.7041 0.5905 -0.3945
vn -0.5528 0.6929 -0.4630
vn 0.8286 0.4654 -0.3110
vn -0.3805 0.7689 -0.5138
vn 0.9689 -0.2043 0.1392
vn -0.1939 0.8157 -0.5450
vn 0.8444 -0.4466 0.2958
vn 0.8751 -0.4024 0.2689
vn 0.8751 -0.2689 -0.4024
vn 0.8473 -0.2950 -0.4415
vn 0.7041 0.6561 -0.2718
vn 0.8286 0.5172 -0.2142
vn -0.5528 0.7699 -0.3189
vn -0.3805 0.8544 -0.3539
vn 0.9678 -0.2319 0.0977
vn -0.1939 0.9063 -0.3754
vn 0.8419 -0.4991 0.2051
vn -0.0000 0.9239 -0.3827
vn -0.9796 0.1857 -0.0769
vn 0.8751 0.4024 0.2689
vn 0.8751 0.3422 0.3422
vn 0.8474 0.3755 0.3755
vn 0.8473 0.4415 0.2950
vn 0.1939 0.9063 -0.3754
vn -0.9217 0.3584 -0.1484
vn 0.3805 0.8544 -0.3539
vn -0.8286 0.5172 -0.2142
vn 0.5528 0.7699 -0.3189
vn -0.7041 0.6561 -0.2718
vn 0.1939 0.9622 -0.1914
vn 0.3805 0.9070 -0.1804
vn -0.9217 0.3804 -0.0757
vn -0.8286 0.5490 -0.1092
vn 0.5528 0.8173 -0.1626
vn -0.7041 0.6965 -0.1385
vn 0.7041 0.6965 -0.1385
vn -0.5528 0.8173 -0.1626
vn 0.8286 0.5490 -0.1092
vn -0.3805 0.9070 -0.1804
vn 0.9671 -0.2493 0.0504
vn -0.1939 0.9622 -0.1914
vn 0.8403 -0.5318 0.1050
vn -0.0000 0.9808 -0.1951
vn -0.9796 0.1971 -0.0392
vn 0.8473 -0.2032 0.4906
vn 0.8473 -0.1036 0.5208
vn 0.8286 0.5598 -0.0000
vn 0.9669 -0.2553 -0.0000
vn -0.3805 0.9248 -0.0000
vn -0.1939 0.9810 -0.0000
vn 0.8398 -0.5429 -0.0000
vn 0.8751 -0.4839 -0.0000
vn -0.0000 1.0000 -0.0000
vn -0.9796 0.2010 -0.0000
vn 0.8473 -0.4416 0.2950
vn 0.1939 0.9810 -0.0000
vn -0.9217 0.3879 -0.0000
vn 0.3805 0.9248 -0.0000
vn -0.8286 0.5598 -0.0000
vn 0.5528 0.8333 -0.0000
vn -0.7041 0.7101 -0.0000
vn 0.7041 0.7101 -0.0000
vn -0.5528 0.8333 -0.0000
vn -0.9217 0.3804 0.0757
vn -0.8286 0.5490 0.1092
vn 0.3805 0.9070 0.1804
vn 0.5528 0.8173 0.1626
vn -0.7041 0.6965 0.1385
vn 0.7041 0.6965 0.1385
vn -0.5528 0.8173 0.1626
vn 0.8286 0.5490 0.1092
vn -0.3805 0.9070 0.1804
vn 0.9671 -0.2493 -0.0504
vn -0.1939 0.9622 0.1914
vn 0.8403 -0.5318 -0.1050
vn 0.8751 -0.4746 -0.0944
vn -0.0000 0.9808 0.1951
vn -0.9796 0.1971 0.0392
vn 0.8751 0.1852 -0.4471
vn 0.8751 0.2689 -0.4024
vn 0.8473 0.2950 -0.4415
vn 0.8473 0.2032 -0.4906
vn 0.1939 0.9622 0.1914
vn -0.3805 0.8544 0.3539
vn -0.1939 0.9063 0.3754
vn 0.8419 -0.4991 -0.2051
vn -0.0000 0.9239 0.3827
vn -0.9796 0.1857 0.0769
vn 0.8751 0.4471 0.1852
vn 0.8473 0.4906 0.2032
vn 0.1939 0.9063 0.3754
vn -0.9217 0.3584 0.1484
vn 0.3805 0.8544 0.3539
vn -0.8286 0.5172 0.2142
vn 0.5528 0.7699 0.3189
vn -0.7041 0.6561 0.2718
vn 0.7041 0.6561 0.2718
vn -0.5528 0.7699 0.3189
vn 0.8286 0.5172 0.2142
vn 0.9678 -0.2319 -0.0977
vn 0.3805 0.7689 0.5138
vn 0.5528 0.6929 0.4630
vn -0.8286 0.4654 0.3110
vn -0.7041 0.5905 0.3945
vn 0.7041 0.5905 0.3945
vn -0.5528 0.6929 0.4630
vn 0.8286 0.4654 0.3110
vn -0.3805 0.7689 0.5138
vn 0.9689 -0.2043 -0.1392
vn -0.1939 0.8157 0.5450
vn 0.8444 -0.4466 -0.2958
vn -0.0000 0.8315 0.5556
vn -0.9796 0.1671 0.1116
vn 0.8473 -0.3755 0.3755
vn 0.1939 0.8157 0.5450
vn -0.9217 0.3225 0.2155
vn 0.8477 -0.3770 -0.3731
vn -0.1939 0.6937 0.6937
vn -0.0000 0.7071 0.7071
vn -0.9796 0.1421 0.1421
vn 0.8751 0.4471 -0.1852
vn 0.8751 0.4746 -0.0944
vn 0.8473 0.5209 -0.1036
vn 0.8473 0.4906 -0.2032
vn 0.1939 0.6937 0.6937
vn -0.9217 0.2743 0.2743
vn 0.3805 0.6539 0.6539
vn -0.8286 0.3958 0.3958
vn 0.5528 0.5893 0.5893
vn -0.7041 0.5021 0.5021
vn 0.7041 0.5021 0.5021
vn -0.5528 0.5893 0.5893
vn 0.8286 0.3958 0.3958
vn -0.3805 0.6539 0.6539
vn 0.9704 -0.1688 -0.1727
vn -0.8286 0.3110 0.4654
vn -0.7041 0.3945 0.5905
vn 0.5528 0.4630 0.6929
vn 0.7041 0.3945 0.5905
vn -0.5528 0.4630 0.6929
vn 0.8286 0.3110 0.4654
vn -0.3805 0.5138 0.7689
vn 0.9721 -0.1276 -0.1967
vn -0.1939 0.5450 0.8157
vn 0.8517 -0.2938 -0.4340
vn -0.0000 0.5556 0.8315
vn -0.9796 0.1117 0.1671
vn 0.8751 0.1852 0.4471
vn 0.8751 0.0944 0.4746
vn 0.8473 0.1036 0.5208
vn 0.8473 0.2032 0.4906
vn 0.1939 0.5450 0.8157
vn -0.9217 0.2155 0.3225
vn 0.3805 0.5138 0.7689
vn -0.1939 0.3754 0.9063
vn -0.0000 0.3827 0.9239
vn -0.9796 0.0769 0.1857
vn 0.8474 -0.5208 -0.1036
vn 0.1939 0.3754 0.9063
vn -0.9217 0.1484 0.3584
vn 0.3805 0.3539 0.8544
vn -0.8286 0.2142 0.5172
vn 0.5528 0.3189 0.7699
vn -0.7041 0.2718 0.6561
vn 0.7041 0.2718 0.6561
vn -0.5528 0.3189 0.7699
vn 0.8286 0.2142 0.5172
vn -0.3805 0.3539 0.8544
vn 0.9740 -0.0836 -0.2108
vn 0.8561 -0.2010 -0.4762
vn 0.5528 0.1626 0.8173
vn 0.7041 0.1385 0.6965
vn -0.7041 0.1385 0.6965
vn -0.5528 0.1626 0.8173
vn 0.8286 0.1092 0.5490
vn -0.3805 0.1804 0.9070
vn 0.9758 -0.0392 -0.2149
vn -0.1939 0.1914 0.9622
vn 0.8607 -0.1028 -0.4986
vn -0.0000 0.1951 0.9808
vn -0.9796 0.0392 0.1971
vn 0.8751 0.0944 -0.4746
vn 0.8473 0.1036 -0.5208
vn 0.1939 0.1914 0.9622
vn -0.9217 0.0757 0.3804
vn 0.3805 0.1804 0.9070
vn -0.8286 0.1092 0.5490
vn 0.8751 0.4024 -0.2689
vn 0.8473 0.4415 -0.2950
vn -0.0000 -0.0000 1.0000
vn 0.1939 -0.0000 0.9810
vn -0.9796 -0.0000 0.2010
vn -0.9217 -0.0000 0.3879
vn 0.3805 -0.0000 0.9248
vn -0.8286 -0.0000 0.5598
vn 0.5528 -0.0000 0.8333
vn -0.7041 -0.0000 0.7101
vn 0.7041 -0.0000 0.7101
vn -0.5528 -0.0000 0.8333
vn 0.8286 -0.0000 0.5598
vn -0.3805 -0.0000 0.9248
vn 0.9777 0.0035 -0.2101
vn -0.1939 -0.0000 0.9810
vn 0.8653 -0.0035 -0.5012
vn 0.8751 -0.0000 -0.4839
vn 0.7041 -0.1385 0.6965
vn 0.8286 -0.1092 0.5490
vn -0.5528 -0.1626 0.8173
vn -0.3805 -0.1804 0.9070
vn 0.9794 0.0426 -0.1973
vn -0.1939 -0.1914 0.9622
vn 0.8698 0.0929 -0.4845
vn -0.0000 -0.1951 0.9808
vn -0.9796 -0.0392 0.1971
vn 0.8473 -0.0000 0.5311
vn 0.1939 -0.1914 0.9622
vn -0.9217 -0.0757 0.3804
vn 0.3805 -0.1804 0.9070
vn -0.8286 -0.1092 0.5490
vn 0.5528 -0.1626 0.8173
vn -0.7041 -0.1385 0.6965
vn -0.9796 -0.0769 0.1857
vn -0.9217 -0.1484 0.3584
vn 0.1939 -0.3754 0.9063
vn 0.3805 -0.3539 0.8544
vn -0.8286 -0.2142 0.5172
vn 0.5528 -0.3189 0.7699
vn -0.7041 -0.2718 0.6561
vn 0.7041 -0.2718 0.6561
vn -0.5528 -0.3189 0.7699
vn 0.8286 -0.2142 0.5172
vn -0.3805 -0.3539 0.8544
vn 0.9810 0.0771 -0.1782
vn -0.1939 -0.3754 0.9063
vn 0.8740 0.1831 -0.4501
vn -0.0000 -0.3827 0.9239
vn 0.8473 -0.5310 -0.0000
vn -0.5528 -0.4630 0.6929
vn -0.3805 -0.5138 0.7689
vn 0.8286 -0.3110 0.4654
vn 0.9823 0.1062 -0.1542
vn -0.1939 -0.5450 0.8157
vn 0.8777 0.2640 -0.3999
vn -0.0000 -0.5556 0.8315
vn -0.9796 -0.1116 0.1671
vn 0.1939 -0.5450 0.8157
vn -0.9217 -0.2155 0.3225
vn 0.3805 -0.5138 0.7689
vn -0.8286 -0.3110 0.4654
vn 0.5528 -0.4630 0.6929
vn -0.7041 -0.3945 0.5905
vn 0.7041 -0.3945 0.5905
vn 0.1939 -0.6937 0.6937
vn 0.3805 -0.6539 0.6539
vn -0.9217 -0.2743 0.2743
vn -0.8286 -0.3958 0.3958
vn 0.5528 -0.5893 0.5893
vn -0.7041 -0.5021 0.5021
vn 0.7041 -0.5021 0.5021
vn -0.5528 -0.5893 0.5893
vn 0.8286 -0.3958 0.3958
vn -0.3805 -0.6539 0.6539
vn 0.9834 0.1297 -0.1266
vn -0.1939 -0.6937 0.6937
vn 0.8809 0.3331 -0.3363
vn 0.8751 0.3422 -0.3422
vn -0.0000 -0.7071 0.7071
vn -0.9796 -0.1421 0.1421
vn 0.8286 -0.4654 0.3110
vn 0.9843 0.1477 -0.0967
vn -0.3805 -0.7689 0.5138
vn -0.1939 -0.8157 0.5450
vn 0.8834 0.3887 -0.2618
vn -0.0000 -0.8315 0.5556
vn -0.9796 -0.1671 0.1117
vn 0.8751 0.4746 0.0944
vn 0.8473 0.5209 0.1036
vn 0.1939 -0.8157 0.5450
vn -0.9217 -0.3225 0.2155
vn 0.3805 -0.7689 0.5138
vn -0.8286 -0.4654 0.3110
vn 0.5528 -0.6929 0.4630
vn -0.7041 -0.5905 0.3945
vn 0.7041 -0.5905 0.3945
vn -0.5528 -0.6929 0.4630
vn -0.9217 -0.3584 0.1484
vn -0.8286 -0.5172 0.2142
vn 0.3805 -0.8544 0.3539
vn 0.5528 -0.7699 0.3189
vn -0.7041 -0.6561 0.2718
vn 0.7041 -0.6561 0.2718
vn -0.5528 -0.7699 0.3189
vn 0.8286 -0.5172 0.2142
vn -0.3805 -0.8544 0.3539
vn 0.9849 0.1603 -0.0651
vn -0.1939 -0.9063 0.3754
vn 0.8852 0.4293 -0.1791
vn -0.0000 -0.9239 0.3827
vn -0.9796 -0.1857 0.0769
vn 0.8473 -0.2950 0.4416
vn 0.1939 -0.9063 0.3754
vn -0.3805 -0.9070 0.1804
vn -0.1939 -0.9622 0.1914
vn 0.8863 0.4540 -0.0909
vn -0.0000 -0.9808 0.1951
vn -0.9796 -0.1971 0.0392
vn 0.8751 0.2689 0.4024
vn 0.8473 0.2950 0.4415
vn 0.1939 -0.9622 0.1914
vn -0.9217 -0.3804 0.0757
vn 0.3805 -0.9070 0.1804
vn -0.8286 -0.5490 0.1092
vn 0.5528 -0.8173 0.1626
vn -0.7041 -0.6965 0.1385
vn 0.7041 -0.6965 0.1385
vn -0.5528 -0.8173 0.1626
vn 0.8286 -0.5490 0.1092
vn 0.9853 0.1677 -0.0328
vn 0.3805 -0.9248 -0.0000
vn 0.5528 -0.8333 -0.0000
vn -0.8286 -0.5598 -0.0000
vn -0.7041 -0.7101 -0.0000
vn 0.7041 -0.7101 -0.0000
vn -0.5528 -0.8333 -0.0000
vn 0.8286 -0.5598 -0.0000
vn -0.3805 -0.9248 -0.0000
vn 0.9854 0.1702 -0.0000
vn -0.1939 -0.9810 -0.0000
vn 0.8867 0.4623 -0.0000
vn 0.8751 0.4840 -0.0000
vn -0.0000 -1.0000 -0.0000
vn -0.9796 -0.2010 -0.0000
vn 0.8473 -0.0000 -0.5311
vn 0.1939 -0.9810 -0.0000
vn -0.9217 -0.3879 -0.0000
vn 0.8863 0.4540 0.0909
vn -0.1939 -0.9622 -0.1914
vn -0.0000 -0.9808 -0.1951
vn -0.9796 -0.1971 -0.0392
vn 0.8473 0.3755 -0.3755
vn 0.1939 -0.9622 -0.1914
vn -0.9217 -0.3804 -0.0757
vn 0.3805 -0.9070 -0.1804
vn -0.8286 -0.5490 -0.1092
vn 0.5528 -0.8173 -0.1626
vn -0.7041 -0.6965 -0.1385
vn 0.7041 -0.6965 -0.1385
vn -0.5528 -0.8173 -0.1626
vn 0.8286 -0.5490 -0.1092
vn -0.3805 -0.9070 -0.1804
vn 0.9853 0.1677 0.0328
vn 0.5528 -0.7699 -0.3189
vn 0.7041 -0.6561 -0.2718
vn -0.7041 -0.6561 -0.2718
vn -0.5528 -0.7699 -0.3189
vn 0.8286 -0.5172 -0.2142
vn -0.3805 -0.8544 -0.3539
vn 0.9849 0.1603 0.0652
vn -0.1939 -0.9063 -0.3754
vn 0.8852 0.4293 0.1791
vn -0.0000 -0.9239 -0.3827
vn -0.9796 -0.1857 -0.0769
vn 0.1939 -0.9063 -0.3754
vn -0.9217 -0.3584 -0.1484
vn 0.3805 -0.8544 -0.3539
vn -0.8286 -0.5172 -0.2142
vn -0.9796 -0.1671 -0.1117
vn -0.0000 -0.8315 -0.5556
vn 0.1939 -0.8157 -0.5450
vn -0.9217 -0.3225 -0.2155
vn 0.3805 -0.7689 -0.5138
vn -0.8286 -0.4654 -0.3110
vn 0.5528 -0.6929 -0.4630
vn -0.7041 -0.5905 -0.3945
vn 0.7041 -0.5905 -0.3945
vn -0.5528 -0.6929 -0.4630
vn 0.8286 -0.4654 -0.3110
vn -0.3805 -0.7689 -0.5138
vn 0.9843 0.1477 0.0967
vn -0.1939 -0.8157 -0.5450
vn 0.8834 0.3887 0.2618
vn -0.7041 -0.5021 -0.5021
vn -0.5528 -0.5893 -0.5893
vn 0.7041 -0.5021 -0.5021
vn 0.8286 -0.3958 -0.3958
vn -0.3805 -0.6539 -0.6539
vn 0.9834 0.1297 0.1266
vn -0.1939 -0.6937 -0.6937
vn 0.8809 0.3331 0.3363
vn -0.0000 -0.7071 -0.7071
vn -0.9796 -0.1421 -0.1421
vn 0.1939 -0.6937 -0.6937
vn -0.9217 -0.2743 -0.2743
vn 0.3805 -0.6539 -0.6539
vn -0.8286 -0.3958 -0.3958
vn 0.5528 -0.5893 -0.5893
vn -0.0000 -0.5556 -0.8315
vn 0.1939 -0.5450 -0.8157
vn -0.9796 -0.1117 -0.1671
vn -0.9217 -0.2155 -0.3225
vn 0.3805 -0.5138 -0.7689
vn -0.8286 -0.3110 -0.4654
vn 0.5528 -0.4630 -0.6929
vn -0.7041 -0.3945 -0.5905
vn 0.7041 -0.3945 -0.5905
vn -0.5528 -0.4630 -0.6929
vn 0.8286 -0.3110 -0.4654
vn -0.3805 -0.5138 -0.7689
vn 0.9823 0.1062 0.1542
vn -0.1939 -0.5450 -0.8157
vn 0.8777 0.2639 0.3999
vn 0.7041 -0.2718 -0.6561
vn 0.8286 -0.2142 -0.5172
vn -0.5528 -0.3189 -0.7699
vn -0.3805 -0.3539 -0.8544
vn 0.9810 0.0771 0.1782
vn -0.1939 -0.3754 -0.9063
vn 0.8740 0.1831 0.4501
vn -0.0000 -0.3827 -0.9239
vn -0.9796 -0.0769 -0.1857
vn 0.1939 -0.3754 -0.9063
vn -0.9217 -0.1484 -0.3584
vn 0.3805 -0.3539 -0.8544
vn -0.8286 -0.2142 -0.5172
vn 0.5528 -0.3189 -0.7699
vn -0.7041 -0.2718 -0.6561
vn -0.9796 -0.0392 -0.1971
vn -0.9217 -0.0757 -0.3804
vn 0.1939 -0.1914 -0.9622
vn 0.3805 -0.1804 -0.9070
vn -0.8286 -0.1092 -0.5490
vn 0.5528 -0.1626 -0.8173
vn -0.7041 -0.1385 -0.6965
vn 0.7041 -0.1385 -0.6965
vn -0.5528 -0.1626 -0.8173
vn 0.8286 -0.1092 -0.5490
vn -0.3805 -0.1804 -0.9070
vn 0.9794 0.0426 0.1973
vn -0.1939 -0.1914 -0.9622
vn 0.8698 0.0929 0.4845
vn -0.0000 -0.1951 -0.9808
vn 0.8473 0.5311 -0.0000
vn 1.0000 -0.0000 -0.0000
vn 0.8474 -0.2032 0.4906
vn 0.8751 -0.2688 0.4024
vn 0.8474 -0.2950 0.4415
vn 0.8473 0.4416 -0.2950
vn 0.8473 0.1036 0.5209
vn 0.8473 -0.0000 -0.5310
vn 0.8777 0.2640 0.3999
vn -0.9796 -0.1116 -0.1671
vn 0.9849 0.1603 0.0651
vn 0.8473 -0.2950 -0.4416
vn 0.8864 0.4540 0.0909
vn 0.9854 0.1701 -0.0000
vn 0.8473 0.3755 0.3755
vt 0.228191 0.268126
vt 0.208582 0.283885
vt 0.188208 0.300240
vt 0.166579 0.317401
vt 0.143253 0.335843
vt 0.117475 0.356564
vt 0.087348 0.380285
vt 0.710626 0.122219
vt 0.719559 0.150908
vt 0.727923 0.177209
vt 0.231615 0.271605
vt 0.215420 0.290919
vt 0.198652 0.310893
vt 0.180756 0.331920
vt 0.161311 0.354632
vt 0.139785 0.380260
vt 0.115341 0.408938
vt 0.085569 0.443373
vt 0.724061 0.000452
vt 0.728688 0.045675
vt 0.732898 0.083634
vt 0.736257 0.116835
vt 0.739447 0.146610
vt 0.742534 0.174190
vt 0.064542 0.592912
vt 0.071728 0.587752
vt 0.176821 0.538570
vt 0.235643 0.274366
vt 0.223507 0.296495
vt 0.210945 0.319304
vt 0.197472 0.343419
vt 0.182768 0.369528
vt 0.166808 0.398733
vt 0.148331 0.431629
vt 0.773265 0.000362
vt 0.125900 0.472166
vt 0.768932 0.045084
vt 0.765497 0.083589
vt 0.762393 0.116567
vt 0.759826 0.146265
vt 0.757447 0.173897
vt 0.062633 0.589655
vt 0.070636 0.585990
vt 0.173658 0.536440
vt 0.240137 0.276290
vt 0.232550 0.300335
vt 0.224633 0.325171
vt 0.216104 0.351447
vt 0.206746 0.379997
vt 0.196747 0.411713
vt 0.184902 0.447813
vt 0.171705 0.490581
vt 0.821039 0.010002
vt 0.808351 0.052630
vt 0.797521 0.089301
vt 0.788145 0.121204
vt 0.779758 0.150146
vt 0.772158 0.176542
vt 0.061433 0.586119
vt 0.069895 0.584081
vt 0.171030 0.533679
vt 0.244922 0.277285
vt 0.242160 0.302345
vt 0.239211 0.328271
vt 0.235928 0.355661
vt 0.232346 0.385696
vt 0.228554 0.418683
vt 0.223767 0.456527
vt 0.865340 0.028276
vt 0.218706 0.499650
vt 0.845536 0.067236
vt 0.827856 0.101243
vt 0.812539 0.130802
vt 0.798655 0.157501
vt 0.785995 0.182123
vt 0.060877 0.582469
vt 0.069529 0.582092
vt 0.168923 0.530502
vt 0.249810 0.277330
vt 0.251978 0.302447
vt 0.254133 0.328483
vt 0.256271 0.356224
vt 0.258647 0.386367
vt 0.261072 0.419331
vt 0.263497 0.457325
vt 0.266174 0.501448
vt 0.906525 0.053285
vt 0.879059 0.089062
vt 0.855265 0.118929
vt 0.834701 0.144904
vt 0.815752 0.168481
vt 0.798584 0.190128
vt 0.061015 0.578828
vt 0.069545 0.580094
vt 0.167552 0.526946
vt 0.254619 0.276437
vt 0.261653 0.300707
vt 0.268880 0.325933
vt 0.276408 0.352730
vt 0.284496 0.381620
vt 0.293230 0.413883
vt 0.302880 0.450866
vt 0.313893 0.494336
vt 0.943359 0.086713
vt 0.907770 0.117185
vt 0.879018 0.141579
vt 0.853447 0.163343
vt 0.830389 0.182609
vt 0.809254 0.200565
vt 0.061871 0.575336
vt 0.069943 0.578176
vt 0.166905 0.523228
vt 0.259158 0.274608
vt 0.270783 0.297028
vt 0.282827 0.320369
vt 0.295405 0.345157
vt 0.308986 0.372078
vt 0.323917 0.402245
vt 0.340678 0.436940
vt 0.360090 0.478058
vt 0.971519 0.128364
vt 0.931285 0.150147
vt 0.897385 0.168776
vt 0.868130 0.185025
vt 0.841958 0.199351
vt 0.817822 0.212780
vt 0.063353 0.572112
vt 0.070702 0.576420
vt 0.166912 0.519457
vt 0.263255 0.271925
vt 0.279075 0.291689
vt 0.295430 0.312194
vt 0.312550 0.334035
vt 0.331192 0.357858
vt 0.351976 0.384706
vt 0.375431 0.415711
vt 0.402922 0.452748
vt 0.990333 0.174185
vt 0.947092 0.187356
vt 0.910409 0.198769
vt 0.878771 0.208908
vt 0.850067 0.217956
vt 0.823858 0.226437
vt 0.065361 0.569241
vt 0.071797 0.574848
vt 0.167727 0.515777
vt 0.266765 0.268505
vt 0.286108 0.284772
vt 0.306227 0.301718
vt 0.327517 0.319956
vt 0.350535 0.339741
vt 0.375819 0.361672
vt 0.405588 0.387697
vt 0.440515 0.418908
vt 0.999638 0.222083
vt 0.955370 0.226649
vt 0.917481 0.230692
vt 0.884048 0.234507
vt 0.854408 0.237769
vt 0.826979 0.241032
vt 0.067905 0.566848
vt 0.073195 0.573548
vt 0.169162 0.512302
vt 0.269524 0.264453
vt 0.291720 0.276651
vt 0.314733 0.289304
vt 0.339194 0.302964
vt 0.365746 0.317884
vt 0.395413 0.334714
vt 0.428967 0.353651
vt 0.471013 0.377342
vt 0.999638 0.269997
vt 0.956166 0.266594
vt 0.918060 0.263374
vt 0.884685 0.260574
vt 0.854860 0.258115
vt 0.827192 0.255928
vt 0.070912 0.564926
vt 0.074834 0.572550
vt 0.171305 0.509219
vt 0.271438 0.259941
vt 0.295558 0.267556
vt 0.320629 0.275463
vt 0.347311 0.284008
vt 0.376316 0.293402
vt 0.408687 0.303958
vt 0.445815 0.316013
vt 0.490624 0.329849
vt 0.992227 0.317427
vt 0.948920 0.305873
vt 0.912365 0.295533
vt 0.880154 0.286314
vt 0.851362 0.278205
vt 0.824631 0.270596
vt 0.074289 0.563611
vt 0.173935 0.506563
vt 0.076669 0.571896
vt 0.272454 0.255143
vt 0.297621 0.257902
vt 0.323650 0.260748
vt 0.351548 0.263818
vt 0.381845 0.267316
vt 0.415623 0.271266
vt 0.454426 0.275758
vt 0.500396 0.280388
vt 0.975564 0.363780
vt 0.934134 0.343063
vt 0.900647 0.326208
vt 0.870737 0.310822
vt 0.843776 0.297080
vt 0.819224 0.284491
vt 0.077903 0.562967
vt 0.078628 0.571612
vt 0.177046 0.504453
vt 0.272494 0.250235
vt 0.297764 0.248015
vt 0.323885 0.245752
vt 0.351678 0.243235
vt 0.382153 0.240660
vt 0.415967 0.237934
vt 0.454959 0.234750
vt 0.500396 0.230500
vt 0.948596 0.405225
vt 0.913090 0.377300
vt 0.882801 0.353838
vt 0.856586 0.332993
vt 0.832923 0.314238
vt 0.811204 0.297127
vt 0.081617 0.563032
vt 0.080640 0.571715
vt 0.180523 0.502980
vt 0.271572 0.245415
vt 0.295909 0.238294
vt 0.321162 0.230970
vt 0.348086 0.222977
vt 0.377161 0.214549
vt 0.409684 0.205378
vt 0.447820 0.194373
vt 0.490836 0.182069
vt 0.914764 0.440177
vt 0.885650 0.406943
vt 0.860028 0.377362
vt 0.838408 0.352035
vt 0.818860 0.329024
vt 0.800759 0.307860
vt 0.085288 0.563814
vt 0.184236 0.502207
vt 0.082625 0.572205
vt 0.269726 0.240869
vt 0.292192 0.229124
vt 0.315557 0.216989
vt 0.340290 0.203882
vt 0.367316 0.189899
vt 0.397612 0.174467
vt 0.432203 0.156417
vt 0.875550 0.469424
vt 0.473412 0.135602
vt 0.852420 0.430084
vt 0.833352 0.396406
vt 0.816867 0.367345
vt 0.802118 0.340779
vt 0.788537 0.316478
vt 0.088743 0.565336
vt 0.084501 0.573061
vt 0.188042 0.502171
vt 0.267027 0.236773
vt 0.286754 0.220861
vt 0.307300 0.204368
vt 0.328930 0.186731
vt 0.352756 0.167623
vt 0.379543 0.146315
vt 0.409375 0.122314
vt 0.446617 0.092413
vt 0.830196 0.491129
vt 0.815165 0.446340
vt 0.803185 0.410159
vt 0.792570 0.377752
vt 0.783383 0.349001
vt 0.774804 0.322566
vt 0.091904 0.567473
vt 0.086195 0.574259
vt 0.191797 0.502881
vt 0.263581 0.233286
vt 0.279801 0.213831
vt 0.296729 0.193580
vt 0.314422 0.172247
vt 0.334012 0.148645
vt 0.355896 0.122601
vt 0.380825 0.092776
vt 0.410341 0.056606
vt 0.780685 0.501573
vt 0.775386 0.455935
vt 0.770741 0.416857
vt 0.766784 0.383647
vt 0.763342 0.353481
vt 0.760100 0.325674
vt 0.094611 0.570191
vt 0.087647 0.575757
vt 0.195355 0.504318
vt 0.259521 0.230542
vt 0.271610 0.208314
vt 0.284188 0.185176
vt 0.297519 0.160635
vt 0.311877 0.133822
vt 0.328171 0.104015
vt 0.346779 0.069809
vt 0.368367 0.028901
vt 0.731117 0.501986
vt 0.734397 0.457069
vt 0.737631 0.417909
vt 0.740323 0.383885
vt 0.742759 0.353924
vt 0.745072 0.326024
vt 0.096752 0.573389
vt 0.198576 0.506434
vt 0.088798 0.577500
vt 0.255008 0.228645
vt 0.262507 0.204521
vt 0.270271 0.179402
vt 0.278554 0.152549
vt 0.287357 0.123694
vt 0.297439 0.091285
vt 0.308945 0.054115
vt 0.322065 0.009942
vt 0.681894 0.494487
vt 0.693990 0.449643
vt 0.704901 0.411968
vt 0.714153 0.379481
vt 0.722591 0.350067
vt 0.730232 0.323394
vt 0.098237 0.576947
vt 0.089602 0.579420
vt 0.201332 0.509155
vt 0.250211 0.227666
vt 0.252854 0.202506
vt 0.255530 0.176315
vt 0.258335 0.148637
vt 0.261407 0.118541
vt 0.264886 0.084854
vt 0.268837 0.046181
vt 0.273032 0.000362
vt 0.633625 0.476888
vt 0.655685 0.434194
vt 0.673798 0.399784
vt 0.689601 0.369365
vt 0.703447 0.342641
vt 0.716284 0.317765
vt 0.099000 0.580722
vt 0.090025 0.581445
vt 0.203510 0.512387
vt 0.245316 0.227625
vt 0.242984 0.202426
vt 0.240489 0.176348
vt 0.237868 0.148690
vt 0.235011 0.118638
vt 0.231761 0.084970
vt 0.227985 0.046278
vt 0.223049 0.000603
vt 0.590992 0.447861
vt 0.620968 0.411724
vt 0.645765 0.381481
vt 0.667242 0.355091
vt 0.686347 0.331304
vt 0.703614 0.309676
vt 0.099008 0.584563
vt 0.090049 0.583492
vt 0.204929 0.516006
vt 0.247597 0.252483
vt 0.240514 0.228559
vt 0.233318 0.204350
vt 0.225793 0.179283
vt 0.217856 0.152727
vt 0.209263 0.123964
vt 0.199395 0.091628
vt 0.187969 0.054367
vt 0.174097 0.010857
vt 0.555716 0.411588
vt 0.591820 0.382627
vt 0.622036 0.358063
vt 0.648243 0.336524
vt 0.671607 0.317114
vt 0.692899 0.299145
vt 0.098222 0.588301
vt 0.205601 0.519787
vt 0.089673 0.585464
vt 0.235990 0.230411
vt 0.224234 0.208114
vt 0.211964 0.185007
vt 0.199070 0.160557
vt 0.184849 0.133775
vt 0.168806 0.104053
vt 0.150663 0.070548
vt 0.128587 0.030669
vt 0.528587 0.369646
vt 0.569247 0.348549
vt 0.603490 0.330533
vt 0.633327 0.314640
vt 0.660014 0.300247
vt 0.684332 0.286843
vt 0.096742 0.591793
vt 0.088906 0.587292
vt 0.205601 0.523618
vt 0.231906 0.233093
vt 0.216025 0.213508
vt 0.199539 0.193302
vt 0.181983 0.171679
vt 0.162867 0.148341
vt 0.141673 0.122710
vt 0.117321 0.093167
vt 0.088119 0.058582
vt 0.510271 0.323710
vt 0.553912 0.310975
vt 0.590730 0.300028
vt 0.623020 0.290315
vt 0.651938 0.281465
vt 0.678458 0.273042
vt 0.094608 0.594881
vt 0.087779 0.588918
vt 0.204774 0.527355
vt 0.228436 0.236530
vt 0.209086 0.220441
vt 0.189029 0.203846
vt 0.167631 0.186177
vt 0.144423 0.167070
vt 0.118670 0.145955
vt 0.089113 0.121749
vt 0.053907 0.093611
vt 0.501119 0.275519
vt 0.546253 0.271377
vt 0.584082 0.267706
vt 0.617684 0.264489
vt 0.647683 0.261427
vt 0.675440 0.258390
vt 0.091842 0.597429
vt 0.086329 0.590256
vt 0.203312 0.530883
vt 0.225702 0.240576
vt 0.203563 0.228545
vt 0.180650 0.216144
vt 0.156472 0.203124
vt 0.129960 0.188916
vt 0.100701 0.173187
vt 0.067009 0.155195
vt 0.501235 0.226502
vt 0.027213 0.134563
vt 0.545971 0.231099
vt 0.584460 0.234898
vt 0.617550 0.238201
vt 0.647418 0.240944
vt 0.675184 0.243468
vt 0.088574 0.599398
vt 0.201126 0.534009
vt 0.084625 0.591267
vt 0.223793 0.245069
vt 0.199714 0.237575
vt 0.174802 0.229840
vt 0.148594 0.221696
vt 0.120106 0.213044
vt 0.088531 0.203248
vt 0.051718 0.192158
vt 0.009266 0.179847
vt 0.510972 0.178638
vt 0.553789 0.191645
vt 0.590538 0.202834
vt 0.622325 0.212304
vt 0.651412 0.220945
vt 0.677890 0.228780
vt 0.084943 0.600665
vt 0.198435 0.536700
vt 0.082726 0.591910
vt 0.222814 0.249851
vt 0.197765 0.247193
vt 0.171851 0.244438
vt 0.144419 0.241475
vt 0.115138 0.238403
vt 0.081817 0.234909
vt 0.043950 0.231221
vt 0.529547 0.133952
vt 0.000957 0.227061
vt 0.568765 0.154349
vt 0.602665 0.172411
vt 0.632476 0.188102
vt 0.658934 0.202106
vt 0.683398 0.214908
vt 0.081113 0.601172
vt 0.195246 0.538831
vt 0.080712 0.592159
vt 0.222785 0.254729
vt 0.197719 0.256995
vt 0.171786 0.259315
vt 0.144340 0.261708
vt 0.114705 0.264230
vt 0.081567 0.267324
vt 0.044098 0.270820
vt 0.000362 0.274547
vt 0.555437 0.092128
vt 0.591271 0.121023
vt 0.620710 0.145060
vt 0.646681 0.166172
vt 0.669991 0.185087
vt 0.691494 0.202338
vt 0.077252 0.600904
vt 0.191676 0.540220
vt 0.078664 0.592006
vt 0.223706 0.259517
vt 0.199577 0.266611
vt 0.174600 0.273914
vt 0.148136 0.281568
vt 0.119395 0.289781
vt 0.087374 0.299285
vt 0.051539 0.309613
vt 0.008836 0.321590
vt 0.590653 0.057450
vt 0.619292 0.092226
vt 0.643626 0.121640
vt 0.664958 0.147402
vt 0.684146 0.170490
vt 0.701992 0.191696
vt 0.073520 0.599882
vt 0.187925 0.540963
vt 0.076665 0.591456
vt 0.225526 0.264041
vt 0.203265 0.275673
vt 0.180189 0.287689
vt 0.155716 0.300308
vt 0.129032 0.313994
vt 0.099662 0.329425
vt 0.065944 0.346565
vt 0.026058 0.366538
vt 0.630983 0.030701
vt 0.652358 0.069468
vt 0.670613 0.103094
vt 0.686553 0.132557
vt 0.700902 0.158951
vt 0.714233 0.183181
vt 0.070095 0.598121
vt 0.184069 0.540957
vt 0.074794 0.590539
vt 0.051868 0.407783
vt 0.675514 0.010254
vt 0.689461 0.054311
vt 0.700722 0.090088
vt 0.067056 0.595774
vt 0.180308 0.540115
vt 0.073131 0.589288
vt 0.745440 0.200037
vt 0.018485 0.635090
vt 0.735827 0.202120
vt 0.029573 0.646761
vt 0.755261 0.199933
vt 0.009755 0.621531
vt 0.764942 0.201671
vt 0.003687 0.606533
vt 0.774105 0.205261
vt 0.000507 0.590582
vt 0.782349 0.210624
vt 0.000362 0.574207
vt 0.789389 0.217485
vt 0.003308 0.557954
vt 0.795033 0.225518
vt 0.009335 0.542359
vt 0.799002 0.234497
vt 0.018314 0.527956
vt 0.801080 0.244106
vt 0.031419 0.517185
vt 0.801247 0.253897
vt 0.046085 0.509189
vt 0.799539 0.263491
vt 0.061789 0.504162
vt 0.795974 0.272611
vt 0.078010 0.502171
vt 0.790671 0.280890
vt 0.094208 0.503230
vt 0.783843 0.287987
vt 0.109851 0.507268
vt 0.775754 0.293630
vt 0.124430 0.514132
vt 0.766715 0.297559
vt 0.137456 0.523580
vt 0.757065 0.299681
vt 0.148490 0.535295
vt 0.747208 0.299831
vt 0.157151 0.548885
vt 0.737473 0.298093
vt 0.163125 0.563897
vt 0.728266 0.294486
vt 0.166182 0.579824
vt 0.720001 0.289083
vt 0.166182 0.596121
vt 0.712900 0.282239
vt 0.163082 0.612224
vt 0.707328 0.274170
vt 0.156952 0.627585
vt 0.703440 0.265200
vt 0.147932 0.641641
vt 0.701362 0.255602
vt 0.135179 0.652423
vt 0.701196 0.245765
vt 0.120761 0.660505
vt 0.702950 0.236078
vt 0.105215 0.665682
vt 0.706558 0.226914
vt 0.089073 0.667819
vt 0.711898 0.218661
vt 0.072898 0.666884
vt 0.718734 0.211613
vt 0.057244 0.662943
vt 0.726810 0.206030
vt 0.042640 0.656155
vt 0.181993 0.529201
vt 0.183575 0.529848
vt 0.186185 0.521542
vt 0.180602 0.528209
vt 0.179389 0.527007
vt 0.178486 0.525559
vt 0.177826 0.523987
vt 0.177485 0.522312
vt 0.177533 0.520603
vt 0.177853 0.518924
vt 0.178545 0.517361
vt 0.179477 0.515927
vt 0.180709 0.514738
vt 0.182145 0.513808
vt 0.183732 0.513174
vt 0.185412 0.512860
vt 0.187120 0.512879
vt 0.188792 0.513231
vt 0.190361 0.513903
vt 0.191767 0.514870
vt 0.192953 0.516095
vt 0.193870 0.517529
vt 0.194545 0.519096
vt 0.194897 0.520772
vt 0.194852 0.522483
vt 0.194534 0.524166
vt 0.193838 0.525730
vt 0.192900 0.527164
vt 0.191658 0.528345
vt 0.190214 0.529259
vt 0.188640 0.529929
vt 0.186954 0.530218
vt 0.185250 0.530170
vt 0.228191 0.268126
vt 0.208582 0.283885
vt 0.188208 0.300240
vt 0.166579 0.317401
vt 0.143253 0.335843
vt 0.117475 0.356564
vt 0.087348 0.380285
vt 0.710626 0.122219
vt 0.719559 0.150908
vt 0.727923 0.177209
vt 0.231615 0.271605
vt 0.215420 0.290919
vt 0.198652 0.310893
vt 0.180756 0.331920
vt 0.161311 0.354632
vt 0.139785 0.380260
vt 0.115341 0.408938
vt 0.085569 0.443373
vt 0.724061 0.000452
vt 0.728688 0.045675
vt 0.732898 0.083634
vt 0.736257 0.116835
vt 0.739447 0.146610
vt 0.742534 0.174190
vt 0.064542 0.592912
vt 0.071728 0.587752
vt 0.176821 0.538570
vt 0.235643 0.274366
vt 0.223507 0.296495
vt 0.210945 0.319304
vt 0.197472 0.343419
vt 0.182768 0.369528
vt 0.166808 0.398733
vt 0.148331 0.431629
vt 0.773265 0.000362
vt 0.125900 0.472166
vt 0.768932 0.045084
vt 0.765497 0.083589
vt 0.762393 0.116567
vt 0.759826 0.146265
vt 0.757447 0.173897
vt 0.062633 0.589655
vt 0.070636 0.585990
vt 0.173658 0.536440
vt 0.240137 0.276290
vt 0.232550 0.300335
vt 0.224633 0.325171
vt 0.216104 0.351447
vt 0.206746 0.379997
vt 0.196747 0.411713
vt 0.184902 0.447813
vt 0.171705 0.490581
vt 0.821039 0.010002
vt 0.808351 0.052630
vt 0.797521 0.089301
vt 0.788145 0.121204
vt 0.779758 0.150146
vt 0.772158 0.176542
vt 0.061433 0.586119
vt 0.069895 0.584081
vt 0.171030 0.533679
vt 0.244922 0.277285
vt 0.242160 0.302345
vt 0.239211 0.328271
vt 0.235928 0.355661
vt 0.232346 0.385696
vt 0.228554 0.418683
vt 0.223767 0.456527
vt 0.865340 0.028276
vt 0.218706 0.499650
vt 0.845536 0.067236
vt 0.827856 0.101243
vt 0.812539 0.130802
vt 0.798655 0.157501
vt 0.785995 0.182123
vt 0.060877 0.582469
vt 0.069529 0.582092
vt 0.168923 0.530502
vt 0.249810 0.277330
vt 0.251978 0.302447
vt 0.254133 0.328483
vt 0.256271 0.356224
vt 0.258647 0.386367
vt 0.261072 0.419331
vt 0.263497 0.457325
vt 0.266174 0.501448
vt 0.906525 0.053285
vt 0.879059 0.089062
vt 0.855265 0.118929
vt 0.834701 0.144904
vt 0.815752 0.168481
vt 0.798584 0.190128
vt 0.061015 0.578828
vt 0.069545 0.580094
vt 0.167552 0.526946
vt 0.254619 0.276437
vt 0.261653 0.300707
vt 0.268880 0.325933
vt 0.276408 0.352730
vt 0.284496 0.381620
vt 0.293230 0.413883
vt 0.302880 0.450866
vt 0.313893 0.494336
vt 0.943359 0.086713
vt 0.907770 0.117185
vt 0.879018 0.141579
vt 0.853447 0.163343
vt 0.830389 0.182609
vt 0.809254 0.200565
vt 0.061871 0.575336
vt 0.069943 0.578176
vt 0.166905 0.523228
vt 0.259158 0.274608
vt 0.270783 0.297028
vt 0.282827 0.320369
vt 0.295405 0.345157
vt 0.308986 0.372078
vt 0.323917 0.402245
vt 0.340678 0.436940
vt 0.360090 0.478058
vt 0.971519 0.128364
vt 0.931285 0.150147
vt 0.897385 0.168776
vt 0.868130 0.185025
vt 0.841958 0.199351
vt 0.817822 0.212780
vt 0.063353 0.572112
vt 0.070702 0.576420
vt 0.166912 0.519457
vt 0.263255 0.271925
vt 0.279075 0.291689
vt 0.295430 0.312194
vt 0.312550 0.334035
vt 0.331192 0.357858
vt 0.351976 0.384706
vt 0.375431 0.415711
vt 0.402922 0.452748
vt 0.990333 0.174185
vt 0.947092 0.187356
vt 0.910409 0.198769
vt 0.878771 0.208908
vt 0.850067 0.217956
vt 0.823858 0.226437
vt 0.065361 0.569241
vt 0.071797 0.574848
vt 0.167727 0.515777
vt 0.266765 0.268505
vt 0.286108 0.284772
vt 0.306227 0.301718
vt 0.327517 0.319956
vt 0.350535 0.339741
vt 0.375819 0.361672
vt 0.405588 0.387697
vt 0.440515 0.418908
vt 0.999638 0.222083
vt 0.955370 0.226649
vt 0.917481 0.230692
vt 0.884048 0.234507
vt 0.854408 0.237769
vt 0.826979 0.241032
vt 0.067905 0.566848
vt 0.073195 0.573548
vt 0.169162 0.512302
vt 0.269524 0.264453
vt 0.291720 0.276651
vt 0.314733 0.289304
vt 0.339194 0.302964
vt 0.365746 0.317884
vt 0.395413 0.334714
vt 0.428967 0.353651
vt 0.471013 0.377342
vt 0.999638 0.269997
vt 0.956166 0.266594
vt 0.918060 0.263374
vt 0.884685 0.260574
vt 0.854860 0.258115
vt 0.827192 0.255928
vt 0.070912 0.564926
vt 0.074834 0.572550
vt 0.171305 0.509219
vt 0.271438 0.259941
vt 0.295558 0.267556
vt 0.320629 0.275463
vt 0.347311 0.284008
vt 0.376316 0.293402
vt 0.408687 0.303958
vt 0.445815 0.316013
vt 0.490624 0.329849
vt 0.992227 0.317427
vt 0.948920 0.305873
vt 0.912365 0.295533
vt 0.880154 0.286314
vt 0.851362 0.278205
vt 0.824631 0.270596
vt 0.074289 0.563611
vt 0.173935 0.506563
vt 0.076669 0.571896
vt 0.272454 0.255143
vt 0.297621 0.257902
vt 0.323650 0.260748
vt 0.351548 0.263818
vt 0.381845 0.267316
vt 0.415623 0.271266
vt 0.454426 0.275758
vt 0.500396 0.280388
vt 0.975564 0.363780
vt 0.934134 0.343063
vt 0.900647 0.326208
vt 0.870737 0.310822
vt 0.843776 0.297080
vt 0.819224 0.284491
vt 0.077903 0.562967
vt 0.078628 0.571612
vt 0.177046 0.504453
vt 0.272494 0.250235
vt 0.297764 0.248015
vt 0.323885 0.245752
vt 0.351678 0.243235
vt 0.382153 0.240660
vt 0.415967 0.237934
vt 0.454959 0.234750
vt 0.500396 0.230500
vt 0.948596 0.405225
vt 0.913090 0.377300
vt 0.882801 0.353838
vt 0.856586 0.332993
vt 0.832923 0.314238
vt 0.811204 0.297127
vt 0.081617 0.563032
vt 0.080640 0.571715
vt 0.180523 0.502980
vt 0.271572 0.245415
vt 0.295909 0.238294
vt 0.321162 0.230970
vt 0.348086 0.222977
vt 0.377161 0.214549
vt 0.409684 0.205378
vt 0.447820 0.194373
vt 0.490836 0.182069
vt 0.914764 0.440177
vt 0.885650 0.406943
vt 0.860028 0.377362
vt 0.838408 0.352035
vt 0.818860 0.329024
vt 0.800759 0.307860
vt 0.085288 0.563814
vt 0.184236 0.502207
vt 0.082625 0.572205
vt 0.269726 0.240869
vt 0.292192 0.229124
vt 0.315557 0.216989
vt 0.340290 0.203882
vt 0.367316 0.189899
vt 0.397612 0.174467
vt 0.432203 0.156417
vt 0.875550 0.469424
vt 0.473412 0.135602
vt 0.852420 0.430084
vt 0.833352 0.396406
vt 0.816867 0.367345
vt 0.802118 0.340779
vt 0.788537 0.316478
vt 0.088743 0.565336
vt 0.084501 0.573061
vt 0.188042 0.502171
vt 0.267027 0.236773
vt 0.286754 0.220861
vt 0.307300 0.204368
vt 0.328930 0.186731
vt 0.352756 0.167623
vt 0.379543 0.146315
vt 0.409375 0.122314
vt 0.446617 0.092413
vt 0.830196 0.491129
vt 0.815165 0.446340
vt 0.803185 0.410159
vt 0.792570 0.377752
vt 0.783383 0.349001
vt 0.774804 0.322566
vt 0.091904 0.567473
vt 0.086195 0.574259
vt 0.191797 0.502881
vt 0.263581 0.233286
vt 0.279801 0.213831
vt 0.296729 0.193580
vt 0.314422 0.172247
vt 0.334012 0.148645
vt 0.355896 0.122601
vt 0.380825 0.092776
vt 0.410341 0.056606
vt 0.780685 0.501573
vt 0.775386 0.455935
vt 0.770741 0.416857
vt 0.766784 0.383647
vt 0.763342 0.353481
vt 0.760100 0.325674
vt 0.094611 0.570191
vt 0.087647 0.575757
vt 0.195355 0.504318
vt 0.259521 0.230542
vt 0.271610 0.208314
vt 0.284188 0.185176
vt 0.297519 0.160635
vt 0.311877 0.133822
vt 0.328171 0.104015
vt 0.346779 0.069809
vt 0.368367 0.028901
vt 0.731117 0.501986
vt 0.734397 0.457069
vt 0.737631 0.417909
vt 0.740323 0.383885
vt 0.742759 0.353924
vt 0.745072 0.326024
vt 0.096752 0.573389
vt 0.198576 0.506434
vt 0.088798 0.577500
vt 0.255008 0.228645
vt 0.262507 0.204521
vt 0.270271 0.179402
vt 0.278554 0.152549
vt 0.287357 0.123694
vt 0.297439 0.091285
vt 0.308945 0.054115
vt 0.322065 0.009942
vt 0.681894 0.494487
vt 0.693990 0.449643
vt 0.704901 0.411968
vt 0.714153 0.379481
vt 0.722591 0.350067
vt 0.730232 0.323394
vt 0.098237 0.576947
vt 0.089602 0.579420
vt 0.201332 0.509155
vt 0.250211 0.227666
vt 0.252854 0.202506
vt 0.255530 0.176315
vt 0.258335 0.148637
vt 0.261407 0.118541
vt 0.264886 0.084854
vt 0.268837 0.046181
vt 0.273032 0.000362
vt 0.633625 0.476888
vt 0.655685 0.434194
vt 0.673798 0.399784
vt 0.689601 0.369365
vt 0.703447 0.342641
vt 0.716284 0.317765
vt 0.099000 0.580722
vt 0.090025 0.581445
vt 0.203510 0.512387
vt 0.245316 0.227625
vt 0.242984 0.202426
vt 0.240489 0.176348
vt 0.237868 0.148690
vt 0.235011 0.118638
vt 0.231761 0.084970
vt 0.227985 0.046278
vt 0.223049 0.000603
vt 0.590992 0.447861
vt 0.620968 0.411724
vt 0.645765 0.381481
vt 0.667242 0.355091
vt 0.686347 0.331304
vt 0.703614 0.309676
vt 0.099008 0.584563
vt 0.090049 0.583492
vt 0.204929 0.516006
vt 0.247597 0.252483
vt 0.240514 0.228559
vt 0.233318 0.204350
vt 0.225793 0.179283
vt 0.217856 0.152727
vt 0.209263 0.123964
vt 0.199395 0.091628
vt 0.187969 0.054367
vt 0.174097 0.010857
vt 0.555716 0.411588
vt 0.591820 0.382627
vt 0.622036 0.358063
vt 0.648243 0.336524
vt 0.671607 0.317114
vt 0.692899 0.299145
vt 0.098222 0.588301
vt 0.205601 0.519787
vt 0.089673 0.585464
vt 0.235990 0.230411
vt 0.224234 0.208114
vt 0.211964 0.185007
vt 0.199070 0.160557
vt 0.184849 0.133775
vt 0.168806 0.104053
vt 0.150663 0.070548
vt 0.128587 0.030669
vt 0.528587 0.369646
vt 0.569247 0.348549
vt 0.603490 0.330533
vt 0.633327 0.314640
vt 0.660014 0.300247
vt 0.684332 0.286843
vt 0.096742 0.591793
vt 0.088906 0.587292
vt 0.205601 0.523618
vt 0.231906 0.233093
vt 0.216025 0.213508
vt 0.199539 0.193302
vt 0.181983 0.171679
vt 0.162867 0.148341
vt 0.141673 0.122710
vt 0.117321 0.093167
vt 0.088119 0.058582
vt 0.510271 0.323710
vt 0.553912 0.310975
vt 0.590730 0.300028
vt 0.623020 0.290315
vt 0.651938 0.281465
vt 0.678458 0.273042
vt 0.094608 0.594881
vt 0.087779 0.588918
vt 0.204774 0.527355
vt 0.228436 0.236530
vt 0.209086 0.220441
vt 0.189029 0.203846
vt 0.167631 0.186177
vt 0.144423 0.167070
vt 0.118670 0.145955
vt 0.089113 0.121749
vt 0.053907 0.093611
vt 0.501119 0.275519
vt 0.546253 0.271377
vt 0.584082 0.267706
vt 0.617684 0.264489
vt 0.647683 0.261427
vt 0.675440 0.258390
vt 0.091842 0.597429
vt 0.086329 0.590256
vt 0.203312 0.530883
vt 0.225702 0.240576
vt 0.203563 0.228545
vt 0.180650 0.216144
vt 0.156472 0.203124
vt 0.129960 0.188916
vt 0.100701 0.173187
vt 0.067009 0.155195
vt 0.501235 0.226502
vt 0.027213 0.134563
vt 0.545971 0.231099
vt 0.584460 0.234898
vt 0.617550 0.238201
vt 0.647418 0.240944
vt 0.675184 0.243468
vt 0.088574 0.599398
vt 0.201126 0.534009
vt 0.084625 0.591267
vt 0.223793 0.245069
vt 0.199714 0.237575
vt 0.174802 0.229840
vt 0.148594 0.221696
vt 0.120106 0.213044
vt 0.088531 0.203248
vt 0.051718 0.192158
vt 0.009266 0.179847
vt 0.510972 0.178638
vt 0.553789 0.191645
vt 0.590538 0.202834
vt 0.622325 0.212304
vt 0.651412 0.220945
vt 0.677890 0.228780
vt 0.084943 0.600665
vt 0.198435 0.536700
vt 0.082726 0.591910
vt 0.222814 0.249851
vt 0.197765 0.247193
vt 0.171851 0.244438
vt 0.144419 0.241475
vt 0.115138 0.238403
vt 0.081817 0.234909
vt 0.043950 0.231221
vt 0.529547 0.133952
vt 0.000957 0.227061
vt 0.568765 0.154349
vt 0.602665 0.172411
vt 0.632476 0.188102
vt 0.658934 0.202106
vt 0.683398 0.214908
vt 0.081113 0.601172
vt 0.195246 0.538831
vt 0.080712 0.592159
vt 0.222785 0.254729
vt 0.197719 0.256995
vt 0.171786 0.259315
vt 0.144340 0.261708
vt 0.114705 0.264230
vt 0.081567 0.267324
vt 0.044098 0.270820
vt 0.000362 0.274547
vt 0.555437 0.092128
vt 0.591271 0.121023
vt 0.620710 0.145060
vt 0.646681 0.166172
vt 0.669991 0.185087
vt 0.691494 0.202338
vt 0.077252 0.600904
vt 0.191676 0.540220
vt 0.078664 0.592006
vt 0.223706 0.259517
vt 0.199577 0.266611
vt 0.174600 0.273914
vt 0.148136 0.281568
vt 0.119395 0.289781
vt 0.087374 0.299285
vt 0.051539 0.309613
vt 0.008836 0.321590
vt 0.590653 0.057450
vt 0.619292 0.092226
vt 0.643626 0.121640
vt 0.664958 0.147402
vt 0.684146 0.170490
vt 0.701992 0.191696
vt 0.073520 0.599882
vt 0.187925 0.540963
vt 0.076665 0.591456
vt 0.225526 0.264041
vt 0.203265 0.275673
vt 0.180189 0.287689
vt 0.155716 0.300308
vt 0.129032 0.313994
vt 0.099662 0.329425
vt 0.065944 0.346565
vt 0.026058 0.366538
vt 0.630983 0.030701
vt 0.652358 0.069468
vt 0.670613 0.103094
vt 0.686553 0.132557
vt 0.700902 0.158951
vt 0.714233 0.183181
vt 0.070095 0.598121
vt 0.184069 0.540957
vt 0.074794 0.590539
vt 0.051868 0.407783
vt 0.675514 0.010254
vt 0.689461 0.054311
vt 0.700722 0.090088
vt 0.067056 0.595774
vt 0.180308 0.540115
vt 0.073131 0.589288
vt 0.745440 0.200037
vt 0.018485 0.635090
vt 0.735827 0.202120
vt 0.029573 0.646761
vt 0.755261 0.199933
vt 0.009755 0.621531
vt 0.764942 0.201671
vt 0.003687 0.606533
vt 0.774105 0.205261
vt 0.000507 0.590582
vt 0.782349 0.210624
vt 0.000362 0.574207
vt 0.789389 0.217485
vt 0.003308 0.557954
vt 0.795033 0.225518
vt 0.009335 0.542359
vt 0.799002 0.234497
vt 0.018314 0.527956
vt 0.801080 0.244106
vt 0.031419 0.517185
vt 0.801247 0.253897
vt 0.046085 0.509189
vt 0.799539 0.263491
vt 0.061789 0.504162
vt 0.795974 0.272611
vt 0.078010 0.502171
vt 0.790671 0.280890
vt 0.094208 0.503230
vt 0.783843 0.287987
vt 0.109851 0.507268
vt 0.775754 0.293630
vt 0.124430 0.514132
vt 0.766715 0.297559
vt 0.137456 0.523580
vt 0.757065 0.299681
vt 0.148490 0.535295
vt 0.747208 0.299831
vt 0.157151 0.548885
vt 0.737473 0.298093
vt 0.163125 0.563897
vt 0.728266 0.294486
vt 0.166182 0.579824
vt 0.720001 0.289083
vt 0.166182 0.596121
vt 0.712900 0.282239
vt 0.163082 0.612224
vt 0.707328 0.274170
vt 0.156952 0.627585
vt 0.703440 0.265200
vt 0.147932 0.641641
vt 0.701362 0.255602
vt 0.135179 0.652423
vt 0.701196 0.245765
vt 0.120761 0.660505
vt 0.702950 0.236078
vt 0.105215 0.665682
vt 0.706558 0.226914
vt 0.089073 0.667819
vt 0.711898 0.218661
vt 0.072898 0.666884
vt 0.718734 0.211613
vt 0.057244 0.662943
vt 0.726810 0.206030
vt 0.042640 0.656155
vt 0.181993 0.529201
vt 0.183575 0.529848
vt 0.186185 0.521542
vt 0.180602 0.528209
vt 0.179389 0.527007
vt 0.178486 0.525559
vt 0.177826 0.523987
vt 0.177485 0.522312
vt 0.177533 0.520603
vt 0.177853 0.518924
vt 0.178545 0.517361
vt 0.179477 0.515927
vt 0.180709 0.514738
vt 0.182145 0.513808
vt 0.183732 0.513174
vt 0.185412 0.512860
vt 0.187120 0.512879
vt 0.188792 0.513231
vt 0.190361 0.513903
vt 0.191767 0.514870
vt 0.192953 0.516095
vt 0.193870 0.517529
vt 0.194545 0.519096
vt 0.194897 0.520772
vt 0.194852 0.522483
vt 0.194534 0.524166
vt 0.193838 0.525730
vt 0.192900 0.527164
vt 0.191658 0.528345
vt 0.190214 0.529259
vt 0.188640 0.529929
vt 0.186954 0.530218
vt 0.185250 0.530170
s 1
usemtl Ojos
f 2472/2670/2463 2471/2669/2464 2484/2683/2465 2485/2684/2466
f 2468/2666/2467 2467/2665/2468 2477/2675/2469 2478/2676/2470
f 2945/3208/2471 2472/2670/2463 2485/2684/2466 2944/3206/2472
f 2469/2667/2473 2468/2666/2467 2478/2676/2470 2479/2677/2474
f 2943/3205/2475 2942/3203/2476 2486/2685/2477 2487/2686/2478
f 2939/3199/2479 2469/2667/2473 2479/2677/2474 2480/2678/2480
f 2463/2661/2481 2788/3028/2482 2473/2671/2483
f 2637/2856/2484 2652/2874/2485 2989/3283/2486 2988/3282/2487
f 2940/3201/2488 2939/3200/2479 2480/2679/2480 2481/2680/2489
f 2464/2662/2490 2463/2661/2481 2473/2671/2483 2474/2672/2491
f 2941/3202/2492 2940/3201/2488 2481/2680/2489 2482/2681/2493
f 2465/2663/2494 2464/2662/2490 2474/2672/2491 2475/2673/2495
f 2470/2668/2496 2941/3202/2492 2482/2681/2493 2483/2682/2497
f 2466/2664/2498 2465/2663/2494 2475/2673/2495 2476/2674/2499
f 2471/2669/2464 2470/2668/2496 2483/2682/2497 2484/2683/2465
f 2467/2665/2468 2466/2664/2498 2476/2674/2499 2477/2675/2469
f 2484/2683/2465 2483/2682/2497 2498/2699/2500 2499/2700/2501
f 2477/2675/2469 2476/2674/2499 2491/2691/2502 2492/2692/2503
f 2485/2684/2466 2484/2683/2465 2499/2700/2501 2500/2701/2504
f 2478/2676/2470 2477/2675/2469 2492/2692/2503 2493/2693/2505
f 2944/3206/2472 2485/2684/2466 2500/2701/2504 2946/3210/2506
f 2479/2677/2474 2478/2676/2470 2493/2693/2505 2494/2694/2507
f 2487/2686/2478 2486/2685/2477 2501/2702/2508 2502/2703/2509
f 2480/2678/2480 2479/2677/2474 2494/2694/2507 2495/2696/2510
f 2473/2671/2483 2788/3028/2482 2488/2688/2511
f 2562/2772/2512 2577/2789/2513 2984/3278/2514 2983/3277/2515
f 2481/2680/2489 2480/2679/2480 2495/2695/2510 2496/2697/2516
f 2474/2672/2491 2473/2671/2483 2488/2688/2511 2489/2689/2517
f 2482/2681/2493 2481/2680/2489 2496/2697/2516 2497/2698/2518
f 2475/2673/2495 2474/2672/2491 2489/2689/2517 2490/2690/2519
f 2483/2682/2497 2482/2681/2493 2497/2698/2518 2498/2699/2500
f 2476/2674/2499 2475/2673/2495 2490/2690/2519 2491/2691/2502
f 2488/2688/2511 2788/3028/2482 2503/2705/2520
f 2622/2840/2521 2637/2856/2484 2988/3282/2487 2987/3281/2522
f 2496/2697/2516 2495/2695/2510 2510/2713/2523 2511/2714/2524
f 2489/2689/2517 2488/2688/2511 2503/2705/2520 2504/2706/2525
f 2497/2698/2518 2496/2697/2516 2511/2714/2524 2512/2715/2526
f 2490/2690/2519 2489/2689/2517 2504/2706/2525 2505/2707/2527
f 2498/2699/2500 2497/2698/2518 2512/2715/2526 2513/2716/2528
f 2491/2691/2502 2490/2690/2519 2505/2707/2527 2506/2708/2529
f 2499/2700/2501 2498/2699/2500 2513/2716/2528 2514/2717/2530
f 2492/2692/2503 2491/2691/2502 2506/2708/2529 2507/2709/2531
f 2500/2701/2504 2499/2700/2501 2514/2717/2530 2515/2718/2532
f 2493/2693/2505 2492/2692/2503 2507/2709/2531 2508/2710/2533
f 2946/3210/2506 2500/2701/2504 2515/2718/2532 2947/3212/2534
f 2494/2694/2507 2493/2693/2505 2508/2710/2533 2509/2711/2535
f 2502/2703/2509 2501/2702/2508 2516/2719/2536 2517/2720/2537
f 2495/2696/2510 2494/2694/2507 2509/2711/2535 2510/2712/2523
f 2507/2709/2531 2506/2708/2529 2521/2725/2538 2522/2726/2539
f 2515/2718/2532 2514/2717/2530 2529/2734/2540 2530/2735/2541
f 2508/2710/2533 2507/2709/2531 2522/2726/2539 2523/2727/2542
f 2947/3212/2534 2515/2718/2532 2530/2735/2541 2948/3214/2543
f 2509/2711/2535 2508/2710/2533 2523/2727/2542 2524/2728/2544
f 2517/2720/2537 2516/2719/2536 2531/2736/2545 2532/2737/2546
f 2510/2712/2523 2509/2711/2535 2524/2728/2544 2525/2730/2547
f 2503/2705/2520 2788/3028/2482 2518/2722/2548
f 2682/2907/2549 2697/2925/2550 2992/3286/2551 2991/3285/2552
f 2511/2714/2524 2510/2713/2523 2525/2729/2547 2526/2731/2553
f 2504/2706/2525 2503/2705/2520 2518/2722/2548 2519/2723/2554
f 2512/2715/2526 2511/2714/2524 2526/2731/2553 2527/2732/2555
f 2505/2707/2527 2504/2706/2525 2519/2723/2554 2520/2724/2556
f 2513/2716/2528 2512/2715/2526 2527/2732/2555 2528/2733/2557
f 2506/2708/2529 2505/2707/2527 2520/2724/2556 2521/2725/2538
f 2514/2717/2530 2513/2716/2528 2528/2733/2557 2529/2734/2540
f 2526/2731/2553 2525/2729/2547 2540/2747/2558 2541/2748/2559
f 2519/2723/2554 2518/2722/2548 2533/2739/2560 2534/2740/2561
f 2527/2732/2555 2526/2731/2553 2541/2748/2559 2542/2749/2562
f 2520/2724/2556 2519/2723/2554 2534/2740/2561 2535/2741/2563
f 2528/2733/2557 2527/2732/2555 2542/2749/2562 2543/2750/2564
f 2521/2725/2538 2520/2724/2556 2535/2741/2563 2536/2742/2565
f 2529/2734/2540 2528/2733/2557 2543/2750/2564 2544/2751/2566
f 2522/2726/2539 2521/2725/2538 2536/2742/2565 2537/2743/2567
f 2530/2735/2541 2529/2734/2540 2544/2751/2566 2545/2752/2568
f 2523/2727/2542 2522/2726/2539 2537/2743/2567 2538/2744/2569
f 2948/3214/2543 2530/2735/2541 2545/2752/2568 2949/3216/2570
f 2524/2728/2544 2523/2727/2542 2538/2744/2569 2539/2745/2571
f 2532/2737/2546 2531/2736/2545 2546/2753/2572 2547/2754/2573
f 2525/2730/2547 2524/2728/2544 2539/2745/2571 2540/2746/2558
f 2518/2722/2548 2788/3028/2482 2533/2739/2560
f 2667/2891/2574 2682/2907/2549 2991/3285/2552 2990/3284/2575
f 2545/2752/2568 2544/2751/2566 2559/2768/2576 2560/2769/2577
f 2538/2744/2569 2537/2743/2567 2552/2760/2578 2553/2761/2579
f 2949/3216/2570 2545/2752/2568 2560/2769/2577 2950/3218/2580
f 2539/2745/2571 2538/2744/2569 2553/2761/2579 2554/2762/2581
f 2547/2754/2573 2546/2753/2572 2561/2770/2582 2562/2771/2512
f 2540/2746/2558 2539/2745/2571 2554/2762/2581 2555/2763/2583
f 2533/2739/2560 2788/3028/2482 2548/2756/2584
f 2878/3129/2585 2893/3146/2586 3005/3299/2587 3004/3298/2588
f 2541/2748/2559 2540/2747/2558 2555/2764/2583 2556/2765/2589
f 2534/2740/2561 2533/2739/2560 2548/2756/2584 2549/2757/2590
f 2542/2749/2562 2541/2748/2559 2556/2765/2589 2557/2766/2591
f 2535/2741/2563 2534/2740/2561 2549/2757/2590 2550/2758/2592
f 2543/2750/2564 2542/2749/2562 2557/2766/2591 2558/2767/2593
f 2536/2742/2565 2535/2741/2563 2550/2758/2592 2551/2759/2594
f 2544/2751/2566 2543/2750/2564 2558/2767/2593 2559/2768/2576
f 2537/2743/2567 2536/2742/2565 2551/2759/2594 2552/2760/2578
f 2557/2766/2591 2556/2765/2589 2571/2782/2595 2572/2783/2596
f 2550/2758/2592 2549/2757/2590 2564/2774/2597 2565/2775/2598
f 2558/2767/2593 2557/2766/2591 2572/2783/2596 2573/2784/2599
f 2551/2759/2594 2550/2758/2592 2565/2775/2598 2566/2776/2600
f 2559/2768/2576 2558/2767/2593 2573/2784/2599 2574/2785/2601
f 2552/2760/2578 2551/2759/2594 2566/2776/2600 2567/2777/2602
f 2560/2769/2577 2559/2768/2576 2574/2785/2601 2575/2786/2603
f 2553/2761/2579 2552/2760/2578 2567/2777/2602 2568/2778/2604
f 2950/3218/2580 2560/2769/2577 2575/2786/2603 2951/3220/2605
f 2554/2762/2581 2553/2761/2579 2568/2778/2604 2569/2779/2606
f 2562/2771/2512 2561/2770/2582 2576/2787/2607 2577/2788/2513
f 2555/2763/2583 2554/2762/2581 2569/2779/2606 2570/2780/2608
f 2548/2756/2584 2788/3028/2482 2563/2773/2609
f 2487/2687/2478 2502/2704/2509 2979/3273/2610 2976/3270/2611
f 2556/2765/2589 2555/2764/2583 2570/2781/2608 2571/2782/2595
f 2549/2757/2590 2548/2756/2584 2563/2773/2609 2564/2774/2597
f 2951/3220/2605 2575/2786/2603 2590/2803/2612 2952/3222/2613
f 2569/2779/2606 2568/2778/2604 2583/2795/2614 2584/2796/2615
f 2577/2788/2513 2576/2787/2607 2591/2804/2616 2592/2805/2617
f 2570/2780/2608 2569/2779/2606 2584/2796/2615 2585/2797/2618
f 2563/2773/2609 2788/3028/2482 2578/2790/2619
f 2547/2755/2573 2562/2772/2512 2983/3277/2515 2982/3276/2620
f 2571/2782/2595 2570/2781/2608 2585/2798/2618 2586/2799/2621
f 2564/2774/2597 2563/2773/2609 2578/2790/2619 2579/2791/2622
f 2572/2783/2596 2571/2782/2595 2586/2799/2621 2587/2800/2623
f 2565/2775/2598 2564/2774/2597 2579/2791/2622 2580/2792/2624
f 2573/2784/2599 2572/2783/2596 2587/2800/2623 2588/2801/2625
f 2566/2776/2600 2565/2775/2598 2580/2792/2624 2581/2793/2626
f 2574/2785/2601 2573/2784/2599 2588/2801/2625 2589/2802/2627
f 2567/2777/2602 2566/2776/2600 2581/2793/2626 2582/2794/2628
f 2575/2786/2603 2574/2785/2601 2589/2802/2627 2590/2803/2612
f 2568/2778/2604 2567/2777/2602 2582/2794/2628 2583/2795/2614
f 2580/2792/2624 2579/2791/2622 2594/2808/2629 2595/2809/2630
f 2588/2801/2625 2587/2800/2623 2602/2817/2631 2603/2818/2632
f 2581/2793/2626 2580/2792/2624 2595/2809/2630 2596/2810/2633
f 2589/2802/2627 2588/2801/2625 2603/2818/2632 2604/2819/2634
f 2582/2794/2628 2581/2793/2626 2596/2810/2633 2597/2811/2635
f 2590/2803/2612 2589/2802/2627 2604/2819/2634 2605/2820/2636
f 2583/2795/2614 2582/2794/2628 2597/2811/2635 2598/2812/2637
f 2952/3222/2613 2590/2803/2612 2605/2820/2636 2953/3224/2638
f 2584/2796/2615 2583/2795/2614 2598/2812/2637 2599/2813/2639
f 2592/2805/2617 2591/2804/2616 2606/2821/2640 2607/2822/2641
f 2585/2797/2618 2584/2796/2615 2599/2813/2639 2600/2814/2642
f 2578/2790/2619 2788/3028/2482 2593/2807/2643
f 2742/2975/2644 2757/2993/2645 2996/3290/2646 2995/3289/2647
f 2586/2799/2621 2585/2798/2618 2600/2815/2642 2601/2816/2648
f 2579/2791/2622 2578/2790/2619 2593/2807/2643 2594/2808/2629
f 2587/2800/2623 2586/2799/2621 2601/2816/2648 2602/2817/2631
f 2599/2813/2639 2598/2812/2637 2613/2829/2649 2614/2830/2650
f 2607/2822/2641 2606/2821/2640 2621/2838/2651 2622/2839/2521
f 2600/2814/2642 2599/2813/2639 2614/2830/2650 2615/2831/2652
f 2593/2807/2643 2788/3028/2482 2608/2824/2653
f 2863/3112/2654 2878/3129/2585 3004/3298/2588 3003/3297/2655
f 2601/2816/2648 2600/2815/2642 2615/2832/2652 2616/2833/2656
f 2594/2808/2629 2593/2807/2643 2608/2824/2653 2609/2825/2657
f 2602/2817/2631 2601/2816/2648 2616/2833/2656 2617/2834/2658
f 2595/2809/2630 2594/2808/2629 2609/2825/2657 2610/2826/2659
f 2603/2818/2632 2602/2817/2631 2617/2834/2658 2618/2835/2660
f 2596/2810/2633 2595/2809/2630 2610/2826/2659 2611/2827/2661
f 2604/2819/2634 2603/2818/2632 2618/2835/2660 2619/2836/2662
f 2597/2811/2635 2596/2810/2633 2611/2827/2661 2612/2828/2663
f 2605/2820/2636 2604/2819/2634 2619/2836/2662 2620/2837/2664
f 2598/2812/2637 2597/2811/2635 2612/2828/2663 2613/2829/2649
f 2953/3224/2638 2605/2820/2636 2620/2837/2664 2954/3226/2665
f 2618/2835/2660 2617/2834/2658 2632/2851/2666 2633/2852/2667
f 2611/2827/2661 2610/2826/2659 2625/2843/2668 2626/2844/2669
f 2619/2836/2662 2618/2835/2660 2633/2852/2667 2634/2853/2670
f 2612/2828/2663 2611/2827/2661 2626/2844/2669 2627/2845/2671
f 2620/2837/2664 2619/2836/2662 2634/2853/2670 2635/2854/2672
f 2613/2829/2649 2612/2828/2663 2627/2845/2671 2628/2846/2673
f 2954/3226/2665 2620/2837/2664 2635/2854/2672 2955/3228/2674
f 2614/2830/2650 2613/2829/2649 2628/2846/2673 2629/2847/2675
f 2622/2839/2521 2621/2838/2651 2636/2855/2676 2637/2857/2484
f 2615/2831/2652 2614/2830/2650 2629/2847/2675 2630/2848/2677
f 2608/2824/2653 2788/3028/2482 2623/2841/2678
f 2532/2738/2546 2547/2755/2573 2982/3276/2620 2981/3275/2679
f 2616/2833/2656 2615/2832/2652 2630/2849/2677 2631/2850/2680
f 2609/2825/2657 2608/2824/2653 2623/2841/2678 2624/2842/2681
f 2617/2834/2658 2616/2833/2656 2631/2850/2680 2632/2851/2666
f 2610/2826/2659 2609/2825/2657 2624/2842/2681 2625/2843/2668
f 2637/2857/2484 2636/2855/2676 2651/2872/2682 2652/2873/2485
f 2630/2848/2677 2629/2847/2675 2644/2864/2683 2645/2865/2684
f 2623/2841/2678 2788/3028/2482 2638/2858/2685
f 2803/3044/2686 2818/3062/2687 3000/3294/2688 2999/3293/2689
f 2631/2850/2680 2630/2849/2677 2645/2866/2684 2646/2867/2690
f 2624/2842/2681 2623/2841/2678 2638/2858/2685 2639/2859/2691
f 2632/2851/2666 2631/2850/2680 2646/2867/2690 2647/2868/2692
f 2625/2843/2668 2624/2842/2681 2639/2859/2691 2640/2860/2693
f 2633/2852/2667 2632/2851/2666 2647/2868/2692 2648/2869/2694
f 2626/2844/2669 2625/2843/2668 2640/2860/2693 2641/2861/2695
f 2634/2853/2670 2633/2852/2667 2648/2869/2694 2649/2870/2696
f 2627/2845/2671 2626/2844/2669 2641/2861/2695 2642/2862/2697
f 2635/2854/2672 2634/2853/2670 2649/2870/2696 2650/2871/2698
f 2628/2846/2673 2627/2845/2671 2642/2862/2697 2643/2863/2699
f 2955/3228/2674 2635/2854/2672 2650/2871/2698 2956/3230/2700
f 2629/2847/2675 2628/2846/2673 2643/2863/2699 2644/2864/2683
f 2641/2861/2695 2640/2860/2693 2655/2877/2701 2656/2878/2702
f 2649/2870/2696 2648/2869/2694 2663/2886/2703 2664/2887/2704
f 2642/2862/2697 2641/2861/2695 2656/2878/2702 2657/2879/2705
f 2650/2871/2698 2649/2870/2696 2664/2887/2704 2665/2888/2706
f 2643/2863/2699 2642/2862/2697 2657/2879/2705 2658/2880/2707
f 2956/3230/2700 2650/2871/2698 2665/2888/2706 2957/3232/2708
f 2644/2864/2683 2643/2863/2699 2658/2880/2707 2659/2881/2709
f 2652/2873/2485 2651/2872/2682 2666/2889/2710 2667/2890/2574
f 2645/2865/2684 2644/2864/2683 2659/2881/2709 2660/2882/2711
f 2638/2858/2685 2788/3028/2482 2653/2875/2712
f 2923/3180/2713 2938/3197/2714 3008/3302/2715 3007/3301/2716
f 2646/2867/2690 2645/2866/2684 2660/2883/2711 2661/2884/2717
f 2639/2859/2691 2638/2858/2685 2653/2875/2712 2654/2876/2718
f 2647/2868/2692 2646/2867/2690 2661/2884/2717 2662/2885/2719
f 2640/2860/2693 2639/2859/2691 2654/2876/2718 2655/2877/2701
f 2648/2869/2694 2647/2868/2692 2662/2885/2719 2663/2886/2703
f 2660/2882/2711 2659/2881/2709 2674/2898/2720 2675/2899/2721
f 2653/2875/2712 2788/3028/2482 2668/2892/2722
f 2607/2823/2641 2622/2840/2521 2987/3281/2522 2986/3280/2723
f 2661/2884/2717 2660/2883/2711 2675/2900/2721 2676/2901/2724
f 2654/2876/2718 2653/2875/2712 2668/2892/2722 2669/2893/2725
f 2662/2885/2719 2661/2884/2717 2676/2901/2724 2677/2902/2726
f 2655/2877/2701 2654/2876/2718 2669/2893/2725 2670/2894/2727
f 2663/2886/2703 2662/2885/2719 2677/2902/2726 2678/2903/2728
f 2656/2878/2702 2655/2877/2701 2670/2894/2727 2671/2895/2729
f 2664/2887/2704 2663/2886/2703 2678/2903/2728 2679/2904/2730
f 2657/2879/2705 2656/2878/2702 2671/2895/2729 2672/2896/2731
f 2665/2888/2706 2664/2887/2704 2679/2904/2730 2680/2905/2732
f 2658/2880/2707 2657/2879/2705 2672/2896/2731 2673/2897/2733
f 2957/3232/2708 2665/2888/2706 2680/2905/2732 2958/3234/2734
f 2659/2881/2709 2658/2880/2707 2673/2897/2733 2674/2898/2720
f 2667/2890/2574 2666/2889/2710 2681/2906/2735 2682/2908/2549
f 2679/2904/2730 2678/2903/2728 2693/2920/2736 2694/2921/2737
f 2672/2896/2731 2671/2895/2729 2686/2912/2738 2687/2913/2739
f 2680/2905/2732 2679/2904/2730 2694/2921/2737 2695/2922/2740
f 2673/2897/2733 2672/2896/2731 2687/2913/2739 2688/2914/2741
f 2958/3234/2734 2680/2905/2732 2695/2922/2740 2959/3236/2742
f 2674/2898/2720 2673/2897/2733 2688/2914/2741 2689/2915/2743
f 2682/2908/2549 2681/2906/2735 2696/2923/2744 2697/2924/2550
f 2675/2899/2721 2674/2898/2720 2689/2915/2743 2690/2917/2745
f 2668/2892/2722 2788/3028/2482 2683/2909/2746
f 2727/2959/2747 2742/2975/2644 2995/3289/2647 2994/3288/2748
f 2676/2901/2724 2675/2900/2721 2690/2916/2745 2691/2918/2749
f 2669/2893/2725 2668/2892/2722 2683/2909/2746 2684/2910/2750
f 2677/2902/2726 2676/2901/2724 2691/2918/2749 2692/2919/2751
f 2670/2894/2727 2669/2893/2725 2684/2910/2750 2685/2911/2752
f 2678/2903/2728 2677/2902/2726 2692/2919/2751 2693/2920/2736
f 2671/2895/2729 2670/2894/2727 2685/2911/2752 2686/2912/2738
f 2787/3027/2753 2803/3044/2686 2999/3293/2689 2998/3292/2754
f 2691/2918/2749 2690/2916/2745 2705/2934/2755 2706/2935/2756
f 2684/2910/2750 2683/2909/2746 2698/2926/2757 2699/2927/2758
f 2692/2919/2751 2691/2918/2749 2706/2935/2756 2707/2936/2759
f 2685/2911/2752 2684/2910/2750 2699/2927/2758 2700/2928/2760
f 2693/2920/2736 2692/2919/2751 2707/2936/2759 2708/2937/2761
f 2686/2912/2738 2685/2911/2752 2700/2928/2760 2701/2929/2762
f 2694/2921/2737 2693/2920/2736 2708/2937/2761 2709/2938/2763
f 2687/2913/2739 2686/2912/2738 2701/2929/2762 2702/2930/2764
f 2695/2922/2740 2694/2921/2737 2709/2938/2763 2710/2939/2765
f 2688/2914/2741 2687/2913/2739 2702/2930/2764 2703/2931/2766
f 2959/3236/2742 2695/2922/2740 2710/2939/2765 2960/3238/2767
f 2689/2915/2743 2688/2914/2741 2703/2931/2766 2704/2932/2768
f 2697/2924/2550 2696/2923/2744 2711/2940/2769 2712/2941/2770
f 2690/2917/2745 2689/2915/2743 2704/2932/2768 2705/2933/2755
f 2683/2909/2746 2788/3028/2482 2698/2926/2757
f 2710/2939/2765 2709/2938/2763 2724/2955/2771 2725/2956/2772
f 2703/2931/2766 2702/2930/2764 2717/2947/2773 2718/2948/2774
f 2960/3238/2767 2710/2939/2765 2725/2956/2772 2961/3240/2775
f 2704/2932/2768 2703/2931/2766 2718/2948/2774 2719/2949/2776
f 2712/2941/2770 2711/2940/2769 2726/2957/2777 2727/2958/2747
f 2705/2933/2755 2704/2932/2768 2719/2949/2776 2720/2950/2778
f 2698/2926/2757 2788/3028/2482 2713/2943/2779
f 2938/3197/2714 2943/3204/2475 2977/3271/2780 3008/3302/2715
f 2706/2935/2756 2705/2934/2755 2720/2951/2778 2721/2952/2781
f 2699/2927/2758 2698/2926/2757 2713/2943/2779 2714/2944/2782
f 2707/2936/2759 2706/2935/2756 2721/2952/2781 2722/2953/2783
f 2700/2928/2760 2699/2927/2758 2714/2944/2782 2715/2945/2784
f 2708/2937/2761 2707/2936/2759 2722/2953/2783 2723/2954/2785
f 2701/2929/2762 2700/2928/2760 2715/2945/2784 2716/2946/2786
f 2709/2938/2763 2708/2937/2761 2723/2954/2785 2724/2955/2771
f 2702/2930/2764 2701/2929/2762 2716/2946/2786 2717/2947/2773
f 2714/2944/2782 2713/2943/2779 2728/2960/2787 2729/2961/2788
f 2722/2953/2783 2721/2952/2781 2736/2969/2789 2737/2970/2790
f 2715/2945/2784 2714/2944/2782 2729/2961/2788 2730/2962/2791
f 2723/2954/2785 2722/2953/2783 2737/2970/2790 2738/2971/2792
f 2716/2946/2786 2715/2945/2784 2730/2962/2791 2731/2963/2793
f 2724/2955/2771 2723/2954/2785 2738/2971/2792 2739/2972/2794
f 2717/2947/2773 2716/2946/2786 2731/2963/2793 2732/2964/2795
f 2725/2956/2772 2724/2955/2771 2739/2972/2794 2740/2973/2796
f 2718/2948/2774 2717/2947/2773 2732/2964/2795 2733/2965/2797
f 2961/3240/2775 2725/2956/2772 2740/2973/2796 2962/3242/2798
f 2719/2949/2776 2718/2948/2774 2733/2965/2797 2734/2966/2799
f 2727/2958/2747 2726/2957/2777 2741/2974/2800 2742/2976/2644
f 2720/2950/2778 2719/2949/2776 2734/2966/2799 2735/2967/2801
f 2713/2943/2779 2788/3028/2482 2728/2960/2787
f 2592/2806/2617 2607/2823/2641 2986/3280/2723 2985/3279/2802
f 2721/2952/2781 2720/2951/2778 2735/2968/2801 2736/2969/2789
f 2733/2965/2797 2732/2964/2795 2747/2981/2803 2748/2982/2804
f 2962/3242/2798 2740/2973/2796 2755/2990/2805 2963/3244/2806
f 2734/2966/2799 2733/2965/2797 2748/2982/2804 2749/2983/2807
f 2742/2976/2644 2741/2974/2800 2756/2991/2808 2757/2992/2645
f 2735/2967/2801 2734/2966/2799 2749/2983/2807 2750/2984/2809
f 2728/2960/2787 2788/3028/2482 2743/2977/2810
f 2652/2874/2485 2667/2891/2574 2990/3284/2575 2989/3283/2486
f 2736/2969/2789 2735/2968/2801 2750/2985/2809 2751/2986/2811
f 2729/2961/2788 2728/2960/2787 2743/2977/2810 2744/2978/2812
f 2737/2970/2790 2736/2969/2789 2751/2986/2811 2752/2987/2813
f 2730/2962/2791 2729/2961/2788 2744/2978/2812 2745/2979/2814
f 2738/2971/2792 2737/2970/2790 2752/2987/2813 2753/2988/2815
f 2731/2963/2793 2730/2962/2791 2745/2979/2814 2746/2980/2816
f 2739/2972/2794 2738/2971/2792 2753/2988/2815 2754/2989/2817
f 2732/2964/2795 2731/2963/2793 2746/2980/2816 2747/2981/2803
f 2740/2973/2796 2739/2972/2794 2754/2989/2817 2755/2990/2805
f 2752/2987/2813 2751/2986/2811 2766/3003/2818 2767/3004/2819
f 2745/2979/2814 2744/2978/2812 2759/2995/2820 2760/2996/2821
f 2753/2988/2815 2752/2987/2813 2767/3004/2819 2768/3005/2822
f 2746/2980/2816 2745/2979/2814 2760/2996/2821 2761/2997/2823
f 2754/2989/2817 2753/2988/2815 2768/3005/2822 2769/3006/2824
f 2747/2981/2803 2746/2980/2816 2761/2997/2823 2762/2998/2825
f 2755/2990/2805 2754/2989/2817 2769/3006/2824 2770/3007/2826
f 2748/2982/2804 2747/2981/2803 2762/2998/2825 2763/2999/2827
f 2963/3244/2806 2755/2990/2805 2770/3007/2826 2964/3246/2828
f 2749/2983/2807 2748/2982/2804 2763/2999/2827 2764/3000/2829
f 2757/2992/2645 2756/2991/2808 2771/3008/2830 2772/3009/2831
f 2750/2984/2809 2749/2983/2807 2764/3000/2829 2765/3001/2832
f 2743/2977/2810 2788/3028/2482 2758/2994/2833
f 2943/3204/2475 2487/2687/2478 2976/3270/2611 2977/3271/2780
f 2751/2986/2811 2750/2985/2809 2765/3002/2832 2766/3003/2818
f 2744/2978/2812 2743/2977/2810 2758/2994/2833 2759/2995/2820
f 2964/3246/2828 2770/3007/2826 2785/3024/2834 2965/3248/2835
f 2764/3000/2829 2763/2999/2827 2778/3016/2836 2779/3017/2837
f 2772/3009/2831 2771/3008/2830 2786/3025/2838 2787/3026/2753
f 2765/3001/2832 2764/3000/2829 2779/3017/2837 2780/3018/2839
f 2758/2994/2833 2788/3028/2482 2773/3011/2840
f 2848/3096/2841 2863/3112/2654 3003/3297/2655 3002/3296/2842
f 2766/3003/2818 2765/3002/2832 2780/3019/2839 2781/3020/2843
f 2759/2995/2820 2758/2994/2833 2773/3011/2840 2774/3012/2844
f 2767/3004/2819 2766/3003/2818 2781/3020/2843 2782/3021/2845
f 2760/2996/2821 2759/2995/2820 2774/3012/2844 2775/3013/2846
f 2768/3005/2822 2767/3004/2819 2782/3021/2845 2783/3022/2847
f 2761/2997/2823 2760/2996/2821 2775/3013/2846 2776/3014/2848
f 2769/3006/2824 2768/3005/2822 2783/3022/2847 2784/3023/2849
f 2762/2998/2825 2761/2997/2823 2776/3014/2848 2777/3015/2850
f 2770/3007/2826 2769/3006/2824 2784/3023/2849 2785/3024/2834
f 2763/2999/2827 2762/2998/2825 2777/3015/2850 2778/3016/2836
f 2775/3013/2846 2774/3012/2844 2790/3030/2851 2791/3031/2852
f 2783/3022/2847 2782/3021/2845 2798/3039/2853 2799/3040/2854
f 2776/3014/2848 2775/3013/2846 2791/3031/2852 2792/3032/2855
f 2784/3023/2849 2783/3022/2847 2799/3040/2854 2800/3041/2856
f 2777/3015/2850 2776/3014/2848 2792/3032/2855 2793/3033/2857
f 2785/3024/2834 2784/3023/2849 2800/3041/2856 2801/3042/2858
f 2778/3016/2836 2777/3015/2850 2793/3033/2857 2794/3034/2859
f 2965/3248/2835 2785/3024/2834 2801/3042/2858 2966/3250/2860
f 2779/3017/2837 2778/3016/2836 2794/3034/2859 2795/3035/2861
f 2787/3026/2753 2786/3025/2838 2802/3043/2862 2803/3045/2686
f 2780/3018/2839 2779/3017/2837 2795/3035/2861 2796/3036/2863
f 2773/3011/2840 2788/3028/2482 2789/3029/2864
f 2517/2721/2537 2532/2738/2546 2981/3275/2679 2980/3274/2865
f 2781/3020/2843 2780/3019/2839 2796/3037/2863 2797/3038/2866
f 2774/3012/2844 2773/3011/2840 2789/3029/2864 2790/3030/2851
f 2782/3021/2845 2781/3020/2843 2797/3038/2866 2798/3039/2853
f 2795/3035/2861 2794/3034/2859 2809/3051/2867 2810/3052/2868
f 2803/3045/2686 2802/3043/2862 2817/3060/2869 2818/3061/2687
f 2796/3036/2863 2795/3035/2861 2810/3052/2868 2811/3053/2870
f 2789/3029/2864 2788/3028/2482 2804/3046/2871
f 2908/3163/2872 2923/3180/2713 3007/3301/2716 3006/3300/2873
f 2797/3038/2866 2796/3037/2863 2811/3054/2870 2812/3055/2874
f 2790/3030/2851 2789/3029/2864 2804/3046/2871 2805/3047/2875
f 2798/3039/2853 2797/3038/2866 2812/3055/2874 2813/3056/2876
f 2791/3031/2852 2790/3030/2851 2805/3047/2875 2806/3048/2877
f 2799/3040/2854 2798/3039/2853 2813/3056/2876 2814/3057/2878
f 2792/3032/2855 2791/3031/2852 2806/3048/2877 2807/3049/2879
f 2800/3041/2856 2799/3040/2854 2814/3057/2878 2815/3058/2880
f 2793/3033/2857 2792/3032/2855 2807/3049/2879 2808/3050/2881
f 2801/3042/2858 2800/3041/2856 2815/3058/2880 2816/3059/2882
f 2794/3034/2859 2793/3033/2857 2808/3050/2881 2809/3051/2867
f 2966/3250/2860 2801/3042/2858 2816/3059/2882 2967/3252/2883
f 2814/3057/2878 2813/3056/2876 2828/3073/2884 2829/3074/2885
f 2807/3049/2879 2806/3048/2877 2821/3065/2886 2822/3066/2887
f 2815/3058/2880 2814/3057/2878 2829/3074/2885 2830/3075/2888
f 2808/3050/2881 2807/3049/2879 2822/3066/2887 2823/3067/2889
f 2816/3059/2882 2815/3058/2880 2830/3075/2888 2831/3076/2890
f 2809/3051/2867 2808/3050/2881 2823/3067/2889 2824/3068/2891
f 2967/3252/2883 2816/3059/2882 2831/3076/2890 2968/3254/2892
f 2810/3052/2868 2809/3051/2867 2824/3068/2891 2825/3069/2893
f 2818/3061/2687 2817/3060/2869 2832/3077/2894 2833/3078/2895
f 2811/3053/2870 2810/3052/2868 2825/3069/2893 2826/3070/2896
f 2804/3046/2871 2788/3028/2482 2819/3063/2897
f 2712/2942/2770 2727/2959/2747 2994/3288/2748 2993/3287/2898
f 2812/3055/2874 2811/3054/2870 2826/3071/2896 2827/3072/2899
f 2805/3047/2875 2804/3046/2871 2819/3063/2897 2820/3064/2900
f 2813/3056/2876 2812/3055/2874 2827/3072/2899 2828/3073/2884
f 2806/3048/2877 2805/3047/2875 2820/3064/2900 2821/3065/2886
f 2833/3078/2895 2832/3077/2894 2847/3094/2901 2848/3095/2841
f 2826/3070/2896 2825/3069/2893 2840/3086/2902 2841/3087/2903
f 2819/3063/2897 2788/3028/2482 2834/3080/2904
f 2772/3010/2831 2787/3027/2753 2998/3292/2754 2997/3291/2905
f 2827/3072/2899 2826/3071/2896 2841/3088/2903 2842/3089/2906
f 2820/3064/2900 2819/3063/2897 2834/3080/2904 2835/3081/2907
f 2828/3073/2884 2827/3072/2899 2842/3089/2906 2843/3090/2908
f 2821/3065/2886 2820/3064/2900 2835/3081/2907 2836/3082/2909
f 2829/3074/2885 2828/3073/2884 2843/3090/2908 2844/3091/2910
f 2822/3066/2887 2821/3065/2886 2836/3082/2909 2837/3083/2911
f 2830/3075/2888 2829/3074/2885 2844/3091/2910 2845/3092/2912
f 2823/3067/2889 2822/3066/2887 2837/3083/2911 2838/3084/2913
f 2831/3076/2890 2830/3075/2888 2845/3092/2912 2846/3093/2914
f 2824/3068/2891 2823/3067/2889 2838/3084/2913 2839/3085/2915
f 2968/3254/2892 2831/3076/2890 2846/3093/2914 2969/3256/2916
f 2825/3069/2893 2824/3068/2891 2839/3085/2915 2840/3086/2902
f 2845/3092/2912 2844/3091/2910 2859/3108/2917 2860/3109/2918
f 2838/3084/2913 2837/3083/2911 2852/3100/2919 2853/3101/2920
f 2846/3093/2914 2845/3092/2912 2860/3109/2918 2861/3110/2921
f 2839/3085/2915 2838/3084/2913 2853/3101/2920 2854/3102/2922
f 2969/3256/2916 2846/3093/2914 2861/3110/2921 2970/3258/2923
f 2840/3086/2902 2839/3085/2915 2854/3102/2922 2855/3103/2924
f 2848/3095/2841 2847/3094/2901 2862/3111/2925 2863/3113/2654
f 2841/3087/2903 2840/3086/2902 2855/3103/2924 2856/3105/2926
f 2834/3080/2904 2788/3028/2482 2849/3097/2927
f 2893/3146/2586 2908/3163/2872 3006/3300/2873 3005/3299/2587
f 2842/3089/2906 2841/3088/2903 2856/3104/2926 2857/3106/2928
f 2835/3081/2907 2834/3080/2904 2849/3097/2927 2850/3098/2929
f 2843/3090/2908 2842/3089/2906 2857/3106/2928 2858/3107/2930
f 2836/3082/2909 2835/3081/2907 2850/3098/2929 2851/3099/2931
f 2844/3091/2910 2843/3090/2908 2858/3107/2930 2859/3108/2917
f 2837/3083/2911 2836/3082/2909 2851/3099/2931 2852/3100/2919
f 2849/3097/2927 2788/3028/2482 2864/3114/2932
f 2502/2704/2509 2517/2721/2537 2980/3274/2865 2979/3273/2610
f 2857/3106/2928 2856/3104/2926 2871/3122/2933 2872/3123/2934
f 2850/3098/2929 2849/3097/2927 2864/3114/2932 2865/3115/2935
f 2858/3107/2930 2857/3106/2928 2872/3123/2934 2873/3124/2936
f 2851/3099/2931 2850/3098/2929 2865/3115/2935 2866/3116/2937
f 2859/3108/2917 2858/3107/2930 2873/3124/2936 2874/3125/2938
f 2852/3100/2919 2851/3099/2931 2866/3116/2937 2867/3117/2939
f 2860/3109/2918 2859/3108/2917 2874/3125/2938 2875/3126/2940
f 2853/3101/2920 2852/3100/2919 2867/3117/2939 2868/3118/2941
f 2861/3110/2921 2860/3109/2918 2875/3126/2940 2876/3127/2942
f 2854/3102/2922 2853/3101/2920 2868/3118/2941 2869/3119/2943
f 2970/3258/2923 2861/3110/2921 2876/3127/2942 2971/3260/2944
f 2855/3103/2924 2854/3102/2922 2869/3119/2943 2870/3120/2945
f 2863/3113/2654 2862/3111/2925 2877/3128/2946 2878/3130/2585
f 2856/3105/2926 2855/3103/2924 2870/3120/2945 2871/3121/2933
f 2868/3118/2941 2867/3117/2939 2882/3134/2947 2883/3135/2948
f 2876/3127/2942 2875/3126/2940 2890/3143/2949 2891/3144/2950
f 2869/3119/2943 2868/3118/2941 2883/3135/2948 2884/3136/2951
f 2971/3260/2944 2876/3127/2942 2891/3144/2950 2972/3262/2952
f 2870/3120/2945 2869/3119/2943 2884/3136/2951 2885/3137/2953
f 2878/3130/2585 2877/3128/2946 2892/3145/2954 2893/3147/2586
f 2871/3121/2933 2870/3120/2945 2885/3137/2953 2886/3139/2955
f 2864/3114/2932 2788/3028/2482 2879/3131/2956
f 2577/2789/2513 2592/2806/2617 2985/3279/2802 2984/3278/2514
f 2872/3123/2934 2871/3122/2933 2886/3138/2955 2887/3140/2957
f 2865/3115/2935 2864/3114/2932 2879/3131/2956 2880/3132/2958
f 2873/3124/2936 2872/3123/2934 2887/3140/2957 2888/3141/2959
f 2866/3116/2937 2865/3115/2935 2880/3132/2958 2881/3133/2960
f 2874/3125/2938 2873/3124/2936 2888/3141/2959 2889/3142/2961
f 2867/3117/2939 2866/3116/2937 2881/3133/2960 2882/3134/2947
f 2875/3126/2940 2874/3125/2938 2889/3142/2961 2890/3143/2949
f 2887/3140/2957 2886/3138/2955 2901/3156/2962 2902/3157/2963
f 2880/3132/2958 2879/3131/2956 2894/3148/2964 2895/3149/2965
f 2888/3141/2959 2887/3140/2957 2902/3157/2963 2903/3158/2966
f 2881/3133/2960 2880/3132/2958 2895/3149/2965 2896/3150/2967
f 2889/3142/2961 2888/3141/2959 2903/3158/2966 2904/3159/2968
f 2882/3134/2947 2881/3133/2960 2896/3150/2967 2897/3151/2969
f 2890/3143/2949 2889/3142/2961 2904/3159/2968 2905/3160/2970
f 2883/3135/2948 2882/3134/2947 2897/3151/2969 2898/3152/2971
f 2891/3144/2950 2890/3143/2949 2905/3160/2970 2906/3161/2972
f 2884/3136/2951 2883/3135/2948 2898/3152/2971 2899/3153/2973
f 2972/3262/2952 2891/3144/2950 2906/3161/2972 2973/3264/2974
f 2885/3137/2953 2884/3136/2951 2899/3153/2973 2900/3154/2975
f 2893/3147/2586 2892/3145/2954 2907/3162/2976 2908/3164/2872
f 2886/3139/2955 2885/3137/2953 2900/3154/2975 2901/3155/2962
f 2879/3131/2956 2788/3028/2482 2894/3148/2964
f 2697/2925/2550 2712/2942/2770 2993/3287/2898 2992/3286/2551
f 2906/3161/2972 2905/3160/2970 2920/3177/2977 2921/3178/2978
f 2899/3153/2973 2898/3152/2971 2913/3169/2979 2914/3170/2980
f 2973/3264/2974 2906/3161/2972 2921/3178/2978 2974/3266/2981
f 2900/3154/2975 2899/3153/2973 2914/3170/2980 2915/3171/2982
f 2908/3164/2872 2907/3162/2976 2922/3179/2983 2923/3181/2713
f 2901/3155/2962 2900/3154/2975 2915/3171/2982 2916/3172/2984
f 2894/3148/2964 2788/3028/2482 2909/3165/2985
f 2757/2993/2645 2772/3010/2831 2997/3291/2905 2996/3290/2646
f 2902/3157/2963 2901/3156/2962 2916/3173/2984 2917/3174/2986
f 2895/3149/2965 2894/3148/2964 2909/3165/2985 2910/3166/2987
f 2903/3158/2966 2902/3157/2963 2917/3174/2986 2918/3175/2988
f 2896/3150/2967 2895/3149/2965 2910/3166/2987 2911/3167/2989
f 2904/3159/2968 2903/3158/2966 2918/3175/2988 2919/3176/2990
f 2897/3151/2969 2896/3150/2967 2911/3167/2989 2912/3168/2991
f 2905/3160/2970 2904/3159/2968 2919/3176/2990 2920/3177/2977
f 2898/3152/2971 2897/3151/2969 2912/3168/2991 2913/3169/2979
f 2910/3166/2987 2909/3165/2985 2924/3182/2992 2925/3183/2993
f 2918/3175/2988 2917/3174/2986 2932/3191/2994 2933/3192/2995
f 2911/3167/2989 2910/3166/2987 2925/3183/2993 2926/3184/2996
f 2919/3176/2990 2918/3175/2988 2933/3192/2995 2934/3193/2997
f 2912/3168/2991 2911/3167/2989 2926/3184/2996 2927/3185/2998
f 2920/3177/2977 2919/3176/2990 2934/3193/2997 2935/3194/2999
f 2913/3169/2979 2912/3168/2991 2927/3185/2998 2928/3186/3000
f 2921/3178/2978 2920/3177/2977 2935/3194/2999 2936/3195/3001
f 2914/3170/2980 2913/3169/2979 2928/3186/3000 2929/3187/3002
f 2974/3266/2981 2921/3178/2978 2936/3195/3001 2975/3268/3003
f 2915/3171/2982 2914/3170/2980 2929/3187/3002 2930/3188/3004
f 2923/3181/2713 2922/3179/2983 2937/3196/3005 2938/3198/2714
f 2916/3172/2984 2915/3171/2982 2930/3188/3004 2931/3189/3006
f 2909/3165/2985 2788/3028/2482 2924/3182/2992
f 2833/3079/2895 2848/3096/2841 3002/3296/2842 3001/3295/3007
f 2917/3174/2986 2916/3173/2984 2931/3190/3006 2932/3191/2994
f 2929/3187/3002 2928/3186/3000 2467/2665/2468 2468/2666/2467
f 2975/3268/3003 2936/3195/3001 2472/2670/2463 2945/3208/2471
f 2930/3188/3004 2929/3187/3002 2468/2666/2467 2469/2667/2473
f 2938/3198/2714 2937/3196/3005 2942/3203/2476 2943/3205/2475
f 2931/3189/3006 2930/3188/3004 2469/2667/2473 2939/3199/2479
f 2924/3182/2992 2788/3028/2482 2463/2661/2481
f 2818/3062/2687 2833/3079/2895 3001/3295/3007 3000/3294/2688
f 2932/3191/2994 2931/3190/3006 2939/3200/2479 2940/3201/2488
f 2925/3183/2993 2924/3182/2992 2463/2661/2481 2464/2662/2490
f 2933/3192/2995 2932/3191/2994 2940/3201/2488 2941/3202/2492
f 2926/3184/2996 2925/3183/2993 2464/2662/2490 2465/2663/2494
f 2934/3193/2997 2933/3192/2995 2941/3202/2492 2470/2668/2496
f 2927/3185/2998 2926/3184/2996 2465/2663/2494 2466/2664/2498
f 2935/3194/2999 2934/3193/2997 2470/2668/2496 2471/2669/2464
f 2928/3186/3000 2927/3185/2998 2466/2664/2498 2467/2665/2468
f 2936/3195/3001 2935/3194/2999 2471/2669/2464 2472/2670/2463
f 2486/2685/2477 2942/3203/2476 2945/3209/2471 2944/3207/2472
f 2501/2702/2508 2486/2685/2477 2944/3207/2472 2946/3211/2506
f 2516/2719/2536 2501/2702/2508 2946/3211/2506 2947/3213/2534
f 2531/2736/2545 2516/2719/2536 2947/3213/2534 2948/3215/2543
f 2546/2753/2572 2531/2736/2545 2948/3215/2543 2949/3217/2570
f 2561/2770/2582 2546/2753/2572 2949/3217/2570 2950/3219/2580
f 2576/2787/2607 2561/2770/2582 2950/3219/2580 2951/3221/2605
f 2591/2804/2616 2576/2787/2607 2951/3221/2605 2952/3223/2613
f 2606/2821/2640 2591/2804/2616 2952/3223/2613 2953/3225/2638
f 2621/2838/2651 2606/2821/2640 2953/3225/2638 2954/3227/2665
f 2636/2855/2676 2621/2838/2651 2954/3227/2665 2955/3229/2674
f 2651/2872/2682 2636/2855/2676 2955/3229/2674 2956/3231/2700
f 2666/2889/2710 2651/2872/2682 2956/3231/2700 2957/3233/2708
f 2681/2906/2735 2666/2889/2710 2957/3233/2708 2958/3235/2734
f 2696/2923/2744 2681/2906/2735 2958/3235/2734 2959/3237/2742
f 2711/2940/2769 2696/2923/2744 2959/3237/2742 2960/3239/2767
f 2726/2957/2777 2711/2940/2769 2960/3239/2767 2961/3241/2775
f 2741/2974/2800 2726/2957/2777 2961/3241/2775 2962/3243/2798
f 2756/2991/2808 2741/2974/2800 2962/3243/2798 2963/3245/2806
f 2771/3008/2830 2756/2991/2808 2963/3245/2806 2964/3247/2828
f 2786/3025/2838 2771/3008/2830 2964/3247/2828 2965/3249/2835
f 2802/3043/2862 2786/3025/2838 2965/3249/2835 2966/3251/2860
f 2817/3060/2869 2802/3043/2862 2966/3251/2860 2967/3253/2883
f 2832/3077/2894 2817/3060/2869 2967/3253/2883 2968/3255/2892
f 2847/3094/2901 2832/3077/2894 2968/3255/2892 2969/3257/2916
f 2862/3111/2925 2847/3094/2901 2969/3257/2916 2970/3259/2923
f 2877/3128/2946 2862/3111/2925 2970/3259/2923 2971/3261/2944
f 2892/3145/2954 2877/3128/2946 2971/3261/2944 2972/3263/2952
f 2907/3162/2976 2892/3145/2954 2972/3263/2952 2973/3265/2974
f 2922/3179/2983 2907/3162/2976 2973/3265/2974 2974/3267/2981
f 2937/3196/3005 2922/3179/2983 2974/3267/2981 2975/3269/3003
f 2942/3203/2476 2937/3196/3005 2975/3269/3003 2945/3209/2471
f 2978/3272/3008 2977/3271/2780 2976/3270/2611
f 2978/3272/3008 2976/3270/2611 2979/3273/2610
f 2978/3272/3008 2979/3273/2610 2980/3274/2865
f 2978/3272/3008 2980/3274/2865 2981/3275/2679
f 2978/3272/3008 2981/3275/2679 2982/3276/2620
f 2978/3272/3008 2982/3276/2620 2983/3277/2515
f 2978/3272/3008 2983/3277/2515 2984/3278/2514
f 2978/3272/3008 2984/3278/2514 2985/3279/2802
f 2978/3272/3008 2985/3279/2802 2986/3280/2723
f 2978/3272/3008 2986/3280/2723 2987/3281/2522
f 2978/3272/3008 2987/3281/2522 2988/3282/2487
f 2978/3272/3008 2988/3282/2487 2989/3283/2486
f 2978/3272/3008 2989/3283/2486 2990/3284/2575
f 2978/3272/3008 2990/3284/2575 2991/3285/2552
f 2978/3272/3008 2991/3285/2552 2992/3286/2551
f 2978/3272/3008 2992/3286/2551 2993/3287/2898
f 2978/3272/3008 2993/3287/2898 2994/3288/2748
f 2978/3272/3008 2994/3288/2748 2995/3289/2647
f 2978/3272/3008 2995/3289/2647 2996/3290/2646
f 2978/3272/3008 2996/3290/2646 2997/3291/2905
f 2978/3272/3008 2997/3291/2905 2998/3292/2754
f 2978/3272/3008 2998/3292/2754 2999/3293/2689
f 2978/3272/3008 2999/3293/2689 3000/3294/2688
f 2978/3272/3008 3000/3294/2688 3001/3295/3007
f 2978/3272/3008 3001/3295/3007 3002/3296/2842
f 2978/3272/3008 3002/3296/2842 3003/3297/2655
f 2978/3272/3008 3003/3297/2655 3004/3298/2588
f 2978/3272/3008 3004/3298/2588 3005/3299/2587
f 2978/3272/3008 3005/3299/2587 3006/3300/2873
f 2978/3272/3008 3006/3300/2873 3007/3301/2716
f 2978/3272/3008 3007/3301/2716 3008/3302/2715
f 2978/3272/3008 3008/3302/2715 2977/3271/2780
f 3018/3312/2765 3031/3326/2740 3030/3325/2737 3017/3311/2763
f 3014/3308/2766 3024/3318/2741 3023/3317/2739 3013/3307/2764
f 3491/3850/2767 3490/3848/2742 3031/3326/2740 3018/3312/2765
f 3015/3309/2768 3025/3319/2743 3024/3318/2741 3014/3308/2766
f 3489/3847/2770 3033/3328/2550 3032/3327/2744 3488/3845/2769
f 3485/3841/2755 3026/3320/2745 3025/3319/2743 3015/3309/2768
f 3009/3303/2757 3019/3313/2746 3334/3670/2482
f 3183/3498/2573 3534/3924/2620 3535/3925/2679 3198/3516/2546
f 3486/3843/2756 3027/3322/2749 3026/3321/2745 3485/3842/2755
f 3010/3304/2758 3020/3314/2750 3019/3313/2746 3009/3303/2757
f 3487/3844/2759 3028/3323/2751 3027/3322/2749 3486/3843/2756
f 3011/3305/2760 3021/3315/2752 3020/3314/2750 3010/3304/2758
f 3016/3310/2761 3029/3324/2736 3028/3323/2751 3487/3844/2759
f 3012/3306/2762 3022/3316/2738 3021/3315/2752 3011/3305/2760
f 3017/3311/2763 3030/3325/2737 3029/3324/2736 3016/3310/2761
f 3013/3307/2764 3023/3317/2739 3022/3316/2738 3012/3306/2762
f 3030/3325/2737 3045/3342/2730 3044/3341/2728 3029/3324/2736
f 3023/3317/2739 3038/3334/2731 3037/3333/2729 3022/3316/2738
f 3031/3326/2740 3046/3343/2732 3045/3342/2730 3030/3325/2737
f 3024/3318/2741 3039/3335/2733 3038/3334/2731 3023/3317/2739
f 3490/3848/2742 3492/3852/2734 3046/3343/2732 3031/3326/2740
f 3025/3319/2743 3040/3336/2720 3039/3335/2733 3024/3318/2741
f 3033/3328/2550 3048/3345/2549 3047/3344/2735 3032/3327/2744
f 3026/3320/2745 3041/3338/2721 3040/3336/2720 3025/3319/2743
f 3019/3313/2746 3034/3330/2722 3334/3670/2482
f 3108/3414/2521 3529/3919/2522 3530/3920/2723 3123/3431/2641
f 3027/3322/2749 3042/3339/2724 3041/3337/2721 3026/3321/2745
f 3020/3314/2750 3035/3331/2725 3034/3330/2722 3019/3313/2746
f 3028/3323/2751 3043/3340/2726 3042/3339/2724 3027/3322/2749
f 3021/3315/2752 3036/3332/2727 3035/3331/2725 3020/3314/2750
f 3029/3324/2736 3044/3341/2728 3043/3340/2726 3028/3323/2751
f 3022/3316/2738 3037/3333/2729 3036/3332/2727 3021/3315/2752
f 3034/3330/2722 3049/3347/2712 3334/3670/2482
f 3168/3482/2512 3533/3923/2515 3534/3924/2620 3183/3498/2573
f 3042/3339/2724 3057/3356/2717 3056/3355/2711 3041/3337/2721
f 3035/3331/2725 3050/3348/2718 3049/3347/2712 3034/3330/2722
f 3043/3340/2726 3058/3357/2719 3057/3356/2717 3042/3339/2724
f 3036/3332/2727 3051/3349/2701 3050/3348/2718 3035/3331/2725
f 3044/3341/2728 3059/3358/2703 3058/3357/2719 3043/3340/2726
f 3037/3333/2729 3052/3350/2702 3051/3349/2701 3036/3332/2727
f 3045/3342/2730 3060/3359/2704 3059/3358/2703 3044/3341/2728
f 3038/3334/2731 3053/3351/2705 3052/3350/2702 3037/3333/2729
f 3046/3343/2732 3061/3360/2706 3060/3359/2704 3045/3342/2730
f 3039/3335/2733 3054/3352/2707 3053/3351/2705 3038/3334/2731
f 3492/3852/2734 3493/3854/2708 3061/3360/2706 3046/3343/2732
f 3040/3336/2720 3055/3353/2709 3054/3352/2707 3039/3335/2733
f 3048/3345/2549 3063/3362/2574 3062/3361/2710 3047/3344/2735
f 3041/3338/2721 3056/3354/2711 3055/3353/2709 3040/3336/2720
f 3053/3351/2705 3068/3368/2697 3067/3367/2695 3052/3350/2702
f 3061/3360/2706 3076/3377/2698 3075/3376/2696 3060/3359/2704
f 3054/3352/2707 3069/3369/2699 3068/3368/2697 3053/3351/2705
f 3493/3854/2708 3494/3856/2700 3076/3377/2698 3061/3360/2706
f 3055/3353/2709 3070/3370/2683 3069/3369/2699 3054/3352/2707
f 3063/3362/2574 3078/3379/2485 3077/3378/2682 3062/3361/2710
f 3056/3354/2711 3071/3372/2684 3070/3370/2683 3055/3353/2709
f 3049/3347/2712 3064/3364/2685 3334/3670/2482
f 3228/3549/2509 3537/3927/3009 3538/3928/2611 3243/3567/2478
f 3057/3356/2717 3072/3373/2690 3071/3371/2684 3056/3355/2711
f 3050/3348/2718 3065/3365/2691 3064/3364/2685 3049/3347/2712
f 3058/3357/2719 3073/3374/2692 3072/3373/2690 3057/3356/2717
f 3051/3349/2701 3066/3366/2693 3065/3365/2691 3050/3348/2718
f 3059/3358/2703 3074/3375/2694 3073/3374/2692 3058/3357/2719
f 3052/3350/2702 3067/3367/2695 3066/3366/2693 3051/3349/2701
f 3060/3359/2704 3075/3376/2696 3074/3375/2694 3059/3358/2703
f 3072/3373/2690 3087/3390/2680 3086/3389/2677 3071/3371/2684
f 3065/3365/2691 3080/3382/2681 3079/3381/2678 3064/3364/2685
f 3073/3374/2692 3088/3391/2666 3087/3390/2680 3072/3373/2690
f 3066/3366/2693 3081/3383/2668 3080/3382/2681 3065/3365/2691
f 3074/3375/2694 3089/3392/2667 3088/3391/2666 3073/3374/2692
f 3067/3367/2695 3082/3384/2669 3081/3383/2668 3066/3366/2693
f 3075/3376/2696 3090/3393/2670 3089/3392/2667 3074/3375/2694
f 3068/3368/2697 3083/3385/2671 3082/3384/2669 3067/3367/2695
f 3076/3377/2698 3091/3394/2672 3090/3393/2670 3075/3376/2696
f 3069/3369/2699 3084/3386/2673 3083/3385/2671 3068/3368/2697
f 3494/3856/2700 3495/3858/2674 3091/3394/2672 3076/3377/2698
f 3070/3370/2683 3085/3387/2675 3084/3386/2673 3069/3369/2699
f 3078/3379/2485 3093/3396/2484 3092/3395/2676 3077/3378/2682
f 3071/3372/2684 3086/3388/2677 3085/3387/2675 3070/3370/2683
f 3064/3364/2685 3079/3381/2678 3334/3670/2482
f 3213/3533/3010 3536/3926/3011 3537/3927/3009 3228/3549/2509
f 3091/3394/2672 3106/3411/2664 3105/3410/2662 3090/3393/2670
f 3084/3386/2673 3099/3403/2649 3098/3402/2663 3083/3385/2671
f 3495/3858/2674 3496/3860/2665 3106/3411/2664 3091/3394/2672
f 3085/3387/2675 3100/3404/2650 3099/3403/2649 3084/3386/2673
f 3093/3396/2484 3108/3413/2521 3107/3412/2651 3092/3395/2676
f 3086/3388/2677 3101/3405/2652 3100/3404/2650 3085/3387/2675
f 3079/3381/2678 3094/3398/2653 3334/3670/2482
f 3424/3771/2753 3550/3940/3012 3551/3941/2905 3439/3788/2831
f 3087/3390/2680 3102/3407/2656 3101/3406/2652 3086/3389/2677
f 3080/3382/2681 3095/3399/2657 3094/3398/2653 3079/3381/2678
f 3088/3391/2666 3103/3408/2658 3102/3407/2656 3087/3390/2680
f 3081/3383/2668 3096/3400/2659 3095/3399/2657 3080/3382/2681
f 3089/3392/2667 3104/3409/2660 3103/3408/2658 3088/3391/2666
f 3082/3384/2669 3097/3401/2661 3096/3400/2659 3081/3383/2668
f 3090/3393/2670 3105/3410/2662 3104/3409/2660 3089/3392/2667
f 3083/3385/2671 3098/3402/2663 3097/3401/2661 3082/3384/2669
f 3103/3408/2658 3118/3425/2631 3117/3424/2648 3102/3407/2656
f 3096/3400/2659 3111/3417/2630 3110/3416/2629 3095/3399/2657
f 3104/3409/2660 3119/3426/2632 3118/3425/2631 3103/3408/2658
f 3097/3401/2661 3112/3418/2633 3111/3417/2630 3096/3400/2659
f 3105/3410/2662 3120/3427/2634 3119/3426/2632 3104/3409/2660
f 3098/3402/2663 3113/3419/2635 3112/3418/2633 3097/3401/2661
f 3106/3411/2664 3121/3428/2636 3120/3427/2634 3105/3410/2662
f 3099/3403/2649 3114/3420/2637 3113/3419/2635 3098/3402/2663
f 3496/3860/2665 3497/3862/2638 3121/3428/2636 3106/3411/2664
f 3100/3404/2650 3115/3421/2639 3114/3420/2637 3099/3403/2649
f 3108/3413/2521 3123/3430/2641 3122/3429/2640 3107/3412/2651
f 3101/3405/2652 3116/3422/2642 3115/3421/2639 3100/3404/2650
f 3094/3398/2653 3109/3415/2643 3334/3670/2482
f 3033/3329/2550 3522/3912/2551 3525/3915/2552 3048/3346/2549
f 3102/3407/2656 3117/3424/2648 3116/3423/2642 3101/3406/2652
f 3095/3399/2657 3110/3416/2629 3109/3415/2643 3094/3398/2653
f 3497/3862/2638 3498/3864/2613 3136/3445/2612 3121/3428/2636
f 3115/3421/2639 3130/3438/2615 3129/3437/2614 3114/3420/2637
f 3123/3430/2641 3138/3447/2617 3137/3446/2616 3122/3429/2640
f 3116/3422/2642 3131/3439/2618 3130/3438/2615 3115/3421/2639
f 3109/3415/2643 3124/3432/2619 3334/3670/2482
f 3093/3397/2484 3528/3918/2487 3529/3919/2522 3108/3414/2521
f 3117/3424/2648 3132/3441/2621 3131/3440/2618 3116/3423/2642
f 3110/3416/2629 3125/3433/2622 3124/3432/2619 3109/3415/2643
f 3118/3425/2631 3133/3442/2623 3132/3441/2621 3117/3424/2648
f 3111/3417/2630 3126/3434/2624 3125/3433/2622 3110/3416/2629
f 3119/3426/2632 3134/3443/2625 3133/3442/2623 3118/3425/2631
f 3112/3418/2633 3127/3435/2626 3126/3434/2624 3111/3417/2630
f 3120/3427/2634 3135/3444/2627 3134/3443/2625 3119/3426/2632
f 3113/3419/2635 3128/3436/2628 3127/3435/2626 3112/3418/2633
f 3121/3428/2636 3136/3445/2612 3135/3444/2627 3120/3427/2634
f 3114/3420/2637 3129/3437/2614 3128/3436/2628 3113/3419/2635
f 3126/3434/2624 3141/3451/2598 3140/3450/2597 3125/3433/2622
f 3134/3443/2625 3149/3460/2599 3148/3459/2596 3133/3442/2623
f 3127/3435/2626 3142/3452/2600 3141/3451/2598 3126/3434/2624
f 3135/3444/2627 3150/3461/2601 3149/3460/2599 3134/3443/2625
f 3128/3436/2628 3143/3453/2602 3142/3452/2600 3127/3435/2626
f 3136/3445/2612 3151/3462/2603 3150/3461/2601 3135/3444/2627
f 3129/3437/2614 3144/3454/2604 3143/3453/2602 3128/3436/2628
f 3498/3864/2613 3499/3866/2605 3151/3462/2603 3136/3445/2612
f 3130/3438/2615 3145/3455/2606 3144/3454/2604 3129/3437/2614
f 3138/3447/2617 3153/3464/2513 3152/3463/2607 3137/3446/2616
f 3131/3439/2618 3146/3456/2608 3145/3455/2606 3130/3438/2615
f 3124/3432/2619 3139/3449/2609 3334/3670/2482
f 3288/3617/2713 3541/3931/2716 3542/3932/2873 3303/3635/2872
f 3132/3441/2621 3147/3458/2595 3146/3457/2608 3131/3440/2618
f 3125/3433/2622 3140/3450/2597 3139/3449/2609 3124/3432/2619
f 3133/3442/2623 3148/3459/2596 3147/3458/2595 3132/3441/2621
f 3145/3455/2606 3160/3472/2581 3159/3471/2579 3144/3454/2604
f 3153/3464/2513 3168/3481/2512 3167/3480/2582 3152/3463/2607
f 3146/3456/2608 3161/3473/2583 3160/3472/2581 3145/3455/2606
f 3139/3449/2609 3154/3466/2584 3334/3670/2482
f 3409/3754/2686 3549/3939/2689 3550/3940/3012 3424/3771/2753
f 3147/3458/2595 3162/3475/2589 3161/3474/2583 3146/3457/2608
f 3140/3450/2597 3155/3467/2590 3154/3466/2584 3139/3449/2609
f 3148/3459/2596 3163/3476/2591 3162/3475/2589 3147/3458/2595
f 3141/3451/2598 3156/3468/2592 3155/3467/2590 3140/3450/2597
f 3149/3460/2599 3164/3477/2593 3163/3476/2591 3148/3459/2596
f 3142/3452/2600 3157/3469/2594 3156/3468/2592 3141/3451/2598
f 3150/3461/2601 3165/3478/2576 3164/3477/2593 3149/3460/2599
f 3143/3453/2602 3158/3470/2578 3157/3469/2594 3142/3452/2600
f 3151/3462/2603 3166/3479/2577 3165/3478/2576 3150/3461/2601
f 3144/3454/2604 3159/3471/2579 3158/3470/2578 3143/3453/2602
f 3499/3866/2605 3500/3868/2580 3166/3479/2577 3151/3462/2603
f 3164/3477/2593 3179/3494/2564 3178/3493/2562 3163/3476/2591
f 3157/3469/2594 3172/3486/2565 3171/3485/2563 3156/3468/2592
f 3165/3478/2576 3180/3495/2566 3179/3494/2564 3164/3477/2593
f 3158/3470/2578 3173/3487/2567 3172/3486/2565 3157/3469/2594
f 3166/3479/2577 3181/3496/2568 3180/3495/2566 3165/3478/2576
f 3159/3471/2579 3174/3488/2569 3173/3487/2567 3158/3470/2578
f 3500/3868/2580 3501/3870/2570 3181/3496/2568 3166/3479/2577
f 3160/3472/2581 3175/3489/2571 3174/3488/2569 3159/3471/2579
f 3168/3481/2512 3183/3499/2573 3182/3497/2572 3167/3480/2582
f 3161/3473/2583 3176/3490/2558 3175/3489/2571 3160/3472/2581
f 3154/3466/2584 3169/3483/2560 3334/3670/2482
f 3078/3380/2485 3527/3917/2486 3528/3918/2487 3093/3397/2484
f 3162/3475/2589 3177/3492/2559 3176/3491/2558 3161/3474/2583
f 3155/3467/2590 3170/3484/2561 3169/3483/2560 3154/3466/2584
f 3163/3476/2591 3178/3493/2562 3177/3492/2559 3162/3475/2589
f 3156/3468/2592 3171/3485/2563 3170/3484/2561 3155/3467/2590
f 3183/3499/2573 3198/3515/2546 3197/3514/2545 3182/3497/2572
f 3176/3490/2558 3191/3507/2547 3190/3506/2544 3175/3489/2571
f 3169/3483/2560 3184/3500/2548 3334/3670/2482
f 3349/3686/2654 3545/3935/2655 3546/3936/2842 3364/3704/2841
f 3177/3492/2559 3192/3509/2553 3191/3508/2547 3176/3491/2558
f 3170/3484/2561 3185/3501/2554 3184/3500/2548 3169/3483/2560
f 3178/3493/2562 3193/3510/2555 3192/3509/2553 3177/3492/2559
f 3171/3485/2563 3186/3502/2556 3185/3501/2554 3170/3484/2561
f 3179/3494/2564 3194/3511/2557 3193/3510/2555 3178/3493/2562
f 3172/3486/2565 3187/3503/2538 3186/3502/2556 3171/3485/2563
f 3180/3495/2566 3195/3512/2540 3194/3511/2557 3179/3494/2564
f 3173/3487/2567 3188/3504/2539 3187/3503/2538 3172/3486/2565
f 3181/3496/2568 3196/3513/2541 3195/3512/2540 3180/3495/2566
f 3174/3488/2569 3189/3505/2542 3188/3504/2539 3173/3487/2567
f 3501/3870/2570 3502/3872/2543 3196/3513/2541 3181/3496/2568
f 3175/3489/2571 3190/3506/2544 3189/3505/2542 3174/3488/2569
f 3187/3503/2538 3202/3520/2529 3201/3519/2527 3186/3502/2556
f 3195/3512/2540 3210/3529/2530 3209/3528/2528 3194/3511/2557
f 3188/3504/2539 3203/3521/2531 3202/3520/2529 3187/3503/2538
f 3196/3513/2541 3211/3530/2532 3210/3529/2530 3195/3512/2540
f 3189/3505/2542 3204/3522/2533 3203/3521/2531 3188/3504/2539
f 3502/3872/2543 3503/3874/2534 3211/3530/2532 3196/3513/2541
f 3190/3506/2544 3205/3523/2535 3204/3522/2533 3189/3505/2542
f 3198/3515/2546 3213/3532/3010 3212/3531/2536 3197/3514/2545
f 3191/3507/2547 3206/3524/2523 3205/3523/2535 3190/3506/2544
f 3184/3500/2548 3199/3517/2520 3334/3670/2482
f 3469/3822/2644 3553/3943/2647 3554/3944/2748 3484/3839/2747
f 3192/3509/2553 3207/3526/2524 3206/3525/2523 3191/3508/2547
f 3185/3501/2554 3200/3518/2525 3199/3517/2520 3184/3500/2548
f 3193/3510/2555 3208/3527/2526 3207/3526/2524 3192/3509/2553
f 3186/3502/2556 3201/3519/2527 3200/3518/2525 3185/3501/2554
f 3194/3511/2557 3209/3528/2528 3208/3527/2526 3193/3510/2555
f 3206/3524/2523 3221/3541/2510 3220/3540/2507 3205/3523/2535
f 3199/3517/2520 3214/3534/2511 3334/3670/2482
f 3153/3465/2513 3532/3922/2514 3533/3923/2515 3168/3482/2512
f 3207/3526/2524 3222/3543/2516 3221/3542/2510 3206/3525/2523
f 3200/3518/2525 3215/3535/2517 3214/3534/2511 3199/3517/2520
f 3208/3527/2526 3223/3544/2518 3222/3543/2516 3207/3526/2524
f 3201/3519/2527 3216/3536/2519 3215/3535/2517 3200/3518/2525
f 3209/3528/2528 3224/3545/2500 3223/3544/2518 3208/3527/2526
f 3202/3520/2529 3217/3537/2502 3216/3536/2519 3201/3519/2527
f 3210/3529/2530 3225/3546/2501 3224/3545/2500 3209/3528/2528
f 3203/3521/2531 3218/3538/2503 3217/3537/2502 3202/3520/2529
f 3211/3530/2532 3226/3547/2504 3225/3546/2501 3210/3529/2530
f 3204/3522/2533 3219/3539/2505 3218/3538/2503 3203/3521/2531
f 3503/3874/2534 3504/3876/2506 3226/3547/2504 3211/3530/2532
f 3205/3523/2535 3220/3540/2507 3219/3539/2505 3204/3522/2533
f 3213/3532/3010 3228/3550/2509 3227/3548/2508 3212/3531/2536
f 3225/3546/2501 3240/3563/2465 3239/3562/2497 3224/3545/2500
f 3218/3538/2503 3233/3555/2469 3232/3554/2499 3217/3537/2502
f 3226/3547/2504 3241/3564/2466 3240/3563/2465 3225/3546/2501
f 3219/3539/2505 3234/3556/2470 3233/3555/2469 3218/3538/2503
f 3504/3876/2506 3505/3878/2472 3241/3564/2466 3226/3547/2504
f 3220/3540/2507 3235/3557/2474 3234/3556/2470 3219/3539/2505
f 3228/3550/2509 3243/3566/2478 3242/3565/2477 3227/3548/2508
f 3221/3541/2510 3236/3559/2480 3235/3557/2474 3220/3540/2507
f 3214/3534/2511 3229/3551/2483 3334/3670/2482
f 3273/3601/2714 3540/3930/3013 3541/3931/2716 3288/3617/2713
f 3222/3543/2516 3237/3560/2489 3236/3558/2480 3221/3542/2510
f 3215/3535/2517 3230/3552/2491 3229/3551/2483 3214/3534/2511
f 3223/3544/2518 3238/3561/2493 3237/3560/2489 3222/3543/2516
f 3216/3536/2519 3231/3553/2495 3230/3552/2491 3215/3535/2517
f 3224/3545/2500 3239/3562/2497 3238/3561/2493 3223/3544/2518
f 3217/3537/2502 3232/3554/2499 3231/3553/2495 3216/3536/2519
f 3333/3669/2585 3544/3934/2588 3545/3935/2655 3349/3686/2654
f 3237/3560/2489 3252/3577/2488 3251/3576/2479 3236/3558/2480
f 3230/3552/2491 3245/3569/2490 3244/3568/2481 3229/3551/2483
f 3238/3561/2493 3253/3578/2492 3252/3577/2488 3237/3560/2489
f 3231/3553/2495 3246/3570/2494 3245/3569/2490 3230/3552/2491
f 3239/3562/2497 3254/3579/2496 3253/3578/2492 3238/3561/2493
f 3232/3554/2499 3247/3571/2498 3246/3570/2494 3231/3553/2495
f 3240/3563/2465 3255/3580/2464 3254/3579/2496 3239/3562/2497
f 3233/3555/2469 3248/3572/2468 3247/3571/2498 3232/3554/2499
f 3241/3564/2466 3256/3581/2463 3255/3580/2464 3240/3563/2465
f 3234/3556/2470 3249/3573/2467 3248/3572/2468 3233/3555/2469
f 3505/3878/2472 3506/3880/2471 3256/3581/2463 3241/3564/2466
f 3235/3557/2474 3250/3574/2473 3249/3573/2467 3234/3556/2470
f 3243/3566/2478 3258/3583/2475 3257/3582/2476 3242/3565/2477
f 3236/3559/2480 3251/3575/2479 3250/3574/2473 3235/3557/2474
f 3229/3551/2483 3244/3568/2481 3334/3670/2482
f 3256/3581/2463 3271/3598/3001 3270/3597/2999 3255/3580/2464
f 3249/3573/2467 3264/3590/3002 3263/3589/3000 3248/3572/2468
f 3506/3880/2471 3507/3882/3003 3271/3598/3001 3256/3581/2463
f 3250/3574/2473 3265/3591/3004 3264/3590/3002 3249/3573/2467
f 3258/3583/2475 3273/3600/2714 3272/3599/3005 3257/3582/2476
f 3251/3575/2479 3266/3592/3006 3265/3591/3004 3250/3574/2473
f 3244/3568/2481 3259/3585/2992 3334/3670/2482
f 3484/3839/2747 3554/3944/2748 3523/3913/3014 3489/3846/2770
f 3252/3577/2488 3267/3594/2994 3266/3593/3006 3251/3576/2479
f 3245/3569/2490 3260/3586/2993 3259/3585/2992 3244/3568/2481
f 3253/3578/2492 3268/3595/2995 3267/3594/2994 3252/3577/2488
f 3246/3570/2494 3261/3587/2996 3260/3586/2993 3245/3569/2490
f 3254/3579/2496 3269/3596/2997 3268/3595/2995 3253/3578/2492
f 3247/3571/2498 3262/3588/2998 3261/3587/2996 3246/3570/2494
f 3255/3580/2464 3270/3597/2999 3269/3596/2997 3254/3579/2496
f 3248/3572/2468 3263/3589/3000 3262/3588/2998 3247/3571/2498
f 3260/3586/2993 3275/3603/2987 3274/3602/2985 3259/3585/2992
f 3268/3595/2995 3283/3612/2988 3282/3611/2986 3267/3594/2994
f 3261/3587/2996 3276/3604/2989 3275/3603/2987 3260/3586/2993
f 3269/3596/2997 3284/3613/2990 3283/3612/2988 3268/3595/2995
f 3262/3588/2998 3277/3605/2991 3276/3604/2989 3261/3587/2996
f 3270/3597/2999 3285/3614/2977 3284/3613/2990 3269/3596/2997
f 3263/3589/3000 3278/3606/2979 3277/3605/2991 3262/3588/2998
f 3271/3598/3001 3286/3615/2978 3285/3614/2977 3270/3597/2999
f 3264/3590/3002 3279/3607/2980 3278/3606/2979 3263/3589/3000
f 3507/3882/3003 3508/3884/2981 3286/3615/2978 3271/3598/3001
f 3265/3591/3004 3280/3608/2982 3279/3607/2980 3264/3590/3002
f 3273/3600/2714 3288/3618/2713 3287/3616/2983 3272/3599/3005
f 3266/3592/3006 3281/3609/2984 3280/3608/2982 3265/3591/3004
f 3259/3585/2992 3274/3602/2985 3334/3670/2482
f 3138/3448/2617 3531/3921/2802 3532/3922/2514 3153/3465/2513
f 3267/3594/2994 3282/3611/2986 3281/3610/2984 3266/3593/3006
f 3279/3607/2980 3294/3624/2973 3293/3623/2971 3278/3606/2979
f 3508/3884/2981 3509/3886/2974 3301/3632/2972 3286/3615/2978
f 3280/3608/2982 3295/3625/2975 3294/3624/2973 3279/3607/2980
f 3288/3618/2713 3303/3634/2872 3302/3633/3015 3287/3616/2983
f 3281/3609/2984 3296/3626/2962 3295/3625/2975 3280/3608/2982
f 3274/3602/2985 3289/3619/3016 3334/3670/2482
f 3198/3516/2546 3535/3925/2679 3536/3926/3011 3213/3533/3010
f 3282/3611/2986 3297/3628/2963 3296/3627/2962 3281/3610/2984
f 3275/3603/2987 3290/3620/2965 3289/3619/3016 3274/3602/2985
f 3283/3612/2988 3298/3629/2966 3297/3628/2963 3282/3611/2986
f 3276/3604/2989 3291/3621/2967 3290/3620/2965 3275/3603/2987
f 3284/3613/2990 3299/3630/2968 3298/3629/2966 3283/3612/2988
f 3277/3605/2991 3292/3622/2969 3291/3621/2967 3276/3604/2989
f 3285/3614/2977 3300/3631/2970 3299/3630/2968 3284/3613/2990
f 3278/3606/2979 3293/3623/2971 3292/3622/2969 3277/3605/2991
f 3286/3615/2978 3301/3632/2972 3300/3631/2970 3285/3614/2977
f 3298/3629/2966 3313/3646/2959 3312/3645/2957 3297/3628/2963
f 3291/3621/2967 3306/3638/2960 3305/3637/2958 3290/3620/2965
f 3299/3630/2968 3314/3647/2961 3313/3646/2959 3298/3629/2966
f 3292/3622/2969 3307/3639/2947 3306/3638/2960 3291/3621/2967
f 3300/3631/2970 3315/3648/2949 3314/3647/2961 3299/3630/2968
f 3293/3623/2971 3308/3640/2948 3307/3639/2947 3292/3622/2969
f 3301/3632/2972 3316/3649/2950 3315/3648/2949 3300/3631/2970
f 3294/3624/2973 3309/3641/2951 3308/3640/2948 3293/3623/2971
f 3509/3886/2974 3510/3888/2952 3316/3649/2950 3301/3632/2972
f 3295/3625/2975 3310/3642/2953 3309/3641/2951 3294/3624/2973
f 3303/3634/2872 3318/3651/2586 3317/3650/2954 3302/3633/3015
f 3296/3626/2962 3311/3643/2955 3310/3642/2953 3295/3625/2975
f 3289/3619/3016 3304/3636/2956 3334/3670/2482
f 3489/3846/2770 3523/3913/3014 3522/3912/2551 3033/3329/2550
f 3297/3628/2963 3312/3645/2957 3311/3644/2955 3296/3627/2962
f 3290/3620/2965 3305/3637/2958 3304/3636/2956 3289/3619/3016
f 3510/3888/2952 3511/3890/2944 3331/3666/2942 3316/3649/2950
f 3310/3642/2953 3325/3659/2945 3324/3658/2943 3309/3641/2951
f 3318/3651/2586 3333/3668/2585 3332/3667/2946 3317/3650/2954
f 3311/3643/2955 3326/3660/2933 3325/3659/2945 3310/3642/2953
f 3304/3636/2956 3319/3653/2932 3334/3670/2482
f 3394/3738/2687 3548/3938/2688 3549/3939/2689 3409/3754/2686
f 3312/3645/2957 3327/3662/2934 3326/3661/2933 3311/3644/2955
f 3305/3637/2958 3320/3654/2935 3319/3653/2932 3304/3636/2956
f 3313/3646/2959 3328/3663/2936 3327/3662/2934 3312/3645/2957
f 3306/3638/2960 3321/3655/2937 3320/3654/2935 3305/3637/2958
f 3314/3647/2961 3329/3664/2938 3328/3663/2936 3313/3646/2959
f 3307/3639/2947 3322/3656/2939 3321/3655/2937 3306/3638/2960
f 3315/3648/2949 3330/3665/2940 3329/3664/2938 3314/3647/2961
f 3308/3640/2948 3323/3657/2941 3322/3656/2939 3307/3639/2947
f 3316/3649/2950 3331/3666/2942 3330/3665/2940 3315/3648/2949
f 3309/3641/2951 3324/3658/2943 3323/3657/2941 3308/3640/2948
f 3321/3655/2937 3337/3673/2931 3336/3672/2929 3320/3654/2935
f 3329/3664/2938 3345/3682/2917 3344/3681/2930 3328/3663/2936
f 3322/3656/2939 3338/3674/2919 3337/3673/2931 3321/3655/2937
f 3330/3665/2940 3346/3683/2918 3345/3682/2917 3329/3664/2938
f 3323/3657/2941 3339/3675/2920 3338/3674/2919 3322/3656/2939
f 3331/3666/2942 3347/3684/2921 3346/3683/2918 3330/3665/2940
f 3324/3658/2943 3340/3676/2922 3339/3675/2920 3323/3657/2941
f 3511/3890/2944 3512/3892/3017 3347/3684/2921 3331/3666/2942
f 3325/3659/2945 3341/3677/2924 3340/3676/2922 3324/3658/2943
f 3333/3668/2585 3349/3687/2654 3348/3685/2925 3332/3667/2946
f 3326/3660/2933 3342/3678/2926 3341/3677/2924 3325/3659/2945
f 3319/3653/2932 3335/3671/2927 3334/3670/2482
f 3063/3363/2574 3526/3916/3018 3527/3917/2486 3078/3380/2485
f 3327/3662/2934 3343/3680/2928 3342/3679/2926 3326/3661/2933
f 3320/3654/2935 3336/3672/2929 3335/3671/2927 3319/3653/2932
f 3328/3663/2936 3344/3681/2930 3343/3680/2928 3327/3662/2934
f 3341/3677/2924 3356/3694/2902 3355/3693/2915 3340/3676/2922
f 3349/3687/2654 3364/3703/2841 3363/3702/3019 3348/3685/2925
f 3342/3678/2926 3357/3695/2903 3356/3694/2902 3341/3677/2924
f 3335/3671/2927 3350/3688/2904 3334/3670/2482
f 3454/3805/2645 3552/3942/2646 3553/3943/2647 3469/3822/2644
f 3343/3680/2928 3358/3697/2906 3357/3696/2903 3342/3679/2926
f 3336/3672/2929 3351/3689/2907 3350/3688/2904 3335/3671/2927
f 3344/3681/2930 3359/3698/2908 3358/3697/2906 3343/3680/2928
f 3337/3673/2931 3352/3690/2909 3351/3689/2907 3336/3672/2929
f 3345/3682/2917 3360/3699/2910 3359/3698/2908 3344/3681/2930
f 3338/3674/2919 3353/3691/2911 3352/3690/2909 3337/3673/2931
f 3346/3683/2918 3361/3700/2912 3360/3699/2910 3345/3682/2917
f 3339/3675/2920 3354/3692/2913 3353/3691/2911 3338/3674/2919
f 3347/3684/2921 3362/3701/2914 3361/3700/2912 3346/3683/2918
f 3340/3676/2922 3355/3693/2915 3354/3692/2913 3339/3675/2920
f 3512/3892/3017 3513/3894/2916 3362/3701/2914 3347/3684/2921
f 3360/3699/2910 3375/3716/2885 3374/3715/2884 3359/3698/2908
f 3353/3691/2911 3368/3708/2887 3367/3707/2886 3352/3690/2909
f 3361/3700/2912 3376/3717/2888 3375/3716/2885 3360/3699/2910
f 3354/3692/2913 3369/3709/2889 3368/3708/2887 3353/3691/2911
f 3362/3701/2914 3377/3718/2890 3376/3717/2888 3361/3700/2912
f 3355/3693/2915 3370/3710/2891 3369/3709/2889 3354/3692/2913
f 3513/3894/2916 3514/3896/3020 3377/3718/2890 3362/3701/2914
f 3356/3694/2902 3371/3711/2893 3370/3710/2891 3355/3693/2915
f 3364/3703/2841 3379/3720/2895 3378/3719/2894 3363/3702/3019
f 3357/3695/2903 3372/3712/2896 3371/3711/2893 3356/3694/2902
f 3350/3688/2904 3365/3705/2897 3334/3670/2482
f 3258/3584/2475 3539/3929/2780 3540/3930/3013 3273/3601/2714
f 3358/3697/2906 3373/3714/2899 3372/3713/2896 3357/3696/2903
f 3351/3689/2907 3366/3706/2900 3365/3705/2897 3350/3688/2904
f 3359/3698/2908 3374/3715/2884 3373/3714/2899 3358/3697/2906
f 3352/3690/2909 3367/3707/2886 3366/3706/2900 3351/3689/2907
f 3379/3720/2895 3394/3737/2687 3393/3736/2869 3378/3719/2894
f 3372/3712/2896 3387/3729/2870 3386/3728/2868 3371/3711/2893
f 3365/3705/2897 3380/3722/2871 3334/3670/2482
f 3318/3652/2586 3543/3933/3021 3544/3934/2588 3333/3669/2585
f 3373/3714/2899 3388/3731/2874 3387/3730/2870 3372/3713/2896
f 3366/3706/2900 3381/3723/2875 3380/3722/2871 3365/3705/2897
f 3374/3715/2884 3389/3732/2876 3388/3731/2874 3373/3714/2899
f 3367/3707/2886 3382/3724/2877 3381/3723/2875 3366/3706/2900
f 3375/3716/2885 3390/3733/2878 3389/3732/2876 3374/3715/2884
f 3368/3708/2887 3383/3725/2879 3382/3724/2877 3367/3707/2886
f 3376/3717/2888 3391/3734/2880 3390/3733/2878 3375/3716/2885
f 3369/3709/2889 3384/3726/2881 3383/3725/2879 3368/3708/2887
f 3377/3718/2890 3392/3735/2882 3391/3734/2880 3376/3717/2888
f 3370/3710/2891 3385/3727/2867 3384/3726/2881 3369/3709/2889
f 3514/3896/3020 3515/3898/2883 3392/3735/2882 3377/3718/2890
f 3371/3711/2893 3386/3728/2868 3385/3727/2867 3370/3710/2891
f 3391/3734/2880 3406/3751/2856 3405/3750/2854 3390/3733/2878
f 3384/3726/2881 3399/3743/2857 3398/3742/2855 3383/3725/2879
f 3392/3735/2882 3407/3752/2858 3406/3751/2856 3391/3734/2880
f 3385/3727/2867 3400/3744/2859 3399/3743/2857 3384/3726/2881
f 3515/3898/2883 3516/3900/2860 3407/3752/2858 3392/3735/2882
f 3386/3728/2868 3401/3745/2861 3400/3744/2859 3385/3727/2867
f 3394/3737/2687 3409/3755/2686 3408/3753/2862 3393/3736/2869
f 3387/3729/2870 3402/3747/2863 3401/3745/2861 3386/3728/2868
f 3380/3722/2871 3395/3739/2864 3334/3670/2482
f 3439/3788/2831 3551/3941/2905 3552/3942/2646 3454/3805/2645
f 3388/3731/2874 3403/3748/2866 3402/3746/2863 3387/3730/2870
f 3381/3723/2875 3396/3740/2851 3395/3739/2864 3380/3722/2871
f 3389/3732/2876 3404/3749/2853 3403/3748/2866 3388/3731/2874
f 3382/3724/2877 3397/3741/2852 3396/3740/2851 3381/3723/2875
f 3390/3733/2878 3405/3750/2854 3404/3749/2853 3389/3732/2876
f 3383/3725/2879 3398/3742/2855 3397/3741/2852 3382/3724/2877
f 3395/3739/2864 3410/3756/2840 3334/3670/2482
f 3048/3346/2549 3525/3915/2552 3526/3916/3018 3063/3363/2574
f 3403/3748/2866 3418/3765/2843 3417/3764/2839 3402/3746/2863
f 3396/3740/2851 3411/3757/2844 3410/3756/2840 3395/3739/2864
f 3404/3749/2853 3419/3766/2845 3418/3765/2843 3403/3748/2866
f 3397/3741/2852 3412/3758/2846 3411/3757/2844 3396/3740/2851
f 3405/3750/2854 3420/3767/2847 3419/3766/2845 3404/3749/2853
f 3398/3742/2855 3413/3759/2848 3412/3758/2846 3397/3741/2852
f 3406/3751/2856 3421/3768/2849 3420/3767/2847 3405/3750/2854
f 3399/3743/2857 3414/3760/2850 3413/3759/2848 3398/3742/2855
f 3407/3752/2858 3422/3769/2834 3421/3768/2849 3406/3751/2856
f 3400/3744/2859 3415/3761/2836 3414/3760/2850 3399/3743/2857
f 3516/3900/2860 3517/3902/2835 3422/3769/2834 3407/3752/2858
f 3401/3745/2861 3416/3762/2837 3415/3761/2836 3400/3744/2859
f 3409/3755/2686 3424/3772/2753 3423/3770/2838 3408/3753/2862
f 3402/3747/2863 3417/3763/2839 3416/3762/2837 3401/3745/2861
f 3414/3760/2850 3429/3777/2825 3428/3776/2823 3413/3759/2848
f 3422/3769/2834 3437/3786/2826 3436/3785/2824 3421/3768/2849
f 3415/3761/2836 3430/3778/2827 3429/3777/2825 3414/3760/2850
f 3517/3902/2835 3518/3904/2828 3437/3786/2826 3422/3769/2834
f 3416/3762/2837 3431/3779/2829 3430/3778/2827 3415/3761/2836
f 3424/3772/2753 3439/3789/2831 3438/3787/2830 3423/3770/2838
f 3417/3763/2839 3432/3781/2832 3431/3779/2829 3416/3762/2837
f 3410/3756/2840 3425/3773/2833 3334/3670/2482
f 3123/3431/2641 3530/3920/2723 3531/3921/2802 3138/3448/2617
f 3418/3765/2843 3433/3782/2818 3432/3780/2832 3417/3764/2839
f 3411/3757/2844 3426/3774/2820 3425/3773/2833 3410/3756/2840
f 3419/3766/2845 3434/3783/2819 3433/3782/2818 3418/3765/2843
f 3412/3758/2846 3427/3775/2821 3426/3774/2820 3411/3757/2844
f 3420/3767/2847 3435/3784/2822 3434/3783/2819 3419/3766/2845
f 3413/3759/2848 3428/3776/2823 3427/3775/2821 3412/3758/2846
f 3421/3768/2849 3436/3785/2824 3435/3784/2822 3420/3767/2847
f 3433/3782/2818 3448/3799/2811 3447/3798/2809 3432/3780/2832
f 3426/3774/2820 3441/3791/2812 3440/3790/2810 3425/3773/2833
f 3434/3783/2819 3449/3800/2813 3448/3799/2811 3433/3782/2818
f 3427/3775/2821 3442/3792/2814 3441/3791/2812 3426/3774/2820
f 3435/3784/2822 3450/3801/2815 3449/3800/2813 3434/3783/2819
f 3428/3776/2823 3443/3793/2816 3442/3792/2814 3427/3775/2821
f 3436/3785/2824 3451/3802/2817 3450/3801/2815 3435/3784/2822
f 3429/3777/2825 3444/3794/2803 3443/3793/2816 3428/3776/2823
f 3437/3786/2826 3452/3803/2805 3451/3802/2817 3436/3785/2824
f 3430/3778/2827 3445/3795/2804 3444/3794/2803 3429/3777/2825
f 3518/3904/2828 3519/3906/2806 3452/3803/2805 3437/3786/2826
f 3431/3779/2829 3446/3796/2807 3445/3795/2804 3430/3778/2827
f 3439/3789/2831 3454/3806/2645 3453/3804/2808 3438/3787/2830
f 3432/3781/2832 3447/3797/2809 3446/3796/2807 3431/3779/2829
f 3425/3773/2833 3440/3790/2810 3334/3670/2482
f 3243/3567/2478 3538/3928/2611 3539/3929/2780 3258/3584/2475
f 3452/3803/2805 3467/3820/2796 3466/3819/2794 3451/3802/2817
f 3445/3795/2804 3460/3812/2797 3459/3811/2795 3444/3794/2803
f 3519/3906/2806 3520/3908/2798 3467/3820/2796 3452/3803/2805
f 3446/3796/2807 3461/3813/2799 3460/3812/2797 3445/3795/2804
f 3454/3806/2645 3469/3823/2644 3468/3821/2800 3453/3804/2808
f 3447/3797/2809 3462/3814/2801 3461/3813/2799 3446/3796/2807
f 3440/3790/2810 3455/3807/2787 3334/3670/2482
f 3303/3635/2872 3542/3932/2873 3543/3933/3021 3318/3652/2586
f 3448/3799/2811 3463/3816/2789 3462/3815/2801 3447/3798/2809
f 3441/3791/2812 3456/3808/2788 3455/3807/2787 3440/3790/2810
f 3449/3800/2813 3464/3817/2790 3463/3816/2789 3448/3799/2811
f 3442/3792/2814 3457/3809/2791 3456/3808/2788 3441/3791/2812
f 3450/3801/2815 3465/3818/2792 3464/3817/2790 3449/3800/2813
f 3443/3793/2816 3458/3810/2793 3457/3809/2791 3442/3792/2814
f 3451/3802/2817 3466/3819/2794 3465/3818/2792 3450/3801/2815
f 3444/3794/2803 3459/3811/2795 3458/3810/2793 3443/3793/2816
f 3456/3808/2788 3471/3825/2782 3470/3824/2779 3455/3807/2787
f 3464/3817/2790 3479/3834/2783 3478/3833/2781 3463/3816/2789
f 3457/3809/2791 3472/3826/2784 3471/3825/2782 3456/3808/2788
f 3465/3818/2792 3480/3835/2785 3479/3834/2783 3464/3817/2790
f 3458/3810/2793 3473/3827/2786 3472/3826/2784 3457/3809/2791
f 3466/3819/2794 3481/3836/2771 3480/3835/2785 3465/3818/2792
f 3459/3811/2795 3474/3828/2773 3473/3827/2786 3458/3810/2793
f 3467/3820/2796 3482/3837/2772 3481/3836/2771 3466/3819/2794
f 3460/3812/2797 3475/3829/2774 3474/3828/2773 3459/3811/2795
f 3520/3908/2798 3521/3910/2775 3482/3837/2772 3467/3820/2796
f 3461/3813/2799 3476/3830/2776 3475/3829/2774 3460/3812/2797
f 3469/3823/2644 3484/3840/2747 3483/3838/2777 3468/3821/2800
f 3462/3814/2801 3477/3831/2778 3476/3830/2776 3461/3813/2799
f 3455/3807/2787 3470/3824/2779 3334/3670/2482
f 3379/3721/2895 3547/3937/3007 3548/3938/2688 3394/3738/2687
f 3463/3816/2789 3478/3833/2781 3477/3832/2778 3462/3815/2801
f 3475/3829/2774 3014/3308/2766 3013/3307/2764 3474/3828/2773
f 3521/3910/2775 3491/3850/2767 3018/3312/2765 3482/3837/2772
f 3476/3830/2776 3015/3309/2768 3014/3308/2766 3475/3829/2774
f 3484/3840/2747 3489/3847/2770 3488/3845/2769 3483/3838/2777
f 3477/3831/2778 3485/3841/2755 3015/3309/2768 3476/3830/2776
f 3470/3824/2779 3009/3303/2757 3334/3670/2482
f 3364/3704/2841 3546/3936/2842 3547/3937/3007 3379/3721/2895
f 3478/3833/2781 3486/3843/2756 3485/3842/2755 3477/3832/2778
f 3471/3825/2782 3010/3304/2758 3009/3303/2757 3470/3824/2779
f 3479/3834/2783 3487/3844/2759 3486/3843/2756 3478/3833/2781
f 3472/3826/2784 3011/3305/2760 3010/3304/2758 3471/3825/2782
f 3480/3835/2785 3016/3310/2761 3487/3844/2759 3479/3834/2783
f 3473/3827/2786 3012/3306/2762 3011/3305/2760 3472/3826/2784
f 3481/3836/2771 3017/3311/2763 3016/3310/2761 3480/3835/2785
f 3474/3828/2773 3013/3307/2764 3012/3306/2762 3473/3827/2786
f 3482/3837/2772 3018/3312/2765 3017/3311/2763 3481/3836/2771
f 3032/3327/2744 3490/3849/2742 3491/3851/2767 3488/3845/2769
f 3047/3344/2735 3492/3853/2734 3490/3849/2742 3032/3327/2744
f 3062/3361/2710 3493/3855/2708 3492/3853/2734 3047/3344/2735
f 3077/3378/2682 3494/3857/2700 3493/3855/2708 3062/3361/2710
f 3092/3395/2676 3495/3859/2674 3494/3857/2700 3077/3378/2682
f 3107/3412/2651 3496/3861/2665 3495/3859/2674 3092/3395/2676
f 3122/3429/2640 3497/3863/2638 3496/3861/2665 3107/3412/2651
f 3137/3446/2616 3498/3865/2613 3497/3863/2638 3122/3429/2640
f 3152/3463/2607 3499/3867/2605 3498/3865/2613 3137/3446/2616
f 3167/3480/2582 3500/3869/2580 3499/3867/2605 3152/3463/2607
f 3182/3497/2572 3501/3871/2570 3500/3869/2580 3167/3480/2582
f 3197/3514/2545 3502/3873/2543 3501/3871/2570 3182/3497/2572
f 3212/3531/2536 3503/3875/2534 3502/3873/2543 3197/3514/2545
f 3227/3548/2508 3504/3877/2506 3503/3875/2534 3212/3531/2536
f 3242/3565/2477 3505/3879/2472 3504/3877/2506 3227/3548/2508
f 3257/3582/2476 3506/3881/2471 3505/3879/2472 3242/3565/2477
f 3272/3599/3005 3507/3883/3003 3506/3881/2471 3257/3582/2476
f 3287/3616/2983 3508/3885/2981 3507/3883/3003 3272/3599/3005
f 3302/3633/3015 3509/3887/2974 3508/3885/2981 3287/3616/2983
f 3317/3650/2954 3510/3889/2952 3509/3887/2974 3302/3633/3015
f 3332/3667/2946 3511/3891/2944 3510/3889/2952 3317/3650/2954
f 3348/3685/2925 3512/3893/3017 3511/3891/2944 3332/3667/2946
f 3363/3702/3019 3513/3895/2916 3512/3893/3017 3348/3685/2925
f 3378/3719/2894 3514/3897/3020 3513/3895/2916 3363/3702/3019
f 3393/3736/2869 3515/3899/2883 3514/3897/3020 3378/3719/2894
f 3408/3753/2862 3516/3901/2860 3515/3899/2883 3393/3736/2869
f 3423/3770/2838 3517/3903/2835 3516/3901/2860 3408/3753/2862
f 3438/3787/2830 3518/3905/2828 3517/3903/2835 3423/3770/2838
f 3453/3804/2808 3519/3907/2806 3518/3905/2828 3438/3787/2830
f 3468/3821/2800 3520/3909/2798 3519/3907/2806 3453/3804/2808
f 3483/3838/2777 3521/3911/2775 3520/3909/2798 3468/3821/2800
f 3488/3845/2769 3491/3851/2767 3521/3911/2775 3483/3838/2777
f 3524/3914/3008 3522/3912/2551 3523/3913/3014
f 3524/3914/3008 3525/3915/2552 3522/3912/2551
f 3524/3914/3008 3526/3916/3018 3525/3915/2552
f 3524/3914/3008 3527/3917/2486 3526/3916/3018
f 3524/3914/3008 3528/3918/2487 3527/3917/2486
f 3524/3914/3008 3529/3919/2522 3528/3918/2487
f 3524/3914/3008 3530/3920/2723 3529/3919/2522
f 3524/3914/3008 3531/3921/2802 3530/3920/2723
f 3524/3914/3008 3532/3922/2514 3531/3921/2802
f 3524/3914/3008 3533/3923/2515 3532/3922/2514
f 3524/3914/3008 3534/3924/2620 3533/3923/2515
f 3524/3914/3008 3535/3925/2679 3534/3924/2620
f 3524/3914/3008 3536/3926/3011 3535/3925/2679
f 3524/3914/3008 3537/3927/3009 3536/3926/3011
f 3524/3914/3008 3538/3928/2611 3537/3927/3009
f 3524/3914/3008 3539/3929/2780 3538/3928/2611
f 3524/3914/3008 3540/3930/3013 3539/3929/2780
f 3524/3914/3008 3541/3931/2716 3540/3930/3013
f 3524/3914/3008 3542/3932/2873 3541/3931/2716
f 3524/3914/3008 3543/3933/3021 3542/3932/2873
f 3524/3914/3008 3544/3934/2588 3543/3933/3021
f 3524/3914/3008 3545/3935/2655 3544/3934/2588
f 3524/3914/3008 3546/3936/2842 3545/3935/2655
f 3524/3914/3008 3547/3937/3007 3546/3936/2842
f 3524/3914/3008 3548/3938/2688 3547/3937/3007
f 3524/3914/3008 3549/3939/2689 3548/3938/2688
f 3524/3914/3008 3550/3940/3012 3549/3939/2689
f 3524/3914/3008 3551/3941/2905 3550/3940/3012
f 3524/3914/3008 3552/3942/2646 3551/3941/2905
f 3524/3914/3008 3553/3943/2647 3552/3942/2646
f 3524/3914/3008 3554/3944/2748 3553/3943/2647
f 3524/3914/3008 3523/3913/3014 3554/3944/2748
o OJOS.EXT
v 0.049784 1.729005 -0.088562
v 0.053456 1.729005 -0.100666
v 0.059418 1.729005 -0.111821
v 0.067443 1.729005 -0.121599
v 0.077220 1.729005 -0.129623
v 0.088376 1.729005 -0.135586
v 0.100480 1.729005 -0.139258
v 0.148915 1.729005 -0.129623
v 0.158693 1.729005 -0.121599
v 0.166717 1.729005 -0.111821
v 0.049784 1.731460 -0.088320
v 0.053456 1.733822 -0.100192
v 0.059418 1.735998 -0.111133
v 0.067443 1.737905 -0.120722
v 0.077220 1.739471 -0.128593
v 0.088376 1.740634 -0.134441
v 0.100480 1.741351 -0.138042
v 0.113068 1.741592 -0.139258
v 0.125656 1.741350 -0.138042
v 0.137760 1.740634 -0.134441
v 0.148915 1.739471 -0.128593
v 0.158693 1.737905 -0.120722
v 0.166717 1.735998 -0.111133
v 0.172680 1.733822 -0.100192
v 0.177998 1.731460 -0.088320
v 0.049784 1.733822 -0.087604
v 0.053456 1.738454 -0.098787
v 0.059418 1.742723 -0.109093
v 0.067443 1.746464 -0.118126
v 0.077220 1.749535 -0.125540
v 0.088376 1.751817 -0.131048
v 0.100480 1.753222 -0.134441
v 0.113068 1.753697 -0.135586
v 0.125656 1.753222 -0.134441
v 0.137760 1.751817 -0.131048
v 0.148915 1.749535 -0.125540
v 0.158693 1.746464 -0.118126
v 0.166717 1.742723 -0.109093
v 0.172680 1.738454 -0.098787
v 0.177998 1.733822 -0.087604
v 0.049784 1.735998 -0.086440
v 0.053456 1.742723 -0.096505
v 0.059418 1.748920 -0.105780
v 0.067443 1.754352 -0.113910
v 0.077220 1.758810 -0.120582
v 0.088376 1.762123 -0.125540
v 0.100480 1.764163 -0.128593
v 0.113068 1.764852 -0.129623
v 0.125656 1.764163 -0.128593
v 0.137760 1.762123 -0.125540
v 0.148915 1.758810 -0.120582
v 0.158693 1.754352 -0.113910
v 0.166717 1.748920 -0.105780
v 0.172680 1.742723 -0.096505
v 0.177998 1.735998 -0.086440
v 0.049784 1.737906 -0.084875
v 0.053456 1.746464 -0.093434
v 0.059418 1.754352 -0.101322
v 0.067443 1.761266 -0.108236
v 0.077220 1.766940 -0.113910
v 0.088376 1.771157 -0.118126
v 0.100480 1.773753 -0.120722
v 0.113068 1.774630 -0.121599
v 0.125656 1.773753 -0.120722
v 0.137760 1.771157 -0.118126
v 0.148915 1.766940 -0.113910
v 0.158693 1.761266 -0.108236
v 0.166717 1.754352 -0.101322
v 0.172680 1.746464 -0.093434
v 0.177998 1.737905 -0.084875
v 0.049784 1.739471 -0.082967
v 0.053456 1.749535 -0.089692
v 0.059418 1.758810 -0.095890
v 0.067443 1.766940 -0.101322
v 0.077220 1.773612 -0.105780
v 0.088376 1.778570 -0.109093
v 0.100480 1.781623 -0.111133
v 0.113068 1.782654 -0.111821
v 0.125656 1.781623 -0.111133
v 0.137760 1.778570 -0.109093
v 0.148915 1.773612 -0.105780
v 0.158693 1.766940 -0.101322
v 0.166717 1.758810 -0.095890
v 0.172680 1.749535 -0.089692
v 0.177998 1.739471 -0.082967
v 0.049784 1.740634 -0.080791
v 0.053456 1.751817 -0.085423
v 0.059418 1.762123 -0.089692
v 0.067443 1.771157 -0.093434
v 0.077220 1.778570 -0.096505
v 0.088376 1.784079 -0.098787
v 0.100480 1.787471 -0.100192
v 0.113068 1.788616 -0.100666
v 0.125656 1.787471 -0.100192
v 0.137760 1.784079 -0.098787
v 0.148915 1.778570 -0.096505
v 0.158693 1.771156 -0.093434
v 0.166717 1.762123 -0.089692
v 0.172680 1.751817 -0.085423
v 0.177998 1.740634 -0.080791
v 0.049784 1.741351 -0.078430
v 0.053456 1.753222 -0.080791
v 0.059418 1.764163 -0.082967
v 0.067443 1.773753 -0.084875
v 0.077220 1.781623 -0.086440
v 0.088376 1.787471 -0.087604
v 0.100480 1.791072 -0.088320
v 0.113068 1.792288 -0.088562
v 0.125656 1.791072 -0.088320
v 0.137760 1.787471 -0.087604
v 0.148915 1.781623 -0.086440
v 0.158693 1.773753 -0.084875
v 0.166717 1.764163 -0.082967
v 0.172680 1.753222 -0.080791
v 0.177998 1.741350 -0.078430
v 0.049784 1.741592 -0.075974
v 0.053456 1.753697 -0.075974
v 0.059418 1.764852 -0.075974
v 0.067443 1.774630 -0.075974
v 0.077220 1.782654 -0.075974
v 0.088376 1.788616 -0.075974
v 0.100480 1.792288 -0.075974
v 0.113068 1.793528 -0.075974
v 0.125656 1.792288 -0.075974
v 0.137760 1.788616 -0.075974
v 0.148915 1.782654 -0.075974
v 0.158693 1.774630 -0.075974
v 0.166717 1.764852 -0.075974
v 0.172680 1.753697 -0.075974
v 0.177998 1.741592 -0.075974
v 0.049784 1.741351 -0.073518
v 0.053456 1.753222 -0.071157
v 0.059418 1.764163 -0.068981
v 0.067443 1.773753 -0.067073
v 0.077220 1.781623 -0.065508
v 0.088376 1.787471 -0.064344
v 0.100480 1.791072 -0.063628
v 0.113068 1.792288 -0.063386
v 0.125656 1.791072 -0.063628
v 0.137760 1.787471 -0.064344
v 0.148915 1.781623 -0.065507
v 0.158693 1.773753 -0.067073
v 0.166717 1.764163 -0.068980
v 0.172680 1.753222 -0.071157
v 0.177998 1.741350 -0.073518
v 0.049784 1.740634 -0.071157
v 0.053456 1.751817 -0.066525
v 0.059418 1.762123 -0.062256
v 0.067443 1.771157 -0.058514
v 0.077220 1.778570 -0.055443
v 0.088376 1.784079 -0.053161
v 0.100480 1.787471 -0.051756
v 0.113068 1.788616 -0.051282
v 0.125656 1.787471 -0.051756
v 0.137760 1.784079 -0.053161
v 0.148915 1.778570 -0.055443
v 0.158693 1.771156 -0.058514
v 0.166717 1.762123 -0.062256
v 0.172680 1.751817 -0.066525
v 0.177998 1.740634 -0.071157
v 0.049784 1.739471 -0.068981
v 0.053456 1.749535 -0.062256
v 0.059418 1.758810 -0.056058
v 0.067443 1.766940 -0.050626
v 0.077220 1.773612 -0.046168
v 0.088376 1.778570 -0.042855
v 0.100480 1.781623 -0.040815
v 0.113068 1.782654 -0.040127
v 0.125656 1.781623 -0.040815
v 0.137760 1.778570 -0.042855
v 0.148915 1.773612 -0.046168
v 0.158693 1.766940 -0.050626
v 0.166717 1.758810 -0.056058
v 0.172680 1.749535 -0.062256
v 0.177998 1.739471 -0.068980
v 0.049784 1.737906 -0.067073
v 0.053456 1.746464 -0.058514
v 0.059418 1.754352 -0.050626
v 0.067443 1.761266 -0.043712
v 0.077220 1.766940 -0.038038
v 0.088376 1.771157 -0.033822
v 0.100480 1.773753 -0.031226
v 0.113068 1.774630 -0.030349
v 0.125656 1.773753 -0.031226
v 0.137760 1.771156 -0.033822
v 0.148915 1.766940 -0.038038
v 0.158693 1.761266 -0.043712
v 0.166717 1.754352 -0.050626
v 0.172680 1.746464 -0.058514
v 0.177998 1.737905 -0.067073
v 0.049784 1.735998 -0.065507
v 0.053456 1.742723 -0.055443
v 0.059418 1.748920 -0.046168
v 0.067443 1.754352 -0.038038
v 0.077220 1.758810 -0.031366
v 0.088376 1.762123 -0.026408
v 0.100480 1.764163 -0.023355
v 0.113068 1.764852 -0.022325
v 0.125656 1.764163 -0.023355
v 0.137760 1.762123 -0.026408
v 0.148915 1.758810 -0.031366
v 0.158693 1.754352 -0.038038
v 0.166717 1.748920 -0.046168
v 0.172680 1.742723 -0.055443
v 0.177998 1.735998 -0.065507
v 0.049784 1.733822 -0.064344
v 0.053456 1.738454 -0.053161
v 0.059418 1.742723 -0.042855
v 0.067443 1.746464 -0.033822
v 0.077220 1.749535 -0.026408
v 0.088376 1.751817 -0.020900
v 0.100480 1.753222 -0.017507
v 0.113068 1.753697 -0.016362
v 0.125656 1.753222 -0.017507
v 0.137760 1.751817 -0.020900
v 0.148915 1.749535 -0.026408
v 0.158693 1.746464 -0.033822
v 0.166717 1.742723 -0.042855
v 0.172680 1.738454 -0.053161
v 0.177998 1.733822 -0.064344
v 0.049784 1.731460 -0.063628
v 0.053456 1.733822 -0.051756
v 0.059418 1.735998 -0.040815
v 0.067443 1.737905 -0.031226
v 0.077220 1.739471 -0.023355
v 0.088376 1.740634 -0.017507
v 0.100480 1.741350 -0.013906
v 0.113068 1.741592 -0.012690
v 0.125656 1.741350 -0.013906
v 0.137760 1.740634 -0.017507
v 0.148915 1.739471 -0.023355
v 0.158693 1.737905 -0.031226
v 0.166717 1.735998 -0.040815
v 0.172680 1.733822 -0.051756
v 0.177998 1.731460 -0.063628
v 0.049784 1.729005 -0.063386
v 0.053456 1.729005 -0.051282
v 0.059418 1.729005 -0.040127
v 0.067443 1.729005 -0.030349
v 0.077220 1.729005 -0.022325
v 0.088376 1.729005 -0.016362
v 0.100480 1.729005 -0.012690
v 0.113068 1.729005 -0.011450
v 0.125656 1.729005 -0.012690
v 0.137760 1.729005 -0.016362
v 0.148915 1.729005 -0.022325
v 0.158693 1.729005 -0.030349
v 0.166717 1.729005 -0.040127
v 0.172680 1.729005 -0.051282
v 0.177998 1.729005 -0.063386
v 0.049784 1.726549 -0.063628
v 0.053456 1.724187 -0.051756
v 0.059418 1.722011 -0.040815
v 0.067443 1.720104 -0.031226
v 0.077220 1.718538 -0.023355
v 0.088376 1.717375 -0.017507
v 0.100480 1.716658 -0.013906
v 0.113068 1.716416 -0.012690
v 0.125656 1.716658 -0.013906
v 0.137760 1.717375 -0.017507
v 0.148915 1.718538 -0.023355
v 0.158693 1.720104 -0.031226
v 0.166717 1.722011 -0.040815
v 0.172680 1.724187 -0.051756
v 0.177998 1.726549 -0.063628
v 0.049784 1.724187 -0.064344
v 0.053456 1.719555 -0.053161
v 0.059418 1.715286 -0.042855
v 0.067443 1.711545 -0.033822
v 0.077220 1.708474 -0.026408
v 0.088376 1.706192 -0.020900
v 0.100480 1.704787 -0.017507
v 0.113068 1.704312 -0.016362
v 0.125656 1.704787 -0.017507
v 0.137760 1.706192 -0.020900
v 0.148915 1.708474 -0.026408
v 0.158693 1.711544 -0.033822
v 0.166717 1.715286 -0.042855
v 0.172680 1.719555 -0.053161
v 0.177998 1.724187 -0.064344
v 0.049784 1.722011 -0.065508
v 0.053456 1.715286 -0.055443
v 0.059418 1.709089 -0.046168
v 0.067443 1.703657 -0.038038
v 0.077220 1.699198 -0.031366
v 0.088376 1.695886 -0.026408
v 0.100480 1.693846 -0.023355
v 0.113068 1.693157 -0.022325
v 0.125656 1.693846 -0.023355
v 0.137760 1.695886 -0.026408
v 0.148915 1.699198 -0.031366
v 0.158693 1.703657 -0.038038
v 0.166717 1.709089 -0.046168
v 0.172680 1.715286 -0.055443
v 0.177998 1.722011 -0.065507
v 0.049784 1.720104 -0.067073
v 0.053456 1.711545 -0.058514
v 0.059418 1.703657 -0.050626
v 0.067443 1.696743 -0.043712
v 0.077220 1.691069 -0.038038
v 0.088376 1.686852 -0.033822
v 0.100480 1.684256 -0.031226
v 0.113068 1.683379 -0.030349
v 0.125656 1.684256 -0.031226
v 0.137760 1.686852 -0.033822
v 0.148915 1.691069 -0.038038
v 0.158693 1.696743 -0.043712
v 0.166717 1.703657 -0.050626
v 0.172680 1.711544 -0.058514
v 0.177998 1.720104 -0.067073
v 0.049784 1.718538 -0.068981
v 0.053456 1.708474 -0.062256
v 0.059418 1.699198 -0.056058
v 0.067443 1.691069 -0.050626
v 0.077220 1.684397 -0.046168
v 0.088376 1.679439 -0.042855
v 0.100480 1.676386 -0.040815
v 0.113068 1.675355 -0.040127
v 0.125656 1.676386 -0.040815
v 0.137760 1.679439 -0.042855
v 0.148915 1.684397 -0.046168
v 0.158693 1.691069 -0.050626
v 0.166717 1.699198 -0.056058
v 0.172680 1.708474 -0.062256
v 0.177998 1.718538 -0.068980
v 0.048544 1.729005 -0.075974
v 0.049784 1.717375 -0.071157
v 0.053456 1.706192 -0.066525
v 0.059418 1.695886 -0.062256
v 0.067443 1.686852 -0.058514
v 0.077220 1.679439 -0.055443
v 0.088376 1.673930 -0.053161
v 0.100480 1.670538 -0.051756
v 0.113068 1.669392 -0.051282
v 0.125656 1.670538 -0.051756
v 0.137760 1.673930 -0.053161
v 0.148915 1.679439 -0.055443
v 0.158693 1.686852 -0.058514
v 0.166717 1.695886 -0.062256
v 0.172680 1.706192 -0.066525
v 0.177998 1.717375 -0.071157
v 0.049784 1.716658 -0.073518
v 0.053456 1.704787 -0.071157
v 0.059418 1.693846 -0.068981
v 0.067443 1.684256 -0.067073
v 0.077220 1.676386 -0.065508
v 0.088376 1.670538 -0.064344
v 0.100480 1.666937 -0.063628
v 0.113068 1.665721 -0.063386
v 0.125656 1.666937 -0.063628
v 0.137760 1.670538 -0.064344
v 0.148915 1.676386 -0.065508
v 0.158693 1.684256 -0.067073
v 0.166717 1.693846 -0.068980
v 0.172680 1.704787 -0.071157
v 0.177998 1.716658 -0.073518
v 0.049784 1.716416 -0.075974
v 0.053456 1.704312 -0.075974
v 0.059418 1.693157 -0.075974
v 0.067443 1.683379 -0.075974
v 0.077220 1.675355 -0.075974
v 0.088376 1.669392 -0.075974
v 0.100480 1.665721 -0.075974
v 0.113068 1.664481 -0.075974
v 0.125656 1.665721 -0.075974
v 0.137760 1.669392 -0.075974
v 0.148915 1.675355 -0.075974
v 0.158693 1.683379 -0.075974
v 0.166717 1.693157 -0.075974
v 0.172680 1.704312 -0.075974
v 0.177998 1.716416 -0.075974
v 0.049784 1.716658 -0.078430
v 0.053456 1.704787 -0.080791
v 0.059418 1.693846 -0.082967
v 0.067443 1.684256 -0.084875
v 0.077220 1.676386 -0.086440
v 0.088376 1.670538 -0.087604
v 0.100480 1.666937 -0.088320
v 0.113068 1.665721 -0.088562
v 0.125656 1.666937 -0.088320
v 0.137760 1.670538 -0.087604
v 0.148915 1.676386 -0.086440
v 0.158693 1.684256 -0.084875
v 0.166717 1.693846 -0.082967
v 0.172680 1.704787 -0.080791
v 0.177998 1.716658 -0.078430
v 0.049784 1.717375 -0.080791
v 0.053456 1.706192 -0.085423
v 0.059418 1.695886 -0.089692
v 0.067443 1.686852 -0.093434
v 0.077220 1.679439 -0.096505
v 0.088376 1.673930 -0.098787
v 0.100480 1.670538 -0.100192
v 0.113068 1.669393 -0.100666
v 0.125656 1.670538 -0.100192
v 0.137760 1.673930 -0.098787
v 0.148915 1.679439 -0.096505
v 0.158693 1.686852 -0.093434
v 0.166717 1.695886 -0.089692
v 0.172680 1.706192 -0.085423
v 0.177998 1.717375 -0.080791
v 0.049784 1.718538 -0.082967
v 0.053456 1.708474 -0.089692
v 0.059418 1.699198 -0.095890
v 0.067443 1.691069 -0.101322
v 0.077220 1.684397 -0.105780
v 0.088376 1.679439 -0.109093
v 0.100480 1.676386 -0.111133
v 0.113068 1.675355 -0.111821
v 0.125656 1.676386 -0.111133
v 0.137760 1.679439 -0.109093
v 0.148915 1.684397 -0.105780
v 0.158693 1.691069 -0.101322
v 0.166717 1.699198 -0.095890
v 0.172680 1.708474 -0.089692
v 0.177998 1.718538 -0.082967
v 0.049784 1.720104 -0.084875
v 0.053456 1.711545 -0.093434
v 0.059418 1.703657 -0.101322
v 0.067443 1.696743 -0.108236
v 0.077220 1.691069 -0.113910
v 0.088376 1.686852 -0.118126
v 0.100480 1.684256 -0.120722
v 0.113068 1.683379 -0.121599
v 0.125656 1.684256 -0.120722
v 0.137760 1.686852 -0.118126
v 0.148915 1.691069 -0.113910
v 0.158693 1.696743 -0.108236
v 0.166717 1.703657 -0.101322
v 0.172680 1.711544 -0.093434
v 0.177998 1.720104 -0.084875
v 0.049784 1.722011 -0.086440
v 0.053456 1.715286 -0.096505
v 0.059418 1.709089 -0.105780
v 0.067443 1.703657 -0.113910
v 0.077220 1.699198 -0.120582
v 0.088376 1.695886 -0.125540
v 0.100480 1.693846 -0.128592
v 0.113068 1.693157 -0.129623
v 0.125656 1.693846 -0.128592
v 0.137760 1.695886 -0.125540
v 0.148915 1.699198 -0.120582
v 0.158693 1.703657 -0.113910
v 0.166717 1.709089 -0.105780
v 0.172680 1.715286 -0.096505
v 0.177998 1.722011 -0.086440
v 0.049784 1.724187 -0.087604
v 0.053456 1.719555 -0.098787
v 0.059418 1.715286 -0.109093
v 0.067443 1.711545 -0.118126
v 0.077220 1.708474 -0.125540
v 0.088376 1.706192 -0.131048
v 0.100480 1.704787 -0.134441
v 0.113068 1.704312 -0.135586
v 0.125656 1.704787 -0.134441
v 0.137760 1.706192 -0.131048
v 0.148915 1.708474 -0.125540
v 0.158693 1.711544 -0.118126
v 0.166717 1.715286 -0.109093
v 0.172680 1.719555 -0.098787
v 0.177998 1.724187 -0.087604
v 0.049784 1.726549 -0.088320
v 0.053456 1.724187 -0.100192
v 0.059418 1.722011 -0.111133
v 0.067443 1.720104 -0.120722
v 0.077220 1.718538 -0.128593
v 0.088376 1.717375 -0.134441
v 0.100480 1.716658 -0.138042
v 0.113068 1.716416 -0.139258
v 0.125656 1.716658 -0.138042
v 0.137760 1.717375 -0.134441
v 0.148915 1.718538 -0.128592
v 0.158693 1.720104 -0.120722
v 0.166717 1.722011 -0.111133
v 0.172680 1.724187 -0.100192
v 0.177998 1.726549 -0.088320
v 0.113068 1.729005 -0.140498
v 0.125656 1.729005 -0.139258
v 0.137760 1.729005 -0.135586
v 0.172680 1.729005 -0.100666
v 0.177998 1.729005 -0.088562
v 0.179997 1.729005 -0.075974
v 0.049784 1.729005 0.088562
v 0.053456 1.729005 0.100666
v 0.059418 1.729005 0.111821
v 0.067443 1.729005 0.121599
v 0.077220 1.729005 0.129623
v 0.088376 1.729005 0.135586
v 0.100480 1.729005 0.139258
v 0.148915 1.729005 0.129623
v 0.158693 1.729005 0.121599
v 0.166717 1.729005 0.111821
v 0.049784 1.731460 0.088320
v 0.053456 1.733822 0.100192
v 0.059418 1.735998 0.111133
v 0.067443 1.737905 0.120722
v 0.077220 1.739471 0.128593
v 0.088376 1.740634 0.134441
v 0.100480 1.741351 0.138042
v 0.113068 1.741592 0.139258
v 0.125656 1.741350 0.138042
v 0.137760 1.740634 0.134441
v 0.148915 1.739471 0.128593
v 0.158693 1.737905 0.120722
v 0.166717 1.735998 0.111133
v 0.172680 1.733822 0.100192
v 0.177998 1.731460 0.088320
v 0.049784 1.733822 0.087604
v 0.053456 1.738454 0.098787
v 0.059418 1.742723 0.109093
v 0.067443 1.746464 0.118126
v 0.077220 1.749535 0.125540
v 0.088376 1.751817 0.131048
v 0.100480 1.753222 0.134441
v 0.113068 1.753697 0.135586
v 0.125656 1.753222 0.134441
v 0.137760 1.751817 0.131048
v 0.148915 1.749535 0.125540
v 0.158693 1.746464 0.118126
v 0.166717 1.742723 0.109093
v 0.172680 1.738454 0.098786
v 0.177998 1.733822 0.087604
v 0.049784 1.735998 0.086440
v 0.053456 1.742723 0.096505
v 0.059418 1.748920 0.105780
v 0.067443 1.754352 0.113910
v 0.077220 1.758810 0.120582
v 0.088376 1.762123 0.125540
v 0.100480 1.764163 0.128593
v 0.113068 1.764852 0.129623
v 0.125656 1.764163 0.128593
v 0.137760 1.762123 0.125540
v 0.148915 1.758810 0.120582
v 0.158693 1.754352 0.113910
v 0.166717 1.748920 0.105780
v 0.172680 1.742723 0.096505
v 0.177998 1.735998 0.086440
v 0.049784 1.737906 0.084875
v 0.053456 1.746464 0.093434
v 0.059418 1.754352 0.101322
v 0.067443 1.761266 0.108236
v 0.077220 1.766940 0.113910
v 0.088376 1.771157 0.118126
v 0.100480 1.773753 0.120722
v 0.113068 1.774630 0.121599
v 0.125656 1.773753 0.120722
v 0.137760 1.771157 0.118126
v 0.148915 1.766940 0.113910
v 0.158693 1.761266 0.108236
v 0.166717 1.754352 0.101322
v 0.172680 1.746464 0.093434
v 0.177998 1.737905 0.084875
v 0.049784 1.739471 0.082967
v 0.053456 1.749535 0.089692
v 0.059418 1.758810 0.095890
v 0.067443 1.766940 0.101322
v 0.077220 1.773612 0.105780
v 0.088376 1.778570 0.109093
v 0.100480 1.781623 0.111133
v 0.113068 1.782654 0.111821
v 0.125656 1.781623 0.111133
v 0.137760 1.778570 0.109093
v 0.148915 1.773612 0.105780
v 0.158693 1.766940 0.101322
v 0.166717 1.758810 0.095890
v 0.172680 1.749535 0.089692
v 0.177998 1.739471 0.082967
v 0.049784 1.740634 0.080791
v 0.053456 1.751817 0.085423
v 0.059418 1.762123 0.089692
v 0.067443 1.771157 0.093434
v 0.077220 1.778570 0.096505
v 0.088376 1.784079 0.098786
v 0.100480 1.787471 0.100192
v 0.113068 1.788616 0.100666
v 0.125656 1.787471 0.100192
v 0.137760 1.784079 0.098786
v 0.148915 1.778570 0.096505
v 0.158693 1.771156 0.093434
v 0.166717 1.762123 0.089692
v 0.172680 1.751817 0.085423
v 0.177998 1.740634 0.080791
v 0.049784 1.741351 0.078430
v 0.053456 1.753222 0.080791
v 0.059418 1.764163 0.082967
v 0.067443 1.773753 0.084875
v 0.077220 1.781623 0.086440
v 0.088376 1.787471 0.087604
v 0.100480 1.791072 0.088320
v 0.113068 1.792288 0.088562
v 0.125656 1.791072 0.088320
v 0.137760 1.787471 0.087604
v 0.148915 1.781623 0.086440
v 0.158693 1.773753 0.084875
v 0.166717 1.764163 0.082967
v 0.172680 1.753222 0.080791
v 0.177998 1.741350 0.078430
v 0.049784 1.741592 0.075974
v 0.053456 1.753697 0.075974
v 0.059418 1.764852 0.075974
v 0.067443 1.774630 0.075974
v 0.077220 1.782654 0.075974
v 0.088376 1.788616 0.075974
v 0.100480 1.792288 0.075974
v 0.113068 1.793528 0.075974
v 0.125656 1.792288 0.075974
v 0.137760 1.788616 0.075974
v 0.148915 1.782654 0.075974
v 0.158693 1.774630 0.075974
v 0.166717 1.764852 0.075974
v 0.172680 1.753697 0.075974
v 0.177998 1.741592 0.075974
v 0.049784 1.741351 0.073518
v 0.053456 1.753222 0.071157
v 0.059418 1.764163 0.068980
v 0.067443 1.773753 0.067073
v 0.077220 1.781623 0.065507
v 0.088376 1.787471 0.064344
v 0.100480 1.791072 0.063628
v 0.113068 1.792288 0.063386
v 0.125656 1.791072 0.063628
v 0.137760 1.787471 0.064344
v 0.148915 1.781623 0.065507
v 0.158693 1.773753 0.067073
v 0.166717 1.764163 0.068980
v 0.172680 1.753222 0.071157
v 0.177998 1.741350 0.073518
v 0.049784 1.740634 0.071157
v 0.053456 1.751817 0.066525
v 0.059418 1.762123 0.062256
v 0.067443 1.771157 0.058514
v 0.077220 1.778570 0.055443
v 0.088376 1.784079 0.053161
v 0.100480 1.787471 0.051756
v 0.113068 1.788616 0.051282
v 0.125656 1.787471 0.051756
v 0.137760 1.784079 0.053161
v 0.148915 1.778570 0.055443
v 0.158693 1.771156 0.058514
v 0.166717 1.762123 0.062256
v 0.172680 1.751817 0.066525
v 0.177998 1.740634 0.071157
v 0.049784 1.739471 0.068980
v 0.053456 1.749535 0.062256
v 0.059418 1.758810 0.056058
v 0.067443 1.766940 0.050626
v 0.077220 1.773612 0.046168
v 0.088376 1.778570 0.042855
v 0.100480 1.781623 0.040815
v 0.113068 1.782654 0.040127
v 0.125656 1.781623 0.040815
v 0.137760 1.778570 0.042855
v 0.148915 1.773612 0.046168
v 0.158693 1.766940 0.050626
v 0.166717 1.758810 0.056058
v 0.172680 1.749535 0.062256
v 0.177998 1.739471 0.068980
v 0.049784 1.737906 0.067073
v 0.053456 1.746464 0.058514
v 0.059418 1.754352 0.050626
v 0.067443 1.761266 0.043712
v 0.077220 1.766940 0.038038
v 0.088376 1.771157 0.033822
v 0.100480 1.773753 0.031226
v 0.113068 1.774630 0.030349
v 0.125656 1.773753 0.031226
v 0.137760 1.771156 0.033822
v 0.148915 1.766940 0.038038
v 0.158693 1.761266 0.043712
v 0.166717 1.754352 0.050626
v 0.172680 1.746464 0.058514
v 0.177998 1.737905 0.067073
v 0.049784 1.735998 0.065507
v 0.053456 1.742723 0.055443
v 0.059418 1.748920 0.046168
v 0.067443 1.754352 0.038038
v 0.077220 1.758810 0.031366
v 0.088376 1.762123 0.026408
v 0.100480 1.764163 0.023355
v 0.113068 1.764852 0.022325
v 0.125656 1.764163 0.023355
v 0.137760 1.762123 0.026408
v 0.148915 1.758810 0.031366
v 0.158693 1.754352 0.038038
v 0.166717 1.748920 0.046168
v 0.172680 1.742723 0.055443
v 0.177998 1.735998 0.065507
v 0.049784 1.733822 0.064344
v 0.053456 1.738454 0.053161
v 0.059418 1.742723 0.042855
v 0.067443 1.746464 0.033822
v 0.077220 1.749535 0.026408
v 0.088376 1.751817 0.020900
v 0.100480 1.753222 0.017507
v 0.113068 1.753697 0.016362
v 0.125656 1.753222 0.017507
v 0.137760 1.751817 0.020900
v 0.148915 1.749535 0.026408
v 0.158693 1.746464 0.033822
v 0.166717 1.742723 0.042855
v 0.172680 1.738454 0.053161
v 0.177998 1.733822 0.064344
v 0.049784 1.731460 0.063628
v 0.053456 1.733822 0.051756
v 0.059418 1.735998 0.040815
v 0.067443 1.737905 0.031226
v 0.077220 1.739471 0.023355
v 0.088376 1.740634 0.017507
v 0.100480 1.741350 0.013906
v 0.113068 1.741592 0.012690
v 0.125656 1.741350 0.013906
v 0.137760 1.740634 0.017507
v 0.148915 1.739471 0.023355
v 0.158693 1.737905 0.031226
v 0.166717 1.735998 0.040815
v 0.172680 1.733822 0.051756
v 0.177998 1.731460 0.063628
v 0.049784 1.729005 0.063386
v 0.053456 1.729005 0.051282
v 0.059418 1.729005 0.040127
v 0.067443 1.729005 0.030349
v 0.077220 1.729005 0.022325
v 0.088376 1.729005 0.016362
v 0.100480 1.729005 0.012690
v 0.113068 1.729005 0.011450
v 0.125656 1.729005 0.012690
v 0.137760 1.729005 0.016362
v 0.148915 1.729005 0.022325
v 0.158693 1.729005 0.030349
v 0.166717 1.729005 0.040127
v 0.172680 1.729005 0.051282
v 0.177998 1.729005 0.063386
v 0.049784 1.726549 0.063628
v 0.053456 1.724187 0.051756
v 0.059418 1.722011 0.040815
v 0.067443 1.720104 0.031226
v 0.077220 1.718538 0.023355
v 0.088376 1.717375 0.017507
v 0.100480 1.716658 0.013906
v 0.113068 1.716416 0.012690
v 0.125656 1.716658 0.013906
v 0.137760 1.717375 0.017507
v 0.148915 1.718538 0.023355
v 0.158693 1.720104 0.031226
v 0.166717 1.722011 0.040815
v 0.172680 1.724187 0.051756
v 0.177998 1.726549 0.063628
v 0.049784 1.724187 0.064344
v 0.053456 1.719555 0.053161
v 0.059418 1.715286 0.042855
v 0.067443 1.711545 0.033822
v 0.077220 1.708474 0.026408
v 0.088376 1.706192 0.020900
v 0.100480 1.704787 0.017507
v 0.113068 1.704312 0.016362
v 0.125656 1.704787 0.017507
v 0.137760 1.706192 0.020900
v 0.148915 1.708474 0.026408
v 0.158693 1.711544 0.033822
v 0.166717 1.715286 0.042855
v 0.172680 1.719555 0.053161
v 0.177998 1.724187 0.064344
v 0.049784 1.722011 0.065507
v 0.053456 1.715286 0.055443
v 0.059418 1.709089 0.046168
v 0.067443 1.703657 0.038038
v 0.077220 1.699198 0.031366
v 0.088376 1.695886 0.026408
v 0.100480 1.693846 0.023355
v 0.113068 1.693157 0.022325
v 0.125656 1.693846 0.023355
v 0.137760 1.695886 0.026408
v 0.148915 1.699198 0.031366
v 0.158693 1.703657 0.038038
v 0.166717 1.709089 0.046168
v 0.172680 1.715286 0.055443
v 0.177998 1.722011 0.065507
v 0.049784 1.720104 0.067073
v 0.053456 1.711545 0.058514
v 0.059418 1.703657 0.050626
v 0.067443 1.696743 0.043712
v 0.077220 1.691069 0.038038
v 0.088376 1.686852 0.033822
v 0.100480 1.684256 0.031226
v 0.113068 1.683379 0.030349
v 0.125656 1.684256 0.031226
v 0.137760 1.686852 0.033822
v 0.148915 1.691069 0.038038
v 0.158693 1.696743 0.043712
v 0.166717 1.703657 0.050626
v 0.172680 1.711544 0.058514
v 0.177998 1.720104 0.067073
v 0.049784 1.718538 0.068980
v 0.053456 1.708474 0.062256
v 0.059418 1.699198 0.056058
v 0.067443 1.691069 0.050626
v 0.077220 1.684397 0.046168
v 0.088376 1.679439 0.042855
v 0.100480 1.676386 0.040815
v 0.113068 1.675355 0.040127
v 0.125656 1.676386 0.040815
v 0.137760 1.679439 0.042855
v 0.148915 1.684397 0.046168
v 0.158693 1.691069 0.050626
v 0.166717 1.699198 0.056058
v 0.172680 1.708474 0.062256
v 0.177998 1.718538 0.068980
v 0.048544 1.729005 0.075974
v 0.049784 1.717375 0.071157
v 0.053456 1.706192 0.066525
v 0.059418 1.695886 0.062256
v 0.067443 1.686852 0.058514
v 0.077220 1.679439 0.055443
v 0.088376 1.673930 0.053161
v 0.100480 1.670538 0.051756
v 0.113068 1.669392 0.051282
v 0.125656 1.670538 0.051756
v 0.137760 1.673930 0.053161
v 0.148915 1.679439 0.055443
v 0.158693 1.686852 0.058514
v 0.166717 1.695886 0.062256
v 0.172680 1.706192 0.066525
v 0.177998 1.717375 0.071157
v 0.049784 1.716658 0.073518
v 0.053456 1.704787 0.071157
v 0.059418 1.693846 0.068980
v 0.067443 1.684256 0.067073
v 0.077220 1.676386 0.065507
v 0.088376 1.670538 0.064344
v 0.100480 1.666937 0.063628
v 0.113068 1.665721 0.063386
v 0.125656 1.666937 0.063628
v 0.137760 1.670538 0.064344
v 0.148915 1.676386 0.065507
v 0.158693 1.684256 0.067073
v 0.166717 1.693846 0.068980
v 0.172680 1.704787 0.071157
v 0.177998 1.716658 0.073518
v 0.049784 1.716416 0.075974
v 0.053456 1.704312 0.075974
v 0.059418 1.693157 0.075974
v 0.067443 1.683379 0.075974
v 0.077220 1.675355 0.075974
v 0.088376 1.669392 0.075974
v 0.100480 1.665721 0.075974
v 0.113068 1.664481 0.075974
v 0.125656 1.665721 0.075974
v 0.137760 1.669392 0.075974
v 0.148915 1.675355 0.075974
v 0.158693 1.683379 0.075974
v 0.166717 1.693157 0.075974
v 0.172680 1.704312 0.075974
v 0.177998 1.716416 0.075974
v 0.049784 1.716658 0.078430
v 0.053456 1.704787 0.080791
v 0.059418 1.693846 0.082967
v 0.067443 1.684256 0.084875
v 0.077220 1.676386 0.086440
v 0.088376 1.670538 0.087604
v 0.100480 1.666937 0.088320
v 0.113068 1.665721 0.088562
v 0.125656 1.666937 0.088320
v 0.137760 1.670538 0.087604
v 0.148915 1.676386 0.086440
v 0.158693 1.684256 0.084875
v 0.166717 1.693846 0.082967
v 0.172680 1.704787 0.080791
v 0.177998 1.716658 0.078430
v 0.049784 1.717375 0.080791
v 0.053456 1.706192 0.085423
v 0.059418 1.695886 0.089692
v 0.067443 1.686852 0.093434
v 0.077220 1.679439 0.096505
v 0.088376 1.673930 0.098786
v 0.100480 1.670538 0.100192
v 0.113068 1.669393 0.100666
v 0.125656 1.670538 0.100192
v 0.137760 1.673930 0.098787
v 0.148915 1.679439 0.096505
v 0.158693 1.686852 0.093434
v 0.166717 1.695886 0.089692
v 0.172680 1.706192 0.085423
v 0.177998 1.717375 0.080791
v 0.049784 1.718538 0.082967
v 0.053456 1.708474 0.089692
v 0.059418 1.699198 0.095890
v 0.067443 1.691069 0.101322
v 0.077220 1.684397 0.105780
v 0.088376 1.679439 0.109093
v 0.100480 1.676386 0.111133
v 0.113068 1.675355 0.111821
v 0.125656 1.676386 0.111133
v 0.137760 1.679439 0.109093
v 0.148915 1.684397 0.105780
v 0.158693 1.691069 0.101322
v 0.166717 1.699198 0.095890
v 0.172680 1.708474 0.089692
v 0.177998 1.718538 0.082967
v 0.049784 1.720104 0.084875
v 0.053456 1.711545 0.093434
v 0.059418 1.703657 0.101322
v 0.067443 1.696743 0.108236
v 0.077220 1.691069 0.113910
v 0.088376 1.686852 0.118126
v 0.100480 1.684256 0.120722
v 0.113068 1.683379 0.121599
v 0.125656 1.684256 0.120722
v 0.137760 1.686852 0.118126
v 0.148915 1.691069 0.113910
v 0.158693 1.696743 0.108236
v 0.166717 1.703657 0.101322
v 0.172680 1.711544 0.093434
v 0.177998 1.720104 0.084875
v 0.049784 1.722011 0.086440
v 0.053456 1.715286 0.096505
v 0.059418 1.709089 0.105780
v 0.067443 1.703657 0.113910
v 0.077220 1.699198 0.120582
v 0.088376 1.695886 0.125540
v 0.100480 1.693846 0.128592
v 0.113068 1.693157 0.129623
v 0.125656 1.693846 0.128592
v 0.137760 1.695886 0.125540
v 0.148915 1.699198 0.120582
v 0.158693 1.703657 0.113910
v 0.166717 1.709089 0.105780
v 0.172680 1.715286 0.096505
v 0.177998 1.722011 0.086440
v 0.049784 1.724187 0.087604
v 0.053456 1.719555 0.098786
v 0.059418 1.715286 0.109093
v 0.067443 1.711545 0.118126
v 0.077220 1.708474 0.125540
v 0.088376 1.706192 0.131048
v 0.100480 1.704787 0.134441
v 0.113068 1.704312 0.135586
v 0.125656 1.704787 0.134441
v 0.137760 1.706192 0.131048
v 0.148915 1.708474 0.125540
v 0.158693 1.711544 0.118126
v 0.166717 1.715286 0.109093
v 0.172680 1.719555 0.098786
v 0.177998 1.724187 0.087604
v 0.049784 1.726549 0.088320
v 0.053456 1.724187 0.100192
v 0.059418 1.722011 0.111133
v 0.067443 1.720104 0.120722
v 0.077220 1.718538 0.128592
v 0.088376 1.717375 0.134441
v 0.100480 1.716658 0.138042
v 0.113068 1.716416 0.139258
v 0.125656 1.716658 0.138042
v 0.137760 1.717375 0.134441
v 0.148915 1.718538 0.128592
v 0.158693 1.720104 0.120722
v 0.166717 1.722011 0.111133
v 0.172680 1.724187 0.100192
v 0.177998 1.726549 0.088320
v 0.113068 1.729005 0.140497
v 0.125656 1.729005 0.139258
v 0.137760 1.729005 0.135586
v 0.172680 1.729005 0.100666
v 0.177998 1.729005 0.088562
v 0.179997 1.729005 0.075974
vn 0.8286 -0.0000 -0.5598
vn 0.7041 -0.0000 -0.7101
vn 0.7041 0.1385 -0.6965
vn 0.8286 0.1092 -0.5490
vn -0.3805 -0.0000 -0.9248
vn -0.5528 -0.0000 -0.8333
vn -0.5528 0.1626 -0.8173
vn -0.3805 0.1804 -0.9070
vn 0.8984 -0.0000 -0.4391
vn 0.8984 0.0857 -0.4307
vn -0.1939 -0.0000 -0.9810
vn -0.1939 0.1914 -0.9622
vn 0.9573 -0.0000 -0.2892
vn 0.9573 0.0564 -0.2836
vn -0.0000 -0.0000 -1.0000
vn -0.0000 0.1951 -0.9808
vn -0.9796 -0.0000 -0.2010
vn -1.0000 -0.0000 -0.0000
vn -0.9796 0.0392 -0.1971
vn 1.0000 -0.0000 -0.0000
vn 0.1939 -0.0000 -0.9810
vn 0.1939 0.1914 -0.9622
vn -0.9217 -0.0000 -0.3879
vn -0.9217 0.0757 -0.3804
vn 0.3805 -0.0000 -0.9248
vn 0.3805 0.1804 -0.9070
vn -0.8286 -0.0000 -0.5598
vn -0.8286 0.1092 -0.5490
vn 0.5528 -0.0000 -0.8333
vn 0.5528 0.1626 -0.8173
vn -0.7041 -0.0000 -0.7101
vn -0.7041 0.1385 -0.6965
vn 0.5528 0.3189 -0.7699
vn 0.7041 0.2718 -0.6561
vn -0.7041 0.2718 -0.6561
vn -0.5528 0.3189 -0.7699
vn 0.8286 0.2142 -0.5172
vn -0.3805 0.3539 -0.8544
vn 0.8984 0.1680 -0.4057
vn -0.1939 0.3754 -0.9063
vn 0.9573 0.1107 -0.2672
vn -0.0000 0.3827 -0.9239
vn -0.9796 0.0769 -0.1857
vn 0.1939 0.3754 -0.9063
vn -0.9217 0.1484 -0.3584
vn 0.3805 0.3539 -0.8544
vn -0.8286 0.2142 -0.5172
vn -0.9796 0.1117 -0.1671
vn 0.9573 0.1607 -0.2404
vn -0.0000 0.5556 -0.8315
vn 0.1939 0.5450 -0.8157
vn -0.9217 0.2155 -0.3225
vn 0.3805 0.5138 -0.7689
vn -0.8286 0.3110 -0.4654
vn 0.5528 0.4630 -0.6929
vn -0.7041 0.3945 -0.5905
vn 0.7041 0.3945 -0.5905
vn -0.5528 0.4630 -0.6929
vn 0.8286 0.3110 -0.4654
vn -0.3805 0.5138 -0.7689
vn 0.8984 0.2440 -0.3651
vn -0.1939 0.5450 -0.8157
vn -0.7041 0.5021 -0.5021
vn -0.5528 0.5893 -0.5893
vn 0.7041 0.5021 -0.5021
vn 0.8286 0.3958 -0.3958
vn -0.3805 0.6539 -0.6539
vn 0.8984 0.3105 -0.3105
vn -0.1939 0.6937 -0.6937
vn 0.9573 0.2045 -0.2045
vn -0.0000 0.7071 -0.7071
vn -0.9796 0.1421 -0.1421
vn 0.1939 0.6937 -0.6937
vn -0.9217 0.2743 -0.2743
vn 0.3805 0.6539 -0.6539
vn -0.8286 0.3958 -0.3958
vn 0.5528 0.5893 -0.5893
vn -0.0000 0.8315 -0.5556
vn 0.1939 0.8157 -0.5450
vn -0.9796 0.1671 -0.1117
vn -0.9217 0.3225 -0.2155
vn 0.3805 0.7689 -0.5138
vn -0.8286 0.4654 -0.3110
vn 0.5528 0.6929 -0.4630
vn -0.7041 0.5905 -0.3945
vn 0.7041 0.5905 -0.3945
vn -0.5528 0.6929 -0.4630
vn 0.8286 0.4654 -0.3110
vn -0.3805 0.7689 -0.5138
vn 0.8984 0.3651 -0.2439
vn -0.1939 0.8157 -0.5450
vn 0.9573 0.2404 -0.1607
vn 0.7041 0.6561 -0.2718
vn 0.8286 0.5172 -0.2142
vn -0.5528 0.7699 -0.3189
vn -0.3805 0.8544 -0.3539
vn 0.8984 0.4057 -0.1680
vn -0.1939 0.9063 -0.3754
vn 0.9573 0.2672 -0.1107
vn -0.0000 0.9239 -0.3827
vn -0.9796 0.1857 -0.0769
vn 0.1939 0.9063 -0.3754
vn -0.9217 0.3584 -0.1484
vn 0.3805 0.8544 -0.3539
vn -0.8286 0.5172 -0.2142
vn 0.5528 0.7699 -0.3189
vn -0.7041 0.6561 -0.2718
vn 0.1939 0.9622 -0.1914
vn 0.3805 0.9070 -0.1804
vn -0.9217 0.3804 -0.0757
vn -0.8286 0.5490 -0.1092
vn 0.5528 0.8173 -0.1626
vn -0.7041 0.6965 -0.1385
vn 0.7041 0.6965 -0.1385
vn -0.5528 0.8173 -0.1626
vn 0.8286 0.5490 -0.1092
vn -0.3805 0.9070 -0.1804
vn 0.8984 0.4307 -0.0857
vn -0.1939 0.9622 -0.1914
vn 0.9573 0.2836 -0.0564
vn -0.0000 0.9808 -0.1951
vn -0.9796 0.1971 -0.0392
vn 0.8286 0.5598 -0.0000
vn 0.8984 0.4391 -0.0000
vn -0.3805 0.9248 -0.0000
vn -0.1939 0.9810 -0.0000
vn 0.9573 0.2892 -0.0000
vn -0.0000 1.0000 -0.0000
vn -0.9796 0.2010 -0.0000
vn 0.1939 0.9810 -0.0000
vn -0.9217 0.3879 -0.0000
vn 0.3805 0.9248 -0.0000
vn -0.8286 0.5598 -0.0000
vn 0.5528 0.8333 -0.0000
vn -0.7041 0.7101 -0.0000
vn 0.7041 0.7101 -0.0000
vn -0.5528 0.8333 -0.0000
vn -0.9217 0.3804 0.0757
vn -0.8286 0.5490 0.1092
vn 0.3805 0.9070 0.1804
vn 0.5528 0.8173 0.1626
vn -0.7041 0.6965 0.1385
vn 0.7041 0.6965 0.1385
vn -0.5528 0.8173 0.1626
vn 0.8286 0.5490 0.1092
vn -0.3805 0.9070 0.1804
vn 0.8984 0.4307 0.0857
vn -0.1939 0.9622 0.1914
vn 0.9573 0.2836 0.0564
vn -0.0000 0.9808 0.1951
vn -0.9796 0.1971 0.0392
vn 0.1939 0.9622 0.1914
vn -0.3805 0.8544 0.3539
vn -0.1939 0.9063 0.3754
vn 0.8984 0.4057 0.1680
vn 0.9573 0.2672 0.1107
vn -0.0000 0.9239 0.3827
vn -0.9796 0.1857 0.0769
vn 0.1939 0.9063 0.3754
vn -0.9217 0.3584 0.1484
vn 0.3805 0.8544 0.3539
vn -0.8286 0.5172 0.2142
vn 0.5528 0.7699 0.3189
vn -0.7041 0.6561 0.2718
vn 0.7041 0.6561 0.2718
vn -0.5528 0.7699 0.3189
vn 0.8286 0.5172 0.2142
vn 0.3805 0.7689 0.5138
vn 0.5528 0.6929 0.4630
vn -0.8286 0.4654 0.3110
vn -0.7041 0.5905 0.3945
vn 0.7041 0.5905 0.3945
vn -0.5528 0.6929 0.4630
vn 0.8286 0.4654 0.3110
vn -0.3805 0.7689 0.5138
vn 0.8984 0.3651 0.2439
vn -0.1939 0.8157 0.5450
vn 0.9573 0.2404 0.1607
vn -0.0000 0.8315 0.5556
vn -0.9796 0.1671 0.1117
vn 0.1939 0.8157 0.5450
vn -0.9217 0.3225 0.2155
vn 0.8984 0.3105 0.3105
vn 0.9573 0.2045 0.2045
vn -0.1939 0.6937 0.6937
vn -0.0000 0.7071 0.7071
vn -0.9796 0.1421 0.1421
vn 0.1939 0.6937 0.6937
vn -0.9217 0.2743 0.2743
vn 0.3805 0.6539 0.6539
vn -0.8286 0.3958 0.3958
vn 0.5528 0.5893 0.5893
vn -0.7041 0.5021 0.5021
vn 0.7041 0.5021 0.5021
vn -0.5528 0.5893 0.5893
vn 0.8286 0.3958 0.3958
vn -0.3805 0.6539 0.6539
vn -0.8286 0.3110 0.4654
vn -0.7041 0.3945 0.5905
vn 0.5528 0.4630 0.6929
vn 0.7041 0.3945 0.5905
vn -0.5528 0.4630 0.6929
vn 0.8286 0.3110 0.4654
vn -0.3805 0.5138 0.7689
vn 0.8984 0.2440 0.3651
vn -0.1939 0.5450 0.8157
vn 0.9573 0.1607 0.2404
vn -0.0000 0.5556 0.8315
vn -0.9796 0.1117 0.1671
vn 0.1939 0.5450 0.8157
vn -0.9217 0.2155 0.3225
vn 0.3805 0.5138 0.7689
vn -0.1939 0.3754 0.9063
vn -0.0000 0.3827 0.9239
vn -0.9796 0.0769 0.1857
vn 0.9573 0.1107 0.2672
vn 0.1939 0.3754 0.9063
vn -0.9217 0.1484 0.3584
vn 0.3805 0.3539 0.8544
vn -0.8286 0.2142 0.5172
vn 0.5528 0.3189 0.7699
vn -0.7041 0.2718 0.6561
vn 0.7041 0.2718 0.6561
vn -0.5528 0.3189 0.7699
vn 0.8286 0.2142 0.5172
vn -0.3805 0.3539 0.8544
vn 0.8984 0.1680 0.4057
vn 0.5528 0.1626 0.8173
vn 0.7041 0.1385 0.6965
vn -0.7041 0.1385 0.6965
vn -0.5528 0.1626 0.8173
vn 0.8286 0.1092 0.5490
vn -0.3805 0.1804 0.9070
vn 0.8984 0.0857 0.4307
vn -0.1939 0.1914 0.9622
vn 0.9573 0.0564 0.2836
vn -0.0000 0.1951 0.9808
vn -0.9796 0.0392 0.1971
vn 0.1939 0.1914 0.9622
vn -0.9217 0.0757 0.3804
vn 0.3805 0.1804 0.9070
vn -0.8286 0.1092 0.5490
vn 0.9573 -0.0000 0.2892
vn -0.0000 -0.0000 1.0000
vn 0.1939 -0.0000 0.9810
vn -0.9796 -0.0000 0.2010
vn -0.9217 -0.0000 0.3879
vn 0.3805 -0.0000 0.9248
vn -0.8286 -0.0000 0.5598
vn 0.5528 -0.0000 0.8333
vn -0.7041 -0.0000 0.7101
vn 0.7041 -0.0000 0.7101
vn -0.5528 -0.0000 0.8333
vn 0.8286 -0.0000 0.5598
vn -0.3805 -0.0000 0.9248
vn 0.8984 -0.0000 0.4391
vn -0.1939 -0.0000 0.9810
vn 0.7041 -0.1385 0.6965
vn 0.8286 -0.1092 0.5490
vn -0.5528 -0.1626 0.8173
vn -0.3805 -0.1804 0.9070
vn 0.8984 -0.0857 0.4307
vn -0.1939 -0.1914 0.9622
vn 0.9573 -0.0564 0.2836
vn -0.0000 -0.1951 0.9808
vn -0.9796 -0.0392 0.1971
vn 0.1939 -0.1914 0.9622
vn -0.9217 -0.0757 0.3804
vn 0.3805 -0.1804 0.9070
vn -0.8286 -0.1092 0.5490
vn 0.5528 -0.1626 0.8173
vn -0.7041 -0.1385 0.6965
vn -0.9796 -0.0769 0.1857
vn -0.9217 -0.1484 0.3584
vn 0.1939 -0.3754 0.9063
vn 0.3805 -0.3539 0.8544
vn -0.8286 -0.2142 0.5172
vn 0.5528 -0.3189 0.7699
vn -0.7041 -0.2718 0.6561
vn 0.7041 -0.2718 0.6561
vn -0.5528 -0.3189 0.7699
vn 0.8286 -0.2142 0.5172
vn -0.3805 -0.3539 0.8544
vn 0.8984 -0.1680 0.4057
vn -0.1939 -0.3754 0.9063
vn 0.9573 -0.1107 0.2672
vn -0.0000 -0.3827 0.9239
vn -0.5528 -0.4630 0.6929
vn -0.3805 -0.5138 0.7689
vn 0.8286 -0.3110 0.4654
vn 0.8984 -0.2440 0.3651
vn -0.1939 -0.5450 0.8157
vn 0.9573 -0.1607 0.2404
vn -0.0000 -0.5556 0.8315
vn -0.9796 -0.1117 0.1671
vn 0.1939 -0.5450 0.8157
vn -0.9217 -0.2155 0.3225
vn 0.3805 -0.5138 0.7689
vn -0.8286 -0.3110 0.4654
vn 0.5528 -0.4630 0.6929
vn -0.7041 -0.3945 0.5905
vn 0.7041 -0.3945 0.5905
vn 0.1939 -0.6937 0.6937
vn 0.3805 -0.6539 0.6539
vn -0.9217 -0.2743 0.2743
vn -0.8286 -0.3958 0.3958
vn 0.5528 -0.5893 0.5893
vn -0.7041 -0.5021 0.5021
vn 0.7041 -0.5021 0.5021
vn -0.5528 -0.5893 0.5893
vn 0.8286 -0.3958 0.3958
vn -0.3805 -0.6539 0.6539
vn 0.8984 -0.3105 0.3105
vn -0.1939 -0.6937 0.6937
vn 0.9573 -0.2045 0.2045
vn -0.0000 -0.7071 0.7071
vn -0.9796 -0.1421 0.1421
vn 0.8286 -0.4654 0.3110
vn 0.8984 -0.3651 0.2439
vn -0.3805 -0.7689 0.5138
vn -0.1939 -0.8157 0.5450
vn 0.9573 -0.2404 0.1607
vn -0.0000 -0.8315 0.5556
vn -0.9796 -0.1671 0.1117
vn 0.1939 -0.8157 0.5450
vn -0.9217 -0.3225 0.2155
vn 0.3805 -0.7689 0.5138
vn -0.8286 -0.4654 0.3110
vn 0.5528 -0.6929 0.4630
vn -0.7041 -0.5905 0.3945
vn 0.7041 -0.5905 0.3945
vn -0.5528 -0.6929 0.4630
vn -0.9217 -0.3584 0.1484
vn -0.8286 -0.5172 0.2142
vn 0.3805 -0.8544 0.3539
vn 0.5528 -0.7699 0.3189
vn -0.7041 -0.6561 0.2718
vn 0.7041 -0.6561 0.2718
vn -0.5528 -0.7699 0.3189
vn 0.8286 -0.5172 0.2142
vn -0.3805 -0.8544 0.3539
vn 0.8984 -0.4057 0.1680
vn -0.1939 -0.9063 0.3754
vn 0.9573 -0.2672 0.1107
vn -0.0000 -0.9239 0.3827
vn -0.9796 -0.1857 0.0769
vn 0.1939 -0.9063 0.3754
vn -0.3805 -0.9070 0.1804
vn -0.1939 -0.9622 0.1914
vn 0.8984 -0.4307 0.0857
vn 0.9573 -0.2836 0.0564
vn -0.0000 -0.9808 0.1951
vn -0.9796 -0.1971 0.0392
vn 0.1939 -0.9622 0.1914
vn -0.9217 -0.3804 0.0757
vn 0.3805 -0.9070 0.1804
vn -0.8286 -0.5490 0.1092
vn 0.5528 -0.8173 0.1626
vn -0.7041 -0.6965 0.1385
vn 0.7041 -0.6965 0.1385
vn -0.5528 -0.8173 0.1626
vn 0.8286 -0.5490 0.1092
vn 0.3805 -0.9248 -0.0000
vn 0.5528 -0.8333 -0.0000
vn -0.8286 -0.5598 -0.0000
vn -0.7041 -0.7101 -0.0000
vn 0.7041 -0.7101 -0.0000
vn -0.5528 -0.8333 -0.0000
vn 0.8286 -0.5598 -0.0000
vn -0.3805 -0.9248 -0.0000
vn 0.8984 -0.4391 -0.0000
vn -0.1939 -0.9810 -0.0000
vn 0.9573 -0.2892 -0.0000
vn -0.0000 -1.0000 -0.0000
vn -0.9796 -0.2010 -0.0000
vn 0.1939 -0.9810 -0.0000
vn -0.9217 -0.3879 -0.0000
vn 0.8984 -0.4307 -0.0857
vn 0.9573 -0.2836 -0.0564
vn -0.1939 -0.9622 -0.1914
vn -0.0000 -0.9808 -0.1951
vn -0.9796 -0.1971 -0.0392
vn 0.1939 -0.9622 -0.1914
vn -0.9217 -0.3804 -0.0757
vn 0.3805 -0.9070 -0.1804
vn -0.8286 -0.5490 -0.1092
vn 0.5528 -0.8173 -0.1626
vn -0.7041 -0.6965 -0.1385
vn 0.7041 -0.6965 -0.1385
vn -0.5528 -0.8173 -0.1626
vn 0.8286 -0.5490 -0.1092
vn -0.3805 -0.9070 -0.1804
vn 0.5528 -0.7699 -0.3189
vn 0.7041 -0.6561 -0.2718
vn -0.7041 -0.6561 -0.2718
vn -0.5528 -0.7699 -0.3189
vn 0.8286 -0.5172 -0.2142
vn -0.3805 -0.8544 -0.3539
vn 0.8984 -0.4057 -0.1680
vn -0.1939 -0.9063 -0.3754
vn 0.9573 -0.2672 -0.1107
vn -0.0000 -0.9239 -0.3827
vn -0.9796 -0.1857 -0.0769
vn 0.1939 -0.9063 -0.3754
vn -0.9217 -0.3584 -0.1484
vn 0.3805 -0.8544 -0.3539
vn -0.8286 -0.5172 -0.2142
vn -0.9796 -0.1671 -0.1117
vn 0.9573 -0.2404 -0.1607
vn -0.0000 -0.8315 -0.5556
vn 0.1939 -0.8157 -0.5450
vn -0.9217 -0.3225 -0.2155
vn 0.3805 -0.7689 -0.5138
vn -0.8286 -0.4654 -0.3110
vn 0.5528 -0.6929 -0.4630
vn -0.7041 -0.5905 -0.3945
vn 0.7041 -0.5905 -0.3945
vn -0.5528 -0.6929 -0.4630
vn 0.8286 -0.4654 -0.3110
vn -0.3805 -0.7689 -0.5138
vn 0.8984 -0.3651 -0.2439
vn -0.1939 -0.8157 -0.5450
vn -0.7041 -0.5021 -0.5021
vn -0.5528 -0.5893 -0.5893
vn 0.7041 -0.5021 -0.5021
vn 0.8286 -0.3958 -0.3958
vn -0.3805 -0.6539 -0.6539
vn 0.8984 -0.3105 -0.3105
vn -0.1939 -0.6937 -0.6937
vn 0.9573 -0.2045 -0.2045
vn -0.0000 -0.7071 -0.7071
vn -0.9796 -0.1421 -0.1421
vn 0.1939 -0.6937 -0.6937
vn -0.9217 -0.2743 -0.2743
vn 0.3805 -0.6539 -0.6539
vn -0.8286 -0.3958 -0.3958
vn 0.5528 -0.5893 -0.5893
vn -0.0000 -0.5556 -0.8315
vn 0.1939 -0.5450 -0.8157
vn -0.9796 -0.1117 -0.1671
vn -0.9217 -0.2155 -0.3225
vn 0.3805 -0.5138 -0.7689
vn -0.8286 -0.3110 -0.4654
vn 0.5528 -0.4630 -0.6929
vn -0.7041 -0.3945 -0.5905
vn 0.7041 -0.3945 -0.5905
vn -0.5528 -0.4630 -0.6929
vn 0.8286 -0.3110 -0.4654
vn -0.3805 -0.5138 -0.7689
vn 0.8984 -0.2440 -0.3651
vn -0.1939 -0.5450 -0.8157
vn 0.9573 -0.1607 -0.2404
vn 0.7041 -0.2718 -0.6561
vn 0.8286 -0.2142 -0.5172
vn -0.5528 -0.3189 -0.7699
vn -0.3805 -0.3539 -0.8544
vn 0.8984 -0.1680 -0.4057
vn -0.1939 -0.3754 -0.9063
vn 0.9573 -0.1107 -0.2672
vn -0.0000 -0.3827 -0.9239
vn -0.9796 -0.0769 -0.1857
vn 0.1939 -0.3754 -0.9063
vn -0.9217 -0.1484 -0.3584
vn 0.3805 -0.3539 -0.8544
vn -0.8286 -0.2142 -0.5172
vn 0.5528 -0.3189 -0.7699
vn -0.7041 -0.2718 -0.6561
vn -0.9796 -0.0392 -0.1971
vn -0.9217 -0.0757 -0.3804
vn 0.1939 -0.1914 -0.9622
vn 0.3805 -0.1804 -0.9070
vn -0.8286 -0.1092 -0.5490
vn 0.5528 -0.1626 -0.8173
vn -0.7041 -0.1385 -0.6965
vn 0.7041 -0.1385 -0.6965
vn -0.5528 -0.1626 -0.8173
vn 0.8286 -0.1092 -0.5490
vn -0.3805 -0.1804 -0.9070
vn 0.8984 -0.0857 -0.4307
vn -0.1939 -0.1914 -0.9622
vn 0.9573 -0.0564 -0.2836
vn -0.0000 -0.1951 -0.9808
vt 0.750000 0.937500
vt 0.750000 0.875000
vt 0.750000 0.812500
vt 0.750000 0.750000
vt 0.750000 0.687500
vt 0.750000 0.625000
vt 0.750000 0.562500
vt 0.750000 0.312500
vt 0.750000 0.250000
vt 0.750000 0.187500
vt 0.718750 0.937500
vt 0.718750 0.875000
vt 0.718750 0.812500
vt 0.718750 0.750000
vt 0.718750 0.687500
vt 0.718750 0.625000
vt 0.718750 0.562500
vt 0.718750 0.500000
vt 0.718750 0.437500
vt 0.718750 0.375000
vt 0.718750 0.312500
vt 0.718750 0.250000
vt 0.718750 0.187500
vt 0.718750 0.125000
vt 0.718750 0.062500
vt 0.687500 0.937500
vt 0.687500 0.875000
vt 0.687500 0.812500
vt 0.687500 0.750000
vt 0.687500 0.687500
vt 0.687500 0.625000
vt 0.687500 0.562500
vt 0.687500 0.500000
vt 0.687500 0.437500
vt 0.687500 0.375000
vt 0.687500 0.312500
vt 0.687500 0.250000
vt 0.687500 0.187500
vt 0.687500 0.125000
vt 0.687500 0.062500
vt 0.656250 0.937500
vt 0.656250 0.875000
vt 0.656250 0.812500
vt 0.656250 0.750000
vt 0.656250 0.687500
vt 0.656250 0.625000
vt 0.656250 0.562500
vt 0.656250 0.500000
vt 0.656250 0.437500
vt 0.656250 0.375000
vt 0.656250 0.312500
vt 0.656250 0.250000
vt 0.656250 0.187500
vt 0.656250 0.125000
vt 0.656250 0.062500
vt 0.625000 0.937500
vt 0.625000 0.875000
vt 0.625000 0.812500
vt 0.625000 0.750000
vt 0.625000 0.687500
vt 0.625000 0.625000
vt 0.625000 0.562500
vt 0.625000 0.500000
vt 0.625000 0.437500
vt 0.625000 0.375000
vt 0.625000 0.312500
vt 0.625000 0.250000
vt 0.625000 0.187500
vt 0.625000 0.125000
vt 0.625000 0.062500
vt 0.593750 0.937500
vt 0.593750 0.875000
vt 0.593750 0.812500
vt 0.593750 0.750000
vt 0.593750 0.687500
vt 0.593750 0.625000
vt 0.593750 0.562500
vt 0.593750 0.500000
vt 0.593750 0.437500
vt 0.593750 0.375000
vt 0.593750 0.312500
vt 0.593750 0.250000
vt 0.593750 0.187500
vt 0.593750 0.125000
vt 0.593750 0.062500
vt 0.562500 0.937500
vt 0.562500 0.875000
vt 0.562500 0.812500
vt 0.562500 0.750000
vt 0.562500 0.687500
vt 0.562500 0.625000
vt 0.562500 0.562500
vt 0.562500 0.500000
vt 0.562500 0.437500
vt 0.562500 0.375000
vt 0.562500 0.312500
vt 0.562500 0.250000
vt 0.562500 0.187500
vt 0.562500 0.125000
vt 0.562500 0.062500
vt 0.531250 0.937500
vt 0.531250 0.875000
vt 0.531250 0.812500
vt 0.531250 0.750000
vt 0.531250 0.687500
vt 0.531250 0.625000
vt 0.531250 0.562500
vt 0.531250 0.500000
vt 0.531250 0.437500
vt 0.531250 0.375000
vt 0.531250 0.312500
vt 0.531250 0.250000
vt 0.531250 0.187500
vt 0.531250 0.125000
vt 0.531250 0.062500
vt 0.500000 0.937500
vt 0.500000 0.875000
vt 0.500000 0.812500
vt 0.500000 0.750000
vt 0.500000 0.687500
vt 0.500000 0.625000
vt 0.500000 0.562500
vt 0.500000 0.500000
vt 0.500000 0.437500
vt 0.500000 0.375000
vt 0.500000 0.312500
vt 0.500000 0.250000
vt 0.500000 0.187500
vt 0.500000 0.125000
vt 0.500000 0.062500
vt 0.468750 0.937500
vt 0.468750 0.875000
vt 0.468750 0.812500
vt 0.468750 0.750000
vt 0.468750 0.687500
vt 0.468750 0.625000
vt 0.468750 0.562500
vt 0.468750 0.500000
vt 0.468750 0.437500
vt 0.468750 0.375000
vt 0.468750 0.312500
vt 0.468750 0.250000
vt 0.468750 0.187500
vt 0.468750 0.125000
vt 0.468750 0.062500
vt 0.437500 0.937500
vt 0.437500 0.875000
vt 0.437500 0.812500
vt 0.437500 0.750000
vt 0.437500 0.687500
vt 0.437500 0.625000
vt 0.437500 0.562500
vt 0.437500 0.500000
vt 0.437500 0.437500
vt 0.437500 0.375000
vt 0.437500 0.312500
vt 0.437500 0.250000
vt 0.437500 0.187500
vt 0.437500 0.125000
vt 0.437500 0.062500
vt 0.406250 0.937500
vt 0.406250 0.875000
vt 0.406250 0.812500
vt 0.406250 0.750000
vt 0.406250 0.687500
vt 0.406250 0.625000
vt 0.406250 0.562500
vt 0.406250 0.500000
vt 0.406250 0.437500
vt 0.406250 0.375000
vt 0.406250 0.312500
vt 0.406250 0.250000
vt 0.406250 0.187500
vt 0.406250 0.125000
vt 0.406250 0.062500
vt 0.375000 0.937500
vt 0.375000 0.875000
vt 0.375000 0.812500
vt 0.375000 0.750000
vt 0.375000 0.687500
vt 0.375000 0.625000
vt 0.375000 0.562500
vt 0.375000 0.500000
vt 0.375000 0.437500
vt 0.375000 0.375000
vt 0.375000 0.312500
vt 0.375000 0.250000
vt 0.375000 0.187500
vt 0.375000 0.125000
vt 0.375000 0.062500
vt 0.343750 0.937500
vt 0.343750 0.875000
vt 0.343750 0.812500
vt 0.343750 0.750000
vt 0.343750 0.687500
vt 0.343750 0.625000
vt 0.343750 0.562500
vt 0.343750 0.500000
vt 0.343750 0.437500
vt 0.343750 0.375000
vt 0.343750 0.312500
vt 0.343750 0.250000
vt 0.343750 0.187500
vt 0.343750 0.125000
vt 0.343750 0.062500
vt 0.312500 0.937500
vt 0.312500 0.875000
vt 0.312500 0.812500
vt 0.312500 0.750000
vt 0.312500 0.687500
vt 0.312500 0.625000
vt 0.312500 0.562500
vt 0.312500 0.500000
vt 0.312500 0.437500
vt 0.312500 0.375000
vt 0.312500 0.312500
vt 0.312500 0.250000
vt 0.312500 0.187500
vt 0.312500 0.125000
vt 0.312500 0.062500
vt 0.281250 0.937500
vt 0.281250 0.875000
vt 0.281250 0.812500
vt 0.281250 0.750000
vt 0.281250 0.687500
vt 0.281250 0.625000
vt 0.281250 0.562500
vt 0.281250 0.500000
vt 0.281250 0.437500
vt 0.281250 0.375000
vt 0.281250 0.312500
vt 0.281250 0.250000
vt 0.281250 0.187500
vt 0.281250 0.125000
vt 0.281250 0.062500
vt 0.250000 0.937500
vt 0.250000 0.875000
vt 0.250000 0.812500
vt 0.250000 0.750000
vt 0.250000 0.687500
vt 0.250000 0.625000
vt 0.250000 0.562500
vt 0.250000 0.500000
vt 0.250000 0.437500
vt 0.250000 0.375000
vt 0.250000 0.312500
vt 0.250000 0.250000
vt 0.250000 0.187500
vt 0.250000 0.125000
vt 0.250000 0.062500
vt 0.218750 0.937500
vt 0.218750 0.875000
vt 0.218750 0.812500
vt 0.218750 0.750000
vt 0.218750 0.687500
vt 0.218750 0.625000
vt 0.218750 0.562500
vt 0.218750 0.500000
vt 0.218750 0.437500
vt 0.218750 0.375000
vt 0.218750 0.312500
vt 0.218750 0.250000
vt 0.218750 0.187500
vt 0.218750 0.125000
vt 0.218750 0.062500
vt 0.187500 0.937500
vt 0.187500 0.875000
vt 0.187500 0.812500
vt 0.187500 0.750000
vt 0.187500 0.687500
vt 0.187500 0.625000
vt 0.187500 0.562500
vt 0.187500 0.500000
vt 0.187500 0.437500
vt 0.187500 0.375000
vt 0.187500 0.312500
vt 0.187500 0.250000
vt 0.187500 0.187500
vt 0.187500 0.125000
vt 0.187500 0.062500
vt 0.156250 0.937500
vt 0.156250 0.875000
vt 0.156250 0.812500
vt 0.156250 0.750000
vt 0.156250 0.687500
vt 0.156250 0.625000
vt 0.156250 0.562500
vt 0.156250 0.500000
vt 0.156250 0.437500
vt 0.156250 0.375000
vt 0.156250 0.312500
vt 0.156250 0.250000
vt 0.156250 0.187500
vt 0.156250 0.125000
vt 0.156250 0.062500
vt 0.125000 0.937500
vt 0.125000 0.875000
vt 0.125000 0.812500
vt 0.125000 0.750000
vt 0.125000 0.687500
vt 0.125000 0.625000
vt 0.125000 0.562500
vt 0.125000 0.500000
vt 0.125000 0.437500
vt 0.125000 0.375000
vt 0.125000 0.312500
vt 0.125000 0.250000
vt 0.125000 0.187500
vt 0.125000 0.125000
vt 0.125000 0.062500
vt 0.093750 0.937500
vt 0.093750 0.875000
vt 0.093750 0.812500
vt 0.093750 0.750000
vt 0.093750 0.687500
vt 0.093750 0.625000
vt 0.093750 0.562500
vt 0.093750 0.500000
vt 0.093750 0.437500
vt 0.093750 0.375000
vt 0.093750 0.312500
vt 0.093750 0.250000
vt 0.093750 0.187500
vt 0.093750 0.125000
vt 0.093750 0.062500
vt 0.734375 1.000000
vt 0.703125 1.000000
vt 0.671875 1.000000
vt 0.640625 1.000000
vt 0.609375 1.000000
vt 0.578125 1.000000
vt 0.546875 1.000000
vt 0.515625 1.000000
vt 0.484375 1.000000
vt 0.453125 1.000000
vt 0.421875 1.000000
vt 0.390625 1.000000
vt 0.359375 1.000000
vt 0.328125 1.000000
vt 0.296875 1.000000
vt 0.265625 1.000000
vt 0.234375 1.000000
vt 0.203125 1.000000
vt 0.171875 1.000000
vt 0.140625 1.000000
vt 0.109375 1.000000
vt 0.078125 1.000000
vt 0.046875 1.000000
vt 0.015625 1.000000
vt 0.984375 1.000000
vt 0.953125 1.000000
vt 0.921875 1.000000
vt 0.890625 1.000000
vt 0.859375 1.000000
vt 0.828125 1.000000
vt 0.796875 1.000000
vt 0.765625 1.000000
vt 0.062500 0.937500
vt 0.062500 0.875000
vt 0.062500 0.812500
vt 0.062500 0.750000
vt 0.062500 0.687500
vt 0.062500 0.625000
vt 0.062500 0.562500
vt 0.062500 0.500000
vt 0.062500 0.437500
vt 0.062500 0.375000
vt 0.062500 0.312500
vt 0.062500 0.250000
vt 0.062500 0.187500
vt 0.062500 0.125000
vt 0.062500 0.062500
vt 0.031250 0.937500
vt 0.031250 0.875000
vt 0.031250 0.812500
vt 0.031250 0.750000
vt 0.031250 0.687500
vt 0.031250 0.625000
vt 0.031250 0.562500
vt 0.031250 0.500000
vt 0.031250 0.437500
vt 0.031250 0.375000
vt 0.031250 0.312500
vt 0.031250 0.250000
vt 0.031250 0.187500
vt 0.031250 0.125000
vt 0.031250 0.062500
vt 0.000000 0.937500
vt 1.000000 0.937500
vt 0.000000 0.875000
vt 1.000000 0.875000
vt 0.000000 0.812500
vt 1.000000 0.812500
vt 0.000000 0.750000
vt 1.000000 0.750000
vt 0.000000 0.687500
vt 1.000000 0.687500
vt 0.000000 0.625000
vt 1.000000 0.625000
vt 0.000000 0.562500
vt 1.000000 0.562500
vt 0.000000 0.500000
vt 1.000000 0.500000
vt 0.000000 0.437500
vt 1.000000 0.437500
vt 0.000000 0.375000
vt 1.000000 0.375000
vt 0.000000 0.312500
vt 1.000000 0.312500
vt 0.000000 0.250000
vt 1.000000 0.250000
vt 0.000000 0.187500
vt 1.000000 0.187500
vt 0.000000 0.125000
vt 1.000000 0.125000
vt 0.000000 0.062500
vt 1.000000 0.062500
vt 0.968750 0.937500
vt 0.968750 0.875000
vt 0.968750 0.812500
vt 0.968750 0.750000
vt 0.968750 0.687500
vt 0.968750 0.625000
vt 0.968750 0.562500
vt 0.968750 0.500000
vt 0.968750 0.437500
vt 0.968750 0.375000
vt 0.968750 0.312500
vt 0.968750 0.250000
vt 0.968750 0.187500
vt 0.968750 0.125000
vt 0.968750 0.062500
vt 0.937500 0.937500
vt 0.937500 0.875000
vt 0.937500 0.812500
vt 0.937500 0.750000
vt 0.937500 0.687500
vt 0.937500 0.625000
vt 0.937500 0.562500
vt 0.937500 0.500000
vt 0.937500 0.437500
vt 0.937500 0.375000
vt 0.937500 0.312500
vt 0.937500 0.250000
vt 0.937500 0.187500
vt 0.937500 0.125000
vt 0.937500 0.062500
vt 0.906250 0.937500
vt 0.906250 0.875000
vt 0.906250 0.812500
vt 0.906250 0.750000
vt 0.906250 0.687500
vt 0.906250 0.625000
vt 0.906250 0.562500
vt 0.906250 0.500000
vt 0.906250 0.437500
vt 0.906250 0.375000
vt 0.906250 0.312500
vt 0.906250 0.250000
vt 0.906250 0.187500
vt 0.906250 0.125000
vt 0.906250 0.062500
vt 0.875000 0.937500
vt 0.875000 0.875000
vt 0.875000 0.812500
vt 0.875000 0.750000
vt 0.875000 0.687500
vt 0.875000 0.625000
vt 0.875000 0.562500
vt 0.875000 0.500000
vt 0.875000 0.437500
vt 0.875000 0.375000
vt 0.875000 0.312500
vt 0.875000 0.250000
vt 0.875000 0.187500
vt 0.875000 0.125000
vt 0.875000 0.062500
vt 0.843750 0.937500
vt 0.843750 0.875000
vt 0.843750 0.812500
vt 0.843750 0.750000
vt 0.843750 0.687500
vt 0.843750 0.625000
vt 0.843750 0.562500
vt 0.843750 0.500000
vt 0.843750 0.437500
vt 0.843750 0.375000
vt 0.843750 0.312500
vt 0.843750 0.250000
vt 0.843750 0.187500
vt 0.843750 0.125000
vt 0.843750 0.062500
vt 0.812500 0.937500
vt 0.812500 0.875000
vt 0.812500 0.812500
vt 0.812500 0.750000
vt 0.812500 0.687500
vt 0.812500 0.625000
vt 0.812500 0.562500
vt 0.812500 0.500000
vt 0.812500 0.437500
vt 0.812500 0.375000
vt 0.812500 0.312500
vt 0.812500 0.250000
vt 0.812500 0.187500
vt 0.812500 0.125000
vt 0.812500 0.062500
vt 0.781250 0.937500
vt 0.781250 0.875000
vt 0.781250 0.812500
vt 0.781250 0.750000
vt 0.781250 0.687500
vt 0.781250 0.625000
vt 0.781250 0.562500
vt 0.781250 0.500000
vt 0.781250 0.437500
vt 0.781250 0.375000
vt 0.781250 0.312500
vt 0.781250 0.250000
vt 0.781250 0.187500
vt 0.781250 0.125000
vt 0.781250 0.062500
vt 0.750000 0.500000
vt 0.750000 0.437500
vt 0.750000 0.375000
vt 0.750000 0.125000
vt 0.750000 0.062500
vt 0.734375 0.000000
vt 0.703125 0.000000
vt 0.671875 0.000000
vt 0.640625 0.000000
vt 0.609375 0.000000
vt 0.578125 0.000000
vt 0.546875 0.000000
vt 0.515625 0.000000
vt 0.484375 0.000000
vt 0.453125 0.000000
vt 0.421875 0.000000
vt 0.390625 0.000000
vt 0.359375 0.000000
vt 0.328125 0.000000
vt 0.296875 0.000000
vt 0.265625 0.000000
vt 0.234375 0.000000
vt 0.203125 0.000000
vt 0.171875 0.000000
vt 0.140625 0.000000
vt 0.109375 0.000000
vt 0.078125 0.000000
vt 0.046875 0.000000
vt 0.015625 0.000000
vt 0.984375 0.000000
vt 0.953125 0.000000
vt 0.921875 0.000000
vt 0.890625 0.000000
vt 0.859375 0.000000
vt 0.828125 0.000000
vt 0.796875 0.000000
vt 0.765625 0.000000
vt 0.750000 0.937500
vt 0.750000 0.875000
vt 0.750000 0.812500
vt 0.750000 0.750000
vt 0.750000 0.687500
vt 0.750000 0.625000
vt 0.750000 0.562500
vt 0.750000 0.312500
vt 0.750000 0.250000
vt 0.750000 0.187500
vt 0.718750 0.937500
vt 0.718750 0.875000
vt 0.718750 0.812500
vt 0.718750 0.750000
vt 0.718750 0.687500
vt 0.718750 0.625000
vt 0.718750 0.562500
vt 0.718750 0.500000
vt 0.718750 0.437500
vt 0.718750 0.375000
vt 0.718750 0.312500
vt 0.718750 0.250000
vt 0.718750 0.187500
vt 0.718750 0.125000
vt 0.718750 0.062500
vt 0.687500 0.937500
vt 0.687500 0.875000
vt 0.687500 0.812500
vt 0.687500 0.750000
vt 0.687500 0.687500
vt 0.687500 0.625000
vt 0.687500 0.562500
vt 0.687500 0.500000
vt 0.687500 0.437500
vt 0.687500 0.375000
vt 0.687500 0.312500
vt 0.687500 0.250000
vt 0.687500 0.187500
vt 0.687500 0.125000
vt 0.687500 0.062500
vt 0.656250 0.937500
vt 0.656250 0.875000
vt 0.656250 0.812500
vt 0.656250 0.750000
vt 0.656250 0.687500
vt 0.656250 0.625000
vt 0.656250 0.562500
vt 0.656250 0.500000
vt 0.656250 0.437500
vt 0.656250 0.375000
vt 0.656250 0.312500
vt 0.656250 0.250000
vt 0.656250 0.187500
vt 0.656250 0.125000
vt 0.656250 0.062500
vt 0.625000 0.937500
vt 0.625000 0.875000
vt 0.625000 0.812500
vt 0.625000 0.750000
vt 0.625000 0.687500
vt 0.625000 0.625000
vt 0.625000 0.562500
vt 0.625000 0.500000
vt 0.625000 0.437500
vt 0.625000 0.375000
vt 0.625000 0.312500
vt 0.625000 0.250000
vt 0.625000 0.187500
vt 0.625000 0.125000
vt 0.625000 0.062500
vt 0.593750 0.937500
vt 0.593750 0.875000
vt 0.593750 0.812500
vt 0.593750 0.750000
vt 0.593750 0.687500
vt 0.593750 0.625000
vt 0.593750 0.562500
vt 0.593750 0.500000
vt 0.593750 0.437500
vt 0.593750 0.375000
vt 0.593750 0.312500
vt 0.593750 0.250000
vt 0.593750 0.187500
vt 0.593750 0.125000
vt 0.593750 0.062500
vt 0.562500 0.937500
vt 0.562500 0.875000
vt 0.562500 0.812500
vt 0.562500 0.750000
vt 0.562500 0.687500
vt 0.562500 0.625000
vt 0.562500 0.562500
vt 0.562500 0.500000
vt 0.562500 0.437500
vt 0.562500 0.375000
vt 0.562500 0.312500
vt 0.562500 0.250000
vt 0.562500 0.187500
vt 0.562500 0.125000
vt 0.562500 0.062500
vt 0.531250 0.937500
vt 0.531250 0.875000
vt 0.531250 0.812500
vt 0.531250 0.750000
vt 0.531250 0.687500
vt 0.531250 0.625000
vt 0.531250 0.562500
vt 0.531250 0.500000
vt 0.531250 0.437500
vt 0.531250 0.375000
vt 0.531250 0.312500
vt 0.531250 0.250000
vt 0.531250 0.187500
vt 0.531250 0.125000
vt 0.531250 0.062500
vt 0.500000 0.937500
vt 0.500000 0.875000
vt 0.500000 0.812500
vt 0.500000 0.750000
vt 0.500000 0.687500
vt 0.500000 0.625000
vt 0.500000 0.562500
vt 0.500000 0.500000
vt 0.500000 0.437500
vt 0.500000 0.375000
vt 0.500000 0.312500
vt 0.500000 0.250000
vt 0.500000 0.187500
vt 0.500000 0.125000
vt 0.500000 0.062500
vt 0.468750 0.937500
vt 0.468750 0.875000
vt 0.468750 0.812500
vt 0.468750 0.750000
vt 0.468750 0.687500
vt 0.468750 0.625000
vt 0.468750 0.562500
vt 0.468750 0.500000
vt 0.468750 0.437500
vt 0.468750 0.375000
vt 0.468750 0.312500
vt 0.468750 0.250000
vt 0.468750 0.187500
vt 0.468750 0.125000
vt 0.468750 0.062500
vt 0.437500 0.937500
vt 0.437500 0.875000
vt 0.437500 0.812500
vt 0.437500 0.750000
vt 0.437500 0.687500
vt 0.437500 0.625000
vt 0.437500 0.562500
vt 0.437500 0.500000
vt 0.437500 0.437500
vt 0.437500 0.375000
vt 0.437500 0.312500
vt 0.437500 0.250000
vt 0.437500 0.187500
vt 0.437500 0.125000
vt 0.437500 0.062500
vt 0.406250 0.937500
vt 0.406250 0.875000
vt 0.406250 0.812500
vt 0.406250 0.750000
vt 0.406250 0.687500
vt 0.406250 0.625000
vt 0.406250 0.562500
vt 0.406250 0.500000
vt 0.406250 0.437500
vt 0.406250 0.375000
vt 0.406250 0.312500
vt 0.406250 0.250000
vt 0.406250 0.187500
vt 0.406250 0.125000
vt 0.406250 0.062500
vt 0.375000 0.937500
vt 0.375000 0.875000
vt 0.375000 0.812500
vt 0.375000 0.750000
vt 0.375000 0.687500
vt 0.375000 0.625000
vt 0.375000 0.562500
vt 0.375000 0.500000
vt 0.375000 0.437500
vt 0.375000 0.375000
vt 0.375000 0.312500
vt 0.375000 0.250000
vt 0.375000 0.187500
vt 0.375000 0.125000
vt 0.375000 0.062500
vt 0.343750 0.937500
vt 0.343750 0.875000
vt 0.343750 0.812500
vt 0.343750 0.750000
vt 0.343750 0.687500
vt 0.343750 0.625000
vt 0.343750 0.562500
vt 0.343750 0.500000
vt 0.343750 0.437500
vt 0.343750 0.375000
vt 0.343750 0.312500
vt 0.343750 0.250000
vt 0.343750 0.187500
vt 0.343750 0.125000
vt 0.343750 0.062500
vt 0.312500 0.937500
vt 0.312500 0.875000
vt 0.312500 0.812500
vt 0.312500 0.750000
vt 0.312500 0.687500
vt 0.312500 0.625000
vt 0.312500 0.562500
vt 0.312500 0.500000
vt 0.312500 0.437500
vt 0.312500 0.375000
vt 0.312500 0.312500
vt 0.312500 0.250000
vt 0.312500 0.187500
vt 0.312500 0.125000
vt 0.312500 0.062500
vt 0.281250 0.937500
vt 0.281250 0.875000
vt 0.281250 0.812500
vt 0.281250 0.750000
vt 0.281250 0.687500
vt 0.281250 0.625000
vt 0.281250 0.562500
vt 0.281250 0.500000
vt 0.281250 0.437500
vt 0.281250 0.375000
vt 0.281250 0.312500
vt 0.281250 0.250000
vt 0.281250 0.187500
vt 0.281250 0.125000
vt 0.281250 0.062500
vt 0.250000 0.937500
vt 0.250000 0.875000
vt 0.250000 0.812500
vt 0.250000 0.750000
vt 0.250000 0.687500
vt 0.250000 0.625000
vt 0.250000 0.562500
vt 0.250000 0.500000
vt 0.250000 0.437500
vt 0.250000 0.375000
vt 0.250000 0.312500
vt 0.250000 0.250000
vt 0.250000 0.187500
vt 0.250000 0.125000
vt 0.250000 0.062500
vt 0.218750 0.937500
vt 0.218750 0.875000
vt 0.218750 0.812500
vt 0.218750 0.750000
vt 0.218750 0.687500
vt 0.218750 0.625000
vt 0.218750 0.562500
vt 0.218750 0.500000
vt 0.218750 0.437500
vt 0.218750 0.375000
vt 0.218750 0.312500
vt 0.218750 0.250000
vt 0.218750 0.187500
vt 0.218750 0.125000
vt 0.218750 0.062500
vt 0.187500 0.937500
vt 0.187500 0.875000
vt 0.187500 0.812500
vt 0.187500 0.750000
vt 0.187500 0.687500
vt 0.187500 0.625000
vt 0.187500 0.562500
vt 0.187500 0.500000
vt 0.187500 0.437500
vt 0.187500 0.375000
vt 0.187500 0.312500
vt 0.187500 0.250000
vt 0.187500 0.187500
vt 0.187500 0.125000
vt 0.187500 0.062500
vt 0.156250 0.937500
vt 0.156250 0.875000
vt 0.156250 0.812500
vt 0.156250 0.750000
vt 0.156250 0.687500
vt 0.156250 0.625000
vt 0.156250 0.562500
vt 0.156250 0.500000
vt 0.156250 0.437500
vt 0.156250 0.375000
vt 0.156250 0.312500
vt 0.156250 0.250000
vt 0.156250 0.187500
vt 0.156250 0.125000
vt 0.156250 0.062500
vt 0.125000 0.937500
vt 0.125000 0.875000
vt 0.125000 0.812500
vt 0.125000 0.750000
vt 0.125000 0.687500
vt 0.125000 0.625000
vt 0.125000 0.562500
vt 0.125000 0.500000
vt 0.125000 0.437500
vt 0.125000 0.375000
vt 0.125000 0.312500
vt 0.125000 0.250000
vt 0.125000 0.187500
vt 0.125000 0.125000
vt 0.125000 0.062500
vt 0.093750 0.937500
vt 0.093750 0.875000
vt 0.093750 0.812500
vt 0.093750 0.750000
vt 0.093750 0.687500
vt 0.093750 0.625000
vt 0.093750 0.562500
vt 0.093750 0.500000
vt 0.093750 0.437500
vt 0.093750 0.375000
vt 0.093750 0.312500
vt 0.093750 0.250000
vt 0.093750 0.187500
vt 0.093750 0.125000
vt 0.093750 0.062500
vt 0.734375 1.000000
vt 0.703125 1.000000
vt 0.671875 1.000000
vt 0.640625 1.000000
vt 0.609375 1.000000
vt 0.578125 1.000000
vt 0.546875 1.000000
vt 0.515625 1.000000
vt 0.484375 1.000000
vt 0.453125 1.000000
vt 0.421875 1.000000
vt 0.390625 1.000000
vt 0.359375 1.000000
vt 0.328125 1.000000
vt 0.296875 1.000000
vt 0.265625 1.000000
vt 0.234375 1.000000
vt 0.203125 1.000000
vt 0.171875 1.000000
vt 0.140625 1.000000
vt 0.109375 1.000000
vt 0.078125 1.000000
vt 0.046875 1.000000
vt 0.015625 1.000000
vt 0.984375 1.000000
vt 0.953125 1.000000
vt 0.921875 1.000000
vt 0.890625 1.000000
vt 0.859375 1.000000
vt 0.828125 1.000000
vt 0.796875 1.000000
vt 0.765625 1.000000
vt 0.062500 0.937500
vt 0.062500 0.875000
vt 0.062500 0.812500
vt 0.062500 0.750000
vt 0.062500 0.687500
vt 0.062500 0.625000
vt 0.062500 0.562500
vt 0.062500 0.500000
vt 0.062500 0.437500
vt 0.062500 0.375000
vt 0.062500 0.312500
vt 0.062500 0.250000
vt 0.062500 0.187500
vt 0.062500 0.125000
vt 0.062500 0.062500
vt 0.031250 0.937500
vt 0.031250 0.875000
vt 0.031250 0.812500
vt 0.031250 0.750000
vt 0.031250 0.687500
vt 0.031250 0.625000
vt 0.031250 0.562500
vt 0.031250 0.500000
vt 0.031250 0.437500
vt 0.031250 0.375000
vt 0.031250 0.312500
vt 0.031250 0.250000
vt 0.031250 0.187500
vt 0.031250 0.125000
vt 0.031250 0.062500
vt 0.000000 0.937500
vt 1.000000 0.937500
vt 0.000000 0.875000
vt 1.000000 0.875000
vt 0.000000 0.812500
vt 1.000000 0.812500
vt 0.000000 0.750000
vt 1.000000 0.750000
vt 0.000000 0.687500
vt 1.000000 0.687500
vt 0.000000 0.625000
vt 1.000000 0.625000
vt 0.000000 0.562500
vt 1.000000 0.562500
vt 0.000000 0.500000
vt 1.000000 0.500000
vt 0.000000 0.437500
vt 1.000000 0.437500
vt 0.000000 0.375000
vt 1.000000 0.375000
vt 0.000000 0.312500
vt 1.000000 0.312500
vt 0.000000 0.250000
vt 1.000000 0.250000
vt 0.000000 0.187500
vt 1.000000 0.187500
vt 0.000000 0.125000
vt 1.000000 0.125000
vt 0.000000 0.062500
vt 1.000000 0.062500
vt 0.968750 0.937500
vt 0.968750 0.875000
vt 0.968750 0.812500
vt 0.968750 0.750000
vt 0.968750 0.687500
vt 0.968750 0.625000
vt 0.968750 0.562500
vt 0.968750 0.500000
vt 0.968750 0.437500
vt 0.968750 0.375000
vt 0.968750 0.312500
vt 0.968750 0.250000
vt 0.968750 0.187500
vt 0.968750 0.125000
vt 0.968750 0.062500
vt 0.937500 0.937500
vt 0.937500 0.875000
vt 0.937500 0.812500
vt 0.937500 0.750000
vt 0.937500 0.687500
vt 0.937500 0.625000
vt 0.937500 0.562500
vt 0.937500 0.500000
vt 0.937500 0.437500
vt 0.937500 0.375000
vt 0.937500 0.312500
vt 0.937500 0.250000
vt 0.937500 0.187500
vt 0.937500 0.125000
vt 0.937500 0.062500
vt 0.906250 0.937500
vt 0.906250 0.875000
vt 0.906250 0.812500
vt 0.906250 0.750000
vt 0.906250 0.687500
vt 0.906250 0.625000
vt 0.906250 0.562500
vt 0.906250 0.500000
vt 0.906250 0.437500
vt 0.906250 0.375000
vt 0.906250 0.312500
vt 0.906250 0.250000
vt 0.906250 0.187500
vt 0.906250 0.125000
vt 0.906250 0.062500
vt 0.875000 0.937500
vt 0.875000 0.875000
vt 0.875000 0.812500
vt 0.875000 0.750000
vt 0.875000 0.687500
vt 0.875000 0.625000
vt 0.875000 0.562500
vt 0.875000 0.500000
vt 0.875000 0.437500
vt 0.875000 0.375000
vt 0.875000 0.312500
vt 0.875000 0.250000
vt 0.875000 0.187500
vt 0.875000 0.125000
vt 0.875000 0.062500
vt 0.843750 0.937500
vt 0.843750 0.875000
vt 0.843750 0.812500
vt 0.843750 0.750000
vt 0.843750 0.687500
vt 0.843750 0.625000
vt 0.843750 0.562500
vt 0.843750 0.500000
vt 0.843750 0.437500
vt 0.843750 0.375000
vt 0.843750 0.312500
vt 0.843750 0.250000
vt 0.843750 0.187500
vt 0.843750 0.125000
vt 0.843750 0.062500
vt 0.812500 0.937500
vt 0.812500 0.875000
vt 0.812500 0.812500
vt 0.812500 0.750000
vt 0.812500 0.687500
vt 0.812500 0.625000
vt 0.812500 0.562500
vt 0.812500 0.500000
vt 0.812500 0.437500
vt 0.812500 0.375000
vt 0.812500 0.312500
vt 0.812500 0.250000
vt 0.812500 0.187500
vt 0.812500 0.125000
vt 0.812500 0.062500
vt 0.781250 0.937500
vt 0.781250 0.875000
vt 0.781250 0.812500
vt 0.781250 0.750000
vt 0.781250 0.687500
vt 0.781250 0.625000
vt 0.781250 0.562500
vt 0.781250 0.500000
vt 0.781250 0.437500
vt 0.781250 0.375000
vt 0.781250 0.312500
vt 0.781250 0.250000
vt 0.781250 0.187500
vt 0.781250 0.125000
vt 0.781250 0.062500
vt 0.750000 0.500000
vt 0.750000 0.437500
vt 0.750000 0.375000
vt 0.750000 0.125000
vt 0.750000 0.062500
vt 0.734375 0.000000
vt 0.703125 0.000000
vt 0.671875 0.000000
vt 0.640625 0.000000
vt 0.609375 0.000000
vt 0.578125 0.000000
vt 0.546875 0.000000
vt 0.515625 0.000000
vt 0.484375 0.000000
vt 0.453125 0.000000
vt 0.421875 0.000000
vt 0.390625 0.000000
vt 0.359375 0.000000
vt 0.328125 0.000000
vt 0.296875 0.000000
vt 0.265625 0.000000
vt 0.234375 0.000000
vt 0.203125 0.000000
vt 0.171875 0.000000
vt 0.140625 0.000000
vt 0.109375 0.000000
vt 0.078125 0.000000
vt 0.046875 0.000000
vt 0.015625 0.000000
vt 0.984375 0.000000
vt 0.953125 0.000000
vt 0.921875 0.000000
vt 0.890625 0.000000
vt 0.859375 0.000000
vt 0.828125 0.000000
vt 0.796875 0.000000
vt 0.765625 0.000000
s 1
usemtl Ojo.Transp
f 3564/3954/3022 3563/3953/3023 3576/3966/3024 3577/3967/3025
f 3560/3950/3026 3559/3949/3027 3569/3959/3028 3570/3960/3029
f 4034/4470/3030 3564/3954/3022 3577/3967/3025 3578/3968/3031
f 3561/3951/3032 3560/3950/3026 3570/3960/3029 3571/3961/3033
f 4035/4471/3034 4034/4470/3030 3578/3968/3031 3579/3969/3035
f 4031/4467/3036 3561/3951/3032 3571/3961/3033 3572/3962/3037
f 3555/3945/3038 3880/4270/3039 3565/3955/3040
f 4036/4472/3041 4035/4471/3034 3579/3969/3035
f 4032/4468/3042 4031/4467/3036 3572/3962/3037 3573/3963/3043
f 3556/3946/3044 3555/3945/3038 3565/3955/3040 3566/3956/3045
f 4033/4469/3046 4032/4468/3042 3573/3963/3043 3574/3964/3047
f 3557/3947/3048 3556/3946/3044 3566/3956/3045 3567/3957/3049
f 3562/3952/3050 4033/4469/3046 3574/3964/3047 3575/3965/3051
f 3558/3948/3052 3557/3947/3048 3567/3957/3049 3568/3958/3053
f 3563/3953/3023 3562/3952/3050 3575/3965/3051 3576/3966/3024
f 3559/3949/3027 3558/3948/3052 3568/3958/3053 3569/3959/3028
f 3576/3966/3024 3575/3965/3051 3590/3980/3054 3591/3981/3055
f 3569/3959/3028 3568/3958/3053 3583/3973/3056 3584/3974/3057
f 3577/3967/3025 3576/3966/3024 3591/3981/3055 3592/3982/3058
f 3570/3960/3029 3569/3959/3028 3584/3974/3057 3585/3975/3059
f 3578/3968/3031 3577/3967/3025 3592/3982/3058 3593/3983/3060
f 3571/3961/3033 3570/3960/3029 3585/3975/3059 3586/3976/3061
f 3579/3969/3035 3578/3968/3031 3593/3983/3060 3594/3984/3062
f 3572/3962/3037 3571/3961/3033 3586/3976/3061 3587/3977/3063
f 3565/3955/3040 3880/4271/3039 3580/3970/3064
f 4036/4473/3041 3579/3969/3035 3594/3984/3062
f 3573/3963/3043 3572/3962/3037 3587/3977/3063 3588/3978/3065
f 3566/3956/3045 3565/3955/3040 3580/3970/3064 3581/3971/3066
f 3574/3964/3047 3573/3963/3043 3588/3978/3065 3589/3979/3067
f 3567/3957/3049 3566/3956/3045 3581/3971/3066 3582/3972/3068
f 3575/3965/3051 3574/3964/3047 3589/3979/3067 3590/3980/3054
f 3568/3958/3053 3567/3957/3049 3582/3972/3068 3583/3973/3056
f 3580/3970/3064 3880/4272/3039 3595/3985/3069
f 4036/4474/3041 3594/3984/3062 3609/3999/3070
f 3588/3978/3065 3587/3977/3063 3602/3992/3071 3603/3993/3072
f 3581/3971/3066 3580/3970/3064 3595/3985/3069 3596/3986/3073
f 3589/3979/3067 3588/3978/3065 3603/3993/3072 3604/3994/3074
f 3582/3972/3068 3581/3971/3066 3596/3986/3073 3597/3987/3075
f 3590/3980/3054 3589/3979/3067 3604/3994/3074 3605/3995/3076
f 3583/3973/3056 3582/3972/3068 3597/3987/3075 3598/3988/3077
f 3591/3981/3055 3590/3980/3054 3605/3995/3076 3606/3996/3078
f 3584/3974/3057 3583/3973/3056 3598/3988/3077 3599/3989/3079
f 3592/3982/3058 3591/3981/3055 3606/3996/3078 3607/3997/3080
f 3585/3975/3059 3584/3974/3057 3599/3989/3079 3600/3990/3081
f 3593/3983/3060 3592/3982/3058 3607/3997/3080 3608/3998/3082
f 3586/3976/3061 3585/3975/3059 3600/3990/3081 3601/3991/3083
f 3594/3984/3062 3593/3983/3060 3608/3998/3082 3609/3999/3070
f 3587/3977/3063 3586/3976/3061 3601/3991/3083 3602/3992/3071
f 3599/3989/3079 3598/3988/3077 3613/4003/3084 3614/4004/3085
f 3607/3997/3080 3606/3996/3078 3621/4011/3086 3622/4012/3087
f 3600/3990/3081 3599/3989/3079 3614/4004/3085 3615/4005/3088
f 3608/3998/3082 3607/3997/3080 3622/4012/3087 3623/4013/3089
f 3601/3991/3083 3600/3990/3081 3615/4005/3088 3616/4006/3090
f 3609/3999/3070 3608/3998/3082 3623/4013/3089 3624/4014/3091
f 3602/3992/3071 3601/3991/3083 3616/4006/3090 3617/4007/3092
f 3595/3985/3069 3880/4273/3039 3610/4000/3093
f 4036/4475/3041 3609/3999/3070 3624/4014/3091
f 3603/3993/3072 3602/3992/3071 3617/4007/3092 3618/4008/3094
f 3596/3986/3073 3595/3985/3069 3610/4000/3093 3611/4001/3095
f 3604/3994/3074 3603/3993/3072 3618/4008/3094 3619/4009/3096
f 3597/3987/3075 3596/3986/3073 3611/4001/3095 3612/4002/3097
f 3605/3995/3076 3604/3994/3074 3619/4009/3096 3620/4010/3098
f 3598/3988/3077 3597/3987/3075 3612/4002/3097 3613/4003/3084
f 3606/3996/3078 3605/3995/3076 3620/4010/3098 3621/4011/3086
f 3618/4008/3094 3617/4007/3092 3632/4022/3099 3633/4023/3100
f 3611/4001/3095 3610/4000/3093 3625/4015/3101 3626/4016/3102
f 3619/4009/3096 3618/4008/3094 3633/4023/3100 3634/4024/3103
f 3612/4002/3097 3611/4001/3095 3626/4016/3102 3627/4017/3104
f 3620/4010/3098 3619/4009/3096 3634/4024/3103 3635/4025/3105
f 3613/4003/3084 3612/4002/3097 3627/4017/3104 3628/4018/3106
f 3621/4011/3086 3620/4010/3098 3635/4025/3105 3636/4026/3107
f 3614/4004/3085 3613/4003/3084 3628/4018/3106 3629/4019/3108
f 3622/4012/3087 3621/4011/3086 3636/4026/3107 3637/4027/3109
f 3615/4005/3088 3614/4004/3085 3629/4019/3108 3630/4020/3110
f 3623/4013/3089 3622/4012/3087 3637/4027/3109 3638/4028/3111
f 3616/4006/3090 3615/4005/3088 3630/4020/3110 3631/4021/3112
f 3624/4014/3091 3623/4013/3089 3638/4028/3111 3639/4029/3113
f 3617/4007/3092 3616/4006/3090 3631/4021/3112 3632/4022/3099
f 3610/4000/3093 3880/4274/3039 3625/4015/3101
f 4036/4476/3041 3624/4014/3091 3639/4029/3113
f 3637/4027/3109 3636/4026/3107 3651/4041/3114 3652/4042/3115
f 3630/4020/3110 3629/4019/3108 3644/4034/3116 3645/4035/3117
f 3638/4028/3111 3637/4027/3109 3652/4042/3115 3653/4043/3118
f 3631/4021/3112 3630/4020/3110 3645/4035/3117 3646/4036/3119
f 3639/4029/3113 3638/4028/3111 3653/4043/3118 3654/4044/3120
f 3632/4022/3099 3631/4021/3112 3646/4036/3119 3647/4037/3121
f 3625/4015/3101 3880/4275/3039 3640/4030/3122
f 4036/4477/3041 3639/4029/3113 3654/4044/3120
f 3633/4023/3100 3632/4022/3099 3647/4037/3121 3648/4038/3123
f 3626/4016/3102 3625/4015/3101 3640/4030/3122 3641/4031/3124
f 3634/4024/3103 3633/4023/3100 3648/4038/3123 3649/4039/3125
f 3627/4017/3104 3626/4016/3102 3641/4031/3124 3642/4032/3126
f 3635/4025/3105 3634/4024/3103 3649/4039/3125 3650/4040/3127
f 3628/4018/3106 3627/4017/3104 3642/4032/3126 3643/4033/3128
f 3636/4026/3107 3635/4025/3105 3650/4040/3127 3651/4041/3114
f 3629/4019/3108 3628/4018/3106 3643/4033/3128 3644/4034/3116
f 3649/4039/3125 3648/4038/3123 3663/4053/3129 3664/4054/3130
f 3642/4032/3126 3641/4031/3124 3656/4046/3131 3657/4047/3132
f 3650/4040/3127 3649/4039/3125 3664/4054/3130 3665/4055/3133
f 3643/4033/3128 3642/4032/3126 3657/4047/3132 3658/4048/3134
f 3651/4041/3114 3650/4040/3127 3665/4055/3133 3666/4056/3135
f 3644/4034/3116 3643/4033/3128 3658/4048/3134 3659/4049/3136
f 3652/4042/3115 3651/4041/3114 3666/4056/3135 3667/4057/3137
f 3645/4035/3117 3644/4034/3116 3659/4049/3136 3660/4050/3138
f 3653/4043/3118 3652/4042/3115 3667/4057/3137 3668/4058/3139
f 3646/4036/3119 3645/4035/3117 3660/4050/3138 3661/4051/3140
f 3654/4044/3120 3653/4043/3118 3668/4058/3139 3669/4059/3141
f 3647/4037/3121 3646/4036/3119 3661/4051/3140 3662/4052/3142
f 3640/4030/3122 3880/4276/3039 3655/4045/3143
f 4036/4478/3041 3654/4044/3120 3669/4059/3141
f 3648/4038/3123 3647/4037/3121 3662/4052/3142 3663/4053/3129
f 3641/4031/3124 3640/4030/3122 3655/4045/3143 3656/4046/3131
f 3668/4058/3139 3667/4057/3137 3682/4072/3144 3683/4073/3145
f 3661/4051/3140 3660/4050/3138 3675/4065/3146 3676/4066/3147
f 3669/4059/3141 3668/4058/3139 3683/4073/3145 3684/4074/3148
f 3662/4052/3142 3661/4051/3140 3676/4066/3147 3677/4067/3149
f 3655/4045/3143 3880/4277/3039 3670/4060/3150
f 4036/4479/3041 3669/4059/3141 3684/4074/3148
f 3663/4053/3129 3662/4052/3142 3677/4067/3149 3678/4068/3151
f 3656/4046/3131 3655/4045/3143 3670/4060/3150 3671/4061/3152
f 3664/4054/3130 3663/4053/3129 3678/4068/3151 3679/4069/3153
f 3657/4047/3132 3656/4046/3131 3671/4061/3152 3672/4062/3154
f 3665/4055/3133 3664/4054/3130 3679/4069/3153 3680/4070/3155
f 3658/4048/3134 3657/4047/3132 3672/4062/3154 3673/4063/3156
f 3666/4056/3135 3665/4055/3133 3680/4070/3155 3681/4071/3157
f 3659/4049/3136 3658/4048/3134 3673/4063/3156 3674/4064/3158
f 3667/4057/3137 3666/4056/3135 3681/4071/3157 3682/4072/3144
f 3660/4050/3138 3659/4049/3136 3674/4064/3158 3675/4065/3146
f 3672/4062/3154 3671/4061/3152 3686/4076/3159 3687/4077/3160
f 3680/4070/3155 3679/4069/3153 3694/4084/3161 3695/4085/3162
f 3673/4063/3156 3672/4062/3154 3687/4077/3160 3688/4078/3163
f 3681/4071/3157 3680/4070/3155 3695/4085/3162 3696/4086/3164
f 3674/4064/3158 3673/4063/3156 3688/4078/3163 3689/4079/3165
f 3682/4072/3144 3681/4071/3157 3696/4086/3164 3697/4087/3166
f 3675/4065/3146 3674/4064/3158 3689/4079/3165 3690/4080/3167
f 3683/4073/3145 3682/4072/3144 3697/4087/3166 3698/4088/3168
f 3676/4066/3147 3675/4065/3146 3690/4080/3167 3691/4081/3169
f 3684/4074/3148 3683/4073/3145 3698/4088/3168 3699/4089/3170
f 3677/4067/3149 3676/4066/3147 3691/4081/3169 3692/4082/3171
f 3670/4060/3150 3880/4278/3039 3685/4075/3172
f 4036/4480/3041 3684/4074/3148 3699/4089/3170
f 3678/4068/3151 3677/4067/3149 3692/4082/3171 3693/4083/3173
f 3671/4061/3152 3670/4060/3150 3685/4075/3172 3686/4076/3159
f 3679/4069/3153 3678/4068/3151 3693/4083/3173 3694/4084/3161
f 3691/4081/3169 3690/4080/3167 3705/4095/3174 3706/4096/3175
f 3699/4089/3170 3698/4088/3168 3713/4103/3176 3714/4104/3177
f 3692/4082/3171 3691/4081/3169 3706/4096/3175 3707/4097/3178
f 3685/4075/3172 3880/4279/3039 3700/4090/3179
f 4036/4481/3041 3699/4089/3170 3714/4104/3177
f 3693/4083/3173 3692/4082/3171 3707/4097/3178 3708/4098/3180
f 3686/4076/3159 3685/4075/3172 3700/4090/3179 3701/4091/3181
f 3694/4084/3161 3693/4083/3173 3708/4098/3180 3709/4099/3182
f 3687/4077/3160 3686/4076/3159 3701/4091/3181 3702/4092/3183
f 3695/4085/3162 3694/4084/3161 3709/4099/3182 3710/4100/3184
f 3688/4078/3163 3687/4077/3160 3702/4092/3183 3703/4093/3185
f 3696/4086/3164 3695/4085/3162 3710/4100/3184 3711/4101/3186
f 3689/4079/3165 3688/4078/3163 3703/4093/3185 3704/4094/3187
f 3697/4087/3166 3696/4086/3164 3711/4101/3186 3712/4102/3188
f 3690/4080/3167 3689/4079/3165 3704/4094/3187 3705/4095/3174
f 3698/4088/3168 3697/4087/3166 3712/4102/3188 3713/4103/3176
f 3710/4100/3184 3709/4099/3182 3724/4114/3189 3725/4115/3190
f 3703/4093/3185 3702/4092/3183 3717/4107/3191 3718/4108/3192
f 3711/4101/3186 3710/4100/3184 3725/4115/3190 3726/4116/3193
f 3704/4094/3187 3703/4093/3185 3718/4108/3192 3719/4109/3194
f 3712/4102/3188 3711/4101/3186 3726/4116/3193 3727/4117/3195
f 3705/4095/3174 3704/4094/3187 3719/4109/3194 3720/4110/3196
f 3713/4103/3176 3712/4102/3188 3727/4117/3195 3728/4118/3197
f 3706/4096/3175 3705/4095/3174 3720/4110/3196 3721/4111/3198
f 3714/4104/3177 3713/4103/3176 3728/4118/3197 3729/4119/3199
f 3707/4097/3178 3706/4096/3175 3721/4111/3198 3722/4112/3200
f 3700/4090/3179 3880/4280/3039 3715/4105/3201
f 4036/4482/3041 3714/4104/3177 3729/4119/3199
f 3708/4098/3180 3707/4097/3178 3722/4112/3200 3723/4113/3202
f 3701/4091/3181 3700/4090/3179 3715/4105/3201 3716/4106/3203
f 3709/4099/3182 3708/4098/3180 3723/4113/3202 3724/4114/3189
f 3702/4092/3183 3701/4091/3181 3716/4106/3203 3717/4107/3191
f 3729/4119/3199 3728/4118/3197 3743/4133/3204 3744/4134/3205
f 3722/4112/3200 3721/4111/3198 3736/4126/3206 3737/4127/3207
f 3715/4105/3201 3880/4281/3039 3730/4120/3208
f 4036/4483/3041 3729/4119/3199 3744/4134/3205
f 3723/4113/3202 3722/4112/3200 3737/4127/3207 3738/4128/3209
f 3716/4106/3203 3715/4105/3201 3730/4120/3208 3731/4121/3210
f 3724/4114/3189 3723/4113/3202 3738/4128/3209 3739/4129/3211
f 3717/4107/3191 3716/4106/3203 3731/4121/3210 3732/4122/3212
f 3725/4115/3190 3724/4114/3189 3739/4129/3211 3740/4130/3213
f 3718/4108/3192 3717/4107/3191 3732/4122/3212 3733/4123/3214
f 3726/4116/3193 3725/4115/3190 3740/4130/3213 3741/4131/3215
f 3719/4109/3194 3718/4108/3192 3733/4123/3214 3734/4124/3216
f 3727/4117/3195 3726/4116/3193 3741/4131/3215 3742/4132/3217
f 3720/4110/3196 3719/4109/3194 3734/4124/3216 3735/4125/3218
f 3728/4118/3197 3727/4117/3195 3742/4132/3217 3743/4133/3204
f 3721/4111/3198 3720/4110/3196 3735/4125/3218 3736/4126/3206
f 3733/4123/3214 3732/4122/3212 3747/4137/3219 3748/4138/3220
f 3741/4131/3215 3740/4130/3213 3755/4145/3221 3756/4146/3222
f 3734/4124/3216 3733/4123/3214 3748/4138/3220 3749/4139/3223
f 3742/4132/3217 3741/4131/3215 3756/4146/3222 3757/4147/3224
f 3735/4125/3218 3734/4124/3216 3749/4139/3223 3750/4140/3225
f 3743/4133/3204 3742/4132/3217 3757/4147/3224 3758/4148/3226
f 3736/4126/3206 3735/4125/3218 3750/4140/3225 3751/4141/3227
f 3744/4134/3205 3743/4133/3204 3758/4148/3226 3759/4149/3228
f 3737/4127/3207 3736/4126/3206 3751/4141/3227 3752/4142/3229
f 3730/4120/3208 3880/4282/3039 3745/4135/3230
f 4036/4484/3041 3744/4134/3205 3759/4149/3228
f 3738/4128/3209 3737/4127/3207 3752/4142/3229 3753/4143/3231
f 3731/4121/3210 3730/4120/3208 3745/4135/3230 3746/4136/3232
f 3739/4129/3211 3738/4128/3209 3753/4143/3231 3754/4144/3233
f 3732/4122/3212 3731/4121/3210 3746/4136/3232 3747/4137/3219
f 3740/4130/3213 3739/4129/3211 3754/4144/3233 3755/4145/3221
f 3752/4142/3229 3751/4141/3227 3766/4156/3234 3767/4157/3235
f 3745/4135/3230 3880/4283/3039 3760/4150/3236
f 4036/4485/3041 3759/4149/3228 3774/4164/3237
f 3753/4143/3231 3752/4142/3229 3767/4157/3235 3768/4158/3238
f 3746/4136/3232 3745/4135/3230 3760/4150/3236 3761/4151/3239
f 3754/4144/3233 3753/4143/3231 3768/4158/3238 3769/4159/3240
f 3747/4137/3219 3746/4136/3232 3761/4151/3239 3762/4152/3241
f 3755/4145/3221 3754/4144/3233 3769/4159/3240 3770/4160/3242
f 3748/4138/3220 3747/4137/3219 3762/4152/3241 3763/4153/3243
f 3756/4146/3222 3755/4145/3221 3770/4160/3242 3771/4161/3244
f 3749/4139/3223 3748/4138/3220 3763/4153/3243 3764/4154/3245
f 3757/4147/3224 3756/4146/3222 3771/4161/3244 3772/4162/3246
f 3750/4140/3225 3749/4139/3223 3764/4154/3245 3765/4155/3247
f 3758/4148/3226 3757/4147/3224 3772/4162/3246 3773/4163/3248
f 3751/4141/3227 3750/4140/3225 3765/4155/3247 3766/4156/3234
f 3759/4149/3228 3758/4148/3226 3773/4163/3248 3774/4164/3237
f 3771/4161/3244 3770/4160/3242 3785/4175/3249 3786/4176/3250
f 3764/4154/3245 3763/4153/3243 3778/4168/3251 3779/4169/3252
f 3772/4162/3246 3771/4161/3244 3786/4176/3250 3787/4177/3253
f 3765/4155/3247 3764/4154/3245 3779/4169/3252 3780/4170/3254
f 3773/4163/3248 3772/4162/3246 3787/4177/3253 3788/4178/3255
f 3766/4156/3234 3765/4155/3247 3780/4170/3254 3781/4171/3256
f 3774/4164/3237 3773/4163/3248 3788/4178/3255 3789/4179/3257
f 3767/4157/3235 3766/4156/3234 3781/4171/3256 3782/4172/3258
f 3760/4150/3236 3880/4284/3039 3775/4165/3259
f 4036/4486/3041 3774/4164/3237 3789/4179/3257
f 3768/4158/3238 3767/4157/3235 3782/4172/3258 3783/4173/3260
f 3761/4151/3239 3760/4150/3236 3775/4165/3259 3776/4166/3261
f 3769/4159/3240 3768/4158/3238 3783/4173/3260 3784/4174/3262
f 3762/4152/3241 3761/4151/3239 3776/4166/3261 3777/4167/3263
f 3770/4160/3242 3769/4159/3240 3784/4174/3262 3785/4175/3249
f 3763/4153/3243 3762/4152/3241 3777/4167/3263 3778/4168/3251
f 4036/4487/3041 3789/4179/3257 3804/4194/3264
f 3783/4173/3260 3782/4172/3258 3797/4187/3265 3798/4188/3266
f 3776/4166/3261 3775/4165/3259 3790/4180/3267 3791/4181/3268
f 3784/4174/3262 3783/4173/3260 3798/4188/3266 3799/4189/3269
f 3777/4167/3263 3776/4166/3261 3791/4181/3268 3792/4182/3270
f 3785/4175/3249 3784/4174/3262 3799/4189/3269 3800/4190/3271
f 3778/4168/3251 3777/4167/3263 3792/4182/3270 3793/4183/3272
f 3786/4176/3250 3785/4175/3249 3800/4190/3271 3801/4191/3273
f 3779/4169/3252 3778/4168/3251 3793/4183/3272 3794/4184/3274
f 3787/4177/3253 3786/4176/3250 3801/4191/3273 3802/4192/3275
f 3780/4170/3254 3779/4169/3252 3794/4184/3274 3795/4185/3276
f 3788/4178/3255 3787/4177/3253 3802/4192/3275 3803/4193/3277
f 3781/4171/3256 3780/4170/3254 3795/4185/3276 3796/4186/3278
f 3789/4179/3257 3788/4178/3255 3803/4193/3277 3804/4194/3264
f 3782/4172/3258 3781/4171/3256 3796/4186/3278 3797/4187/3265
f 3775/4165/3259 3880/4285/3039 3790/4180/3267
f 3802/4192/3275 3801/4191/3273 3816/4206/3279 3817/4207/3280
f 3795/4185/3276 3794/4184/3274 3809/4199/3281 3810/4200/3282
f 3803/4193/3277 3802/4192/3275 3817/4207/3280 3818/4208/3283
f 3796/4186/3278 3795/4185/3276 3810/4200/3282 3811/4201/3284
f 3804/4194/3264 3803/4193/3277 3818/4208/3283 3819/4209/3285
f 3797/4187/3265 3796/4186/3278 3811/4201/3284 3812/4202/3286
f 3790/4180/3267 3880/4286/3039 3805/4195/3287
f 4036/4488/3041 3804/4194/3264 3819/4209/3285
f 3798/4188/3266 3797/4187/3265 3812/4202/3286 3813/4203/3288
f 3791/4181/3268 3790/4180/3267 3805/4195/3287 3806/4196/3289
f 3799/4189/3269 3798/4188/3266 3813/4203/3288 3814/4204/3290
f 3792/4182/3270 3791/4181/3268 3806/4196/3289 3807/4197/3291
f 3800/4190/3271 3799/4189/3269 3814/4204/3290 3815/4205/3292
f 3793/4183/3272 3792/4182/3270 3807/4197/3291 3808/4198/3293
f 3801/4191/3273 3800/4190/3271 3815/4205/3292 3816/4206/3279
f 3794/4184/3274 3793/4183/3272 3808/4198/3293 3809/4199/3281
f 3806/4196/3289 3805/4195/3287 3820/4210/3294 3821/4211/3295
f 3814/4204/3290 3813/4203/3288 3828/4218/3296 3829/4219/3297
f 3807/4197/3291 3806/4196/3289 3821/4211/3295 3822/4212/3298
f 3815/4205/3292 3814/4204/3290 3829/4219/3297 3830/4220/3299
f 3808/4198/3293 3807/4197/3291 3822/4212/3298 3823/4213/3300
f 3816/4206/3279 3815/4205/3292 3830/4220/3299 3831/4221/3301
f 3809/4199/3281 3808/4198/3293 3823/4213/3300 3824/4214/3302
f 3817/4207/3280 3816/4206/3279 3831/4221/3301 3832/4222/3303
f 3810/4200/3282 3809/4199/3281 3824/4214/3302 3825/4215/3304
f 3818/4208/3283 3817/4207/3280 3832/4222/3303 3833/4223/3305
f 3811/4201/3284 3810/4200/3282 3825/4215/3304 3826/4216/3306
f 3819/4209/3285 3818/4208/3283 3833/4223/3305 3834/4224/3307
f 3812/4202/3286 3811/4201/3284 3826/4216/3306 3827/4217/3308
f 3805/4195/3287 3880/4287/3039 3820/4210/3294
f 4036/4489/3041 3819/4209/3285 3834/4224/3307
f 3813/4203/3288 3812/4202/3286 3827/4217/3308 3828/4218/3296
f 3825/4215/3304 3824/4214/3302 3839/4229/3309 3840/4230/3310
f 3833/4223/3305 3832/4222/3303 3847/4237/3311 3848/4238/3312
f 3826/4216/3306 3825/4215/3304 3840/4230/3310 3841/4231/3313
f 3834/4224/3307 3833/4223/3305 3848/4238/3312 3849/4239/3314
f 3827/4217/3308 3826/4216/3306 3841/4231/3313 3842/4232/3315
f 3820/4210/3294 3880/4288/3039 3835/4225/3316
f 4036/4490/3041 3834/4224/3307 3849/4239/3314
f 3828/4218/3296 3827/4217/3308 3842/4232/3315 3843/4233/3317
f 3821/4211/3295 3820/4210/3294 3835/4225/3316 3836/4226/3318
f 3829/4219/3297 3828/4218/3296 3843/4233/3317 3844/4234/3319
f 3822/4212/3298 3821/4211/3295 3836/4226/3318 3837/4227/3320
f 3830/4220/3299 3829/4219/3297 3844/4234/3319 3845/4235/3321
f 3823/4213/3300 3822/4212/3298 3837/4227/3320 3838/4228/3322
f 3831/4221/3301 3830/4220/3299 3845/4235/3321 3846/4236/3323
f 3824/4214/3302 3823/4213/3300 3838/4228/3322 3839/4229/3309
f 3832/4222/3303 3831/4221/3301 3846/4236/3323 3847/4237/3311
f 3844/4234/3319 3843/4233/3317 3858/4248/3324 3859/4249/3325
f 3837/4227/3320 3836/4226/3318 3851/4241/3326 3852/4242/3327
f 3845/4235/3321 3844/4234/3319 3859/4249/3325 3860/4250/3328
f 3838/4228/3322 3837/4227/3320 3852/4242/3327 3853/4243/3329
f 3846/4236/3323 3845/4235/3321 3860/4250/3328 3861/4251/3330
f 3839/4229/3309 3838/4228/3322 3853/4243/3329 3854/4244/3331
f 3847/4237/3311 3846/4236/3323 3861/4251/3330 3862/4252/3332
f 3840/4230/3310 3839/4229/3309 3854/4244/3331 3855/4245/3333
f 3848/4238/3312 3847/4237/3311 3862/4252/3332 3863/4253/3334
f 3841/4231/3313 3840/4230/3310 3855/4245/3333 3856/4246/3335
f 3849/4239/3314 3848/4238/3312 3863/4253/3334 3864/4254/3336
f 3842/4232/3315 3841/4231/3313 3856/4246/3335 3857/4247/3337
f 3835/4225/3316 3880/4289/3039 3850/4240/3338
f 4036/4491/3041 3849/4239/3314 3864/4254/3336
f 3843/4233/3317 3842/4232/3315 3857/4247/3337 3858/4248/3324
f 3836/4226/3318 3835/4225/3316 3850/4240/3338 3851/4241/3326
f 3863/4253/3334 3862/4252/3332 3877/4267/3339 3878/4268/3340
f 3856/4246/3335 3855/4245/3333 3870/4260/3341 3871/4261/3342
f 3864/4254/3336 3863/4253/3334 3878/4268/3340 3879/4269/3343
f 3857/4247/3337 3856/4246/3335 3871/4261/3342 3872/4262/3344
f 3850/4240/3338 3880/4290/3039 3865/4255/3345
f 4036/4492/3041 3864/4254/3336 3879/4269/3343
f 3858/4248/3324 3857/4247/3337 3872/4262/3344 3873/4263/3346
f 3851/4241/3326 3850/4240/3338 3865/4255/3345 3866/4256/3347
f 3859/4249/3325 3858/4248/3324 3873/4263/3346 3874/4264/3348
f 3852/4242/3327 3851/4241/3326 3866/4256/3347 3867/4257/3349
f 3860/4250/3328 3859/4249/3325 3874/4264/3348 3875/4265/3350
f 3853/4243/3329 3852/4242/3327 3867/4257/3349 3868/4258/3351
f 3861/4251/3330 3860/4250/3328 3875/4265/3350 3876/4266/3352
f 3854/4244/3331 3853/4243/3329 3868/4258/3351 3869/4259/3353
f 3862/4252/3332 3861/4251/3330 3876/4266/3352 3877/4267/3339
f 3855/4245/3333 3854/4244/3331 3869/4259/3353 3870/4260/3341
f 3867/4257/3349 3866/4256/3347 3882/4303/3354 3883/4304/3355
f 3875/4265/3350 3874/4264/3348 3890/4311/3356 3891/4312/3357
f 3868/4258/3351 3867/4257/3349 3883/4304/3355 3884/4305/3358
f 3876/4266/3352 3875/4265/3350 3891/4312/3357 3892/4313/3359
f 3869/4259/3353 3868/4258/3351 3884/4305/3358 3885/4306/3360
f 3877/4267/3339 3876/4266/3352 3892/4313/3359 3893/4314/3361
f 3870/4260/3341 3869/4259/3353 3885/4306/3360 3886/4307/3362
f 3878/4268/3340 3877/4267/3339 3893/4314/3361 3894/4315/3363
f 3871/4261/3342 3870/4260/3341 3886/4307/3362 3887/4308/3364
f 3879/4269/3343 3878/4268/3340 3894/4315/3363 3895/4316/3365
f 3872/4262/3344 3871/4261/3342 3887/4308/3364 3888/4309/3366
f 3865/4255/3345 3880/4291/3039 3881/4302/3367
f 4036/4493/3041 3879/4269/3343 3895/4316/3365
f 3873/4263/3346 3872/4262/3344 3888/4309/3366 3889/4310/3368
f 3866/4256/3347 3865/4255/3345 3881/4302/3367 3882/4303/3354
f 3874/4264/3348 3873/4263/3346 3889/4310/3368 3890/4311/3356
f 3887/4308/3364 3886/4307/3362 3901/4322/3369 3902/4323/3370
f 3895/4316/3365 3894/4315/3363 3909/4330/3371 3910/4331/3372
f 3888/4309/3366 3887/4308/3364 3902/4323/3370 3903/4324/3373
f 3881/4302/3367 3880/4292/3039 3896/4317/3374
f 4036/4494/3041 3895/4316/3365 3910/4331/3372
f 3889/4310/3368 3888/4309/3366 3903/4324/3373 3904/4325/3375
f 3882/4303/3354 3881/4302/3367 3896/4317/3374 3897/4318/3376
f 3890/4311/3356 3889/4310/3368 3904/4325/3375 3905/4326/3377
f 3883/4304/3355 3882/4303/3354 3897/4318/3376 3898/4319/3378
f 3891/4312/3357 3890/4311/3356 3905/4326/3377 3906/4327/3379
f 3884/4305/3358 3883/4304/3355 3898/4319/3378 3899/4320/3380
f 3892/4313/3359 3891/4312/3357 3906/4327/3379 3907/4328/3381
f 3885/4306/3360 3884/4305/3358 3899/4320/3380 3900/4321/3382
f 3893/4314/3361 3892/4313/3359 3907/4328/3381 3908/4329/3383
f 3886/4307/3362 3885/4306/3360 3900/4321/3382 3901/4322/3369
f 3894/4315/3363 3893/4314/3361 3908/4329/3383 3909/4330/3371
f 3906/4327/3379 3905/4326/3377 3920/4350/3384 3921/4352/3385
f 3899/4320/3380 3898/4319/3378 3913/4336/3386 3914/4338/3387
f 3907/4328/3381 3906/4327/3379 3921/4352/3385 3922/4354/3388
f 3900/4321/3382 3899/4320/3380 3914/4338/3387 3915/4340/3389
f 3908/4329/3383 3907/4328/3381 3922/4354/3388 3923/4356/3390
f 3901/4322/3369 3900/4321/3382 3915/4340/3389 3916/4342/3391
f 3909/4330/3371 3908/4329/3383 3923/4356/3390 3924/4358/3392
f 3902/4323/3370 3901/4322/3369 3916/4342/3391 3917/4344/3393
f 3910/4331/3372 3909/4330/3371 3924/4358/3392 3925/4360/3394
f 3903/4324/3373 3902/4323/3370 3917/4344/3393 3918/4346/3395
f 3896/4317/3374 3880/4293/3039 3911/4332/3396
f 4036/4495/3041 3910/4331/3372 3925/4360/3394
f 3904/4325/3375 3903/4324/3373 3918/4346/3395 3919/4348/3397
f 3897/4318/3376 3896/4317/3374 3911/4332/3396 3912/4334/3398
f 3905/4326/3377 3904/4325/3375 3919/4348/3397 3920/4350/3384
f 3898/4319/3378 3897/4318/3376 3912/4334/3398 3913/4336/3386
f 3925/4361/3394 3924/4359/3392 3939/4375/3399 3940/4376/3400
f 3918/4347/3395 3917/4345/3393 3932/4368/3401 3933/4369/3402
f 3911/4333/3396 3880/4294/3039 3926/4362/3403
f 4036/4496/3041 3925/4361/3394 3940/4376/3400
f 3919/4349/3397 3918/4347/3395 3933/4369/3402 3934/4370/3404
f 3912/4335/3398 3911/4333/3396 3926/4362/3403 3927/4363/3405
f 3920/4351/3384 3919/4349/3397 3934/4370/3404 3935/4371/3406
f 3913/4337/3386 3912/4335/3398 3927/4363/3405 3928/4364/3407
f 3921/4353/3385 3920/4351/3384 3935/4371/3406 3936/4372/3408
f 3914/4339/3387 3913/4337/3386 3928/4364/3407 3929/4365/3409
f 3922/4355/3388 3921/4353/3385 3936/4372/3408 3937/4373/3410
f 3915/4341/3389 3914/4339/3387 3929/4365/3409 3930/4366/3411
f 3923/4357/3390 3922/4355/3388 3937/4373/3410 3938/4374/3412
f 3916/4343/3391 3915/4341/3389 3930/4366/3411 3931/4367/3413
f 3924/4359/3392 3923/4357/3390 3938/4374/3412 3939/4375/3399
f 3917/4345/3393 3916/4343/3391 3931/4367/3413 3932/4368/3401
f 3937/4373/3410 3936/4372/3408 3951/4387/3414 3952/4388/3415
f 3930/4366/3411 3929/4365/3409 3944/4380/3416 3945/4381/3417
f 3938/4374/3412 3937/4373/3410 3952/4388/3415 3953/4389/3418
f 3931/4367/3413 3930/4366/3411 3945/4381/3417 3946/4382/3419
f 3939/4375/3399 3938/4374/3412 3953/4389/3418 3954/4390/3420
f 3932/4368/3401 3931/4367/3413 3946/4382/3419 3947/4383/3421
f 3940/4376/3400 3939/4375/3399 3954/4390/3420 3955/4391/3422
f 3933/4369/3402 3932/4368/3401 3947/4383/3421 3948/4384/3423
f 3926/4362/3403 3880/4295/3039 3941/4377/3424
f 4036/4497/3041 3940/4376/3400 3955/4391/3422
f 3934/4370/3404 3933/4369/3402 3948/4384/3423 3949/4385/3425
f 3927/4363/3405 3926/4362/3403 3941/4377/3424 3942/4378/3426
f 3935/4371/3406 3934/4370/3404 3949/4385/3425 3950/4386/3427
f 3928/4364/3407 3927/4363/3405 3942/4378/3426 3943/4379/3428
f 3936/4372/3408 3935/4371/3406 3950/4386/3427 3951/4387/3414
f 3929/4365/3409 3928/4364/3407 3943/4379/3428 3944/4380/3416
f 3941/4377/3424 3880/4296/3039 3956/4392/3429
f 4036/4498/3041 3955/4391/3422 3970/4406/3430
f 3949/4385/3425 3948/4384/3423 3963/4399/3431 3964/4400/3432
f 3942/4378/3426 3941/4377/3424 3956/4392/3429 3957/4393/3433
f 3950/4386/3427 3949/4385/3425 3964/4400/3432 3965/4401/3434
f 3943/4379/3428 3942/4378/3426 3957/4393/3433 3958/4394/3435
f 3951/4387/3414 3950/4386/3427 3965/4401/3434 3966/4402/3436
f 3944/4380/3416 3943/4379/3428 3958/4394/3435 3959/4395/3437
f 3952/4388/3415 3951/4387/3414 3966/4402/3436 3967/4403/3438
f 3945/4381/3417 3944/4380/3416 3959/4395/3437 3960/4396/3439
f 3953/4389/3418 3952/4388/3415 3967/4403/3438 3968/4404/3440
f 3946/4382/3419 3945/4381/3417 3960/4396/3439 3961/4397/3441
f 3954/4390/3420 3953/4389/3418 3968/4404/3440 3969/4405/3442
f 3947/4383/3421 3946/4382/3419 3961/4397/3441 3962/4398/3443
f 3955/4391/3422 3954/4390/3420 3969/4405/3442 3970/4406/3430
f 3948/4384/3423 3947/4383/3421 3962/4398/3443 3963/4399/3431
f 3960/4396/3439 3959/4395/3437 3974/4410/3444 3975/4411/3445
f 3968/4404/3440 3967/4403/3438 3982/4418/3446 3983/4419/3447
f 3961/4397/3441 3960/4396/3439 3975/4411/3445 3976/4412/3448
f 3969/4405/3442 3968/4404/3440 3983/4419/3447 3984/4420/3449
f 3962/4398/3443 3961/4397/3441 3976/4412/3448 3977/4413/3450
f 3970/4406/3430 3969/4405/3442 3984/4420/3449 3985/4421/3451
f 3963/4399/3431 3962/4398/3443 3977/4413/3450 3978/4414/3452
f 3956/4392/3429 3880/4297/3039 3971/4407/3453
f 4036/4499/3041 3970/4406/3430 3985/4421/3451
f 3964/4400/3432 3963/4399/3431 3978/4414/3452 3979/4415/3454
f 3957/4393/3433 3956/4392/3429 3971/4407/3453 3972/4408/3455
f 3965/4401/3434 3964/4400/3432 3979/4415/3454 3980/4416/3456
f 3958/4394/3435 3957/4393/3433 3972/4408/3455 3973/4409/3457
f 3966/4402/3436 3965/4401/3434 3980/4416/3456 3981/4417/3458
f 3959/4395/3437 3958/4394/3435 3973/4409/3457 3974/4410/3444
f 3967/4403/3438 3966/4402/3436 3981/4417/3458 3982/4418/3446
f 3979/4415/3454 3978/4414/3452 3993/4429/3459 3994/4430/3460
f 3972/4408/3455 3971/4407/3453 3986/4422/3461 3987/4423/3462
f 3980/4416/3456 3979/4415/3454 3994/4430/3460 3995/4431/3463
f 3973/4409/3457 3972/4408/3455 3987/4423/3462 3988/4424/3464
f 3981/4417/3458 3980/4416/3456 3995/4431/3463 3996/4432/3465
f 3974/4410/3444 3973/4409/3457 3988/4424/3464 3989/4425/3466
f 3982/4418/3446 3981/4417/3458 3996/4432/3465 3997/4433/3467
f 3975/4411/3445 3974/4410/3444 3989/4425/3466 3990/4426/3468
f 3983/4419/3447 3982/4418/3446 3997/4433/3467 3998/4434/3469
f 3976/4412/3448 3975/4411/3445 3990/4426/3468 3991/4427/3470
f 3984/4420/3449 3983/4419/3447 3998/4434/3469 3999/4435/3471
f 3977/4413/3450 3976/4412/3448 3991/4427/3470 3992/4428/3472
f 3985/4421/3451 3984/4420/3449 3999/4435/3471 4000/4436/3473
f 3978/4414/3452 3977/4413/3450 3992/4428/3472 3993/4429/3459
f 3971/4407/3453 3880/4298/3039 3986/4422/3461
f 4036/4500/3041 3985/4421/3451 4000/4436/3473
f 3998/4434/3469 3997/4433/3467 4012/4448/3474 4013/4449/3475
f 3991/4427/3470 3990/4426/3468 4005/4441/3476 4006/4442/3477
f 3999/4435/3471 3998/4434/3469 4013/4449/3475 4014/4450/3478
f 3992/4428/3472 3991/4427/3470 4006/4442/3477 4007/4443/3479
f 4000/4436/3473 3999/4435/3471 4014/4450/3478 4015/4451/3480
f 3993/4429/3459 3992/4428/3472 4007/4443/3479 4008/4444/3481
f 3986/4422/3461 3880/4299/3039 4001/4437/3482
f 4036/4501/3041 4000/4436/3473 4015/4451/3480
f 3994/4430/3460 3993/4429/3459 4008/4444/3481 4009/4445/3483
f 3987/4423/3462 3986/4422/3461 4001/4437/3482 4002/4438/3484
f 3995/4431/3463 3994/4430/3460 4009/4445/3483 4010/4446/3485
f 3988/4424/3464 3987/4423/3462 4002/4438/3484 4003/4439/3486
f 3996/4432/3465 3995/4431/3463 4010/4446/3485 4011/4447/3487
f 3989/4425/3466 3988/4424/3464 4003/4439/3486 4004/4440/3488
f 3997/4433/3467 3996/4432/3465 4011/4447/3487 4012/4448/3474
f 3990/4426/3468 3989/4425/3466 4004/4440/3488 4005/4441/3476
f 4002/4438/3484 4001/4437/3482 4016/4452/3489 4017/4453/3490
f 4010/4446/3485 4009/4445/3483 4024/4460/3491 4025/4461/3492
f 4003/4439/3486 4002/4438/3484 4017/4453/3490 4018/4454/3493
f 4011/4447/3487 4010/4446/3485 4025/4461/3492 4026/4462/3494
f 4004/4440/3488 4003/4439/3486 4018/4454/3493 4019/4455/3495
f 4012/4448/3474 4011/4447/3487 4026/4462/3494 4027/4463/3496
f 4005/4441/3476 4004/4440/3488 4019/4455/3495 4020/4456/3497
f 4013/4449/3475 4012/4448/3474 4027/4463/3496 4028/4464/3498
f 4006/4442/3477 4005/4441/3476 4020/4456/3497 4021/4457/3499
f 4014/4450/3478 4013/4449/3475 4028/4464/3498 4029/4465/3500
f 4007/4443/3479 4006/4442/3477 4021/4457/3499 4022/4458/3501
f 4015/4451/3480 4014/4450/3478 4029/4465/3500 4030/4466/3502
f 4008/4444/3481 4007/4443/3479 4022/4458/3501 4023/4459/3503
f 4001/4437/3482 3880/4300/3039 4016/4452/3489
f 4036/4502/3041 4015/4451/3480 4030/4466/3502
f 4009/4445/3483 4008/4444/3481 4023/4459/3503 4024/4460/3491
f 4021/4457/3499 4020/4456/3497 3559/3949/3027 3560/3950/3026
f 4029/4465/3500 4028/4464/3498 3564/3954/3022 4034/4470/3030
f 4022/4458/3501 4021/4457/3499 3560/3950/3026 3561/3951/3032
f 4030/4466/3502 4029/4465/3500 4034/4470/3030 4035/4471/3034
f 4023/4459/3503 4022/4458/3501 3561/3951/3032 4031/4467/3036
f 4016/4452/3489 3880/4301/3039 3555/3945/3038
f 4036/4503/3041 4030/4466/3502 4035/4471/3034
f 4024/4460/3491 4023/4459/3503 4031/4467/3036 4032/4468/3042
f 4017/4453/3490 4016/4452/3489 3555/3945/3038 3556/3946/3044
f 4025/4461/3492 4024/4460/3491 4032/4468/3042 4033/4469/3046
f 4018/4454/3493 4017/4453/3490 3556/3946/3044 3557/3947/3048
f 4026/4462/3494 4025/4461/3492 4033/4469/3046 3562/3952/3050
f 4019/4455/3495 4018/4454/3493 3557/3947/3048 3558/3948/3052
f 4027/4463/3496 4026/4462/3494 3562/3952/3050 3563/3953/3023
f 4020/4456/3497 4019/4455/3495 3558/3948/3052 3559/3949/3027
f 4028/4464/3498 4027/4463/3496 3563/3953/3023 3564/3954/3022
f 4046/4513/3275 4059/4526/3253 4058/4525/3250 4045/4512/3273
f 4042/4509/3276 4052/4519/3254 4051/4518/3252 4041/4508/3274
f 4516/5029/3277 4060/4527/3255 4059/4526/3253 4046/4513/3275
f 4043/4510/3278 4053/4520/3256 4052/4519/3254 4042/4509/3276
f 4517/5030/3264 4061/4528/3257 4060/4527/3255 4516/5029/3277
f 4513/5026/3265 4054/4521/3258 4053/4520/3256 4043/4510/3278
f 4037/4504/3267 4047/4514/3259 4362/4829/3039
f 4518/5031/3041 4061/4528/3257 4517/5030/3264
f 4514/5027/3266 4055/4522/3260 4054/4521/3258 4513/5026/3265
f 4038/4505/3268 4048/4515/3261 4047/4514/3259 4037/4504/3267
f 4515/5028/3269 4056/4523/3262 4055/4522/3260 4514/5027/3266
f 4039/4506/3270 4049/4516/3263 4048/4515/3261 4038/4505/3268
f 4044/4511/3271 4057/4524/3249 4056/4523/3262 4515/5028/3269
f 4040/4507/3272 4050/4517/3251 4049/4516/3263 4039/4506/3270
f 4045/4512/3273 4058/4525/3250 4057/4524/3249 4044/4511/3271
f 4041/4508/3274 4051/4518/3252 4050/4517/3251 4040/4507/3272
f 4058/4525/3250 4073/4540/3244 4072/4539/3242 4057/4524/3249
f 4051/4518/3252 4066/4533/3245 4065/4532/3243 4050/4517/3251
f 4059/4526/3253 4074/4541/3246 4073/4540/3244 4058/4525/3250
f 4052/4519/3254 4067/4534/3247 4066/4533/3245 4051/4518/3252
f 4060/4527/3255 4075/4542/3248 4074/4541/3246 4059/4526/3253
f 4053/4520/3256 4068/4535/3234 4067/4534/3247 4052/4519/3254
f 4061/4528/3257 4076/4543/3237 4075/4542/3248 4060/4527/3255
f 4054/4521/3258 4069/4536/3235 4068/4535/3234 4053/4520/3256
f 4047/4514/3259 4062/4529/3236 4362/4830/3039
f 4518/5032/3041 4076/4543/3237 4061/4528/3257
f 4055/4522/3260 4070/4537/3238 4069/4536/3235 4054/4521/3258
f 4048/4515/3261 4063/4530/3239 4062/4529/3236 4047/4514/3259
f 4056/4523/3262 4071/4538/3240 4070/4537/3238 4055/4522/3260
f 4049/4516/3263 4064/4531/3241 4063/4530/3239 4048/4515/3261
f 4057/4524/3249 4072/4539/3242 4071/4538/3240 4056/4523/3262
f 4050/4517/3251 4065/4532/3243 4064/4531/3241 4049/4516/3263
f 4062/4529/3236 4077/4544/3230 4362/4831/3039
f 4518/5033/3041 4091/4558/3228 4076/4543/3237
f 4070/4537/3238 4085/4552/3231 4084/4551/3229 4069/4536/3235
f 4063/4530/3239 4078/4545/3232 4077/4544/3230 4062/4529/3236
f 4071/4538/3240 4086/4553/3233 4085/4552/3231 4070/4537/3238
f 4064/4531/3241 4079/4546/3219 4078/4545/3232 4063/4530/3239
f 4072/4539/3242 4087/4554/3221 4086/4553/3233 4071/4538/3240
f 4065/4532/3243 4080/4547/3220 4079/4546/3219 4064/4531/3241
f 4073/4540/3244 4088/4555/3222 4087/4554/3221 4072/4539/3242
f 4066/4533/3245 4081/4548/3223 4080/4547/3220 4065/4532/3243
f 4074/4541/3246 4089/4556/3224 4088/4555/3222 4073/4540/3244
f 4067/4534/3247 4082/4549/3225 4081/4548/3223 4066/4533/3245
f 4075/4542/3248 4090/4557/3226 4089/4556/3224 4074/4541/3246
f 4068/4535/3234 4083/4550/3227 4082/4549/3225 4067/4534/3247
f 4076/4543/3237 4091/4558/3228 4090/4557/3226 4075/4542/3248
f 4069/4536/3235 4084/4551/3229 4083/4550/3227 4068/4535/3234
f 4081/4548/3223 4096/4563/3216 4095/4562/3214 4080/4547/3220
f 4089/4556/3224 4104/4571/3217 4103/4570/3215 4088/4555/3222
f 4082/4549/3225 4097/4564/3218 4096/4563/3216 4081/4548/3223
f 4090/4557/3226 4105/4572/3204 4104/4571/3217 4089/4556/3224
f 4083/4550/3227 4098/4565/3206 4097/4564/3218 4082/4549/3225
f 4091/4558/3228 4106/4573/3205 4105/4572/3204 4090/4557/3226
f 4084/4551/3229 4099/4566/3207 4098/4565/3206 4083/4550/3227
f 4077/4544/3230 4092/4559/3208 4362/4832/3039
f 4518/5034/3041 4106/4573/3205 4091/4558/3228
f 4085/4552/3231 4100/4567/3209 4099/4566/3207 4084/4551/3229
f 4078/4545/3232 4093/4560/3210 4092/4559/3208 4077/4544/3230
f 4086/4553/3233 4101/4568/3211 4100/4567/3209 4085/4552/3231
f 4079/4546/3219 4094/4561/3212 4093/4560/3210 4078/4545/3232
f 4087/4554/3221 4102/4569/3213 4101/4568/3211 4086/4553/3233
f 4080/4547/3220 4095/4562/3214 4094/4561/3212 4079/4546/3219
f 4088/4555/3222 4103/4570/3215 4102/4569/3213 4087/4554/3221
f 4100/4567/3209 4115/4582/3202 4114/4581/3200 4099/4566/3207
f 4093/4560/3210 4108/4575/3203 4107/4574/3201 4092/4559/3208
f 4101/4568/3211 4116/4583/3189 4115/4582/3202 4100/4567/3209
f 4094/4561/3212 4109/4576/3191 4108/4575/3203 4093/4560/3210
f 4102/4569/3213 4117/4584/3190 4116/4583/3189 4101/4568/3211
f 4095/4562/3214 4110/4577/3192 4109/4576/3191 4094/4561/3212
f 4103/4570/3215 4118/4585/3193 4117/4584/3190 4102/4569/3213
f 4096/4563/3216 4111/4578/3194 4110/4577/3192 4095/4562/3214
f 4104/4571/3217 4119/4586/3195 4118/4585/3193 4103/4570/3215
f 4097/4564/3218 4112/4579/3196 4111/4578/3194 4096/4563/3216
f 4105/4572/3204 4120/4587/3197 4119/4586/3195 4104/4571/3217
f 4098/4565/3206 4113/4580/3198 4112/4579/3196 4097/4564/3218
f 4106/4573/3205 4121/4588/3199 4120/4587/3197 4105/4572/3204
f 4099/4566/3207 4114/4581/3200 4113/4580/3198 4098/4565/3206
f 4092/4559/3208 4107/4574/3201 4362/4833/3039
f 4518/5035/3041 4121/4588/3199 4106/4573/3205
f 4119/4586/3195 4134/4601/3188 4133/4600/3186 4118/4585/3193
f 4112/4579/3196 4127/4594/3174 4126/4593/3187 4111/4578/3194
f 4120/4587/3197 4135/4602/3176 4134/4601/3188 4119/4586/3195
f 4113/4580/3198 4128/4595/3175 4127/4594/3174 4112/4579/3196
f 4121/4588/3199 4136/4603/3177 4135/4602/3176 4120/4587/3197
f 4114/4581/3200 4129/4596/3178 4128/4595/3175 4113/4580/3198
f 4107/4574/3201 4122/4589/3179 4362/4834/3039
f 4518/5036/3041 4136/4603/3177 4121/4588/3199
f 4115/4582/3202 4130/4597/3180 4129/4596/3178 4114/4581/3200
f 4108/4575/3203 4123/4590/3181 4122/4589/3179 4107/4574/3201
f 4116/4583/3189 4131/4598/3182 4130/4597/3180 4115/4582/3202
f 4109/4576/3191 4124/4591/3183 4123/4590/3181 4108/4575/3203
f 4117/4584/3190 4132/4599/3184 4131/4598/3182 4116/4583/3189
f 4110/4577/3192 4125/4592/3185 4124/4591/3183 4109/4576/3191
f 4118/4585/3193 4133/4600/3186 4132/4599/3184 4117/4584/3190
f 4111/4578/3194 4126/4593/3187 4125/4592/3185 4110/4577/3192
f 4131/4598/3182 4146/4613/3161 4145/4612/3173 4130/4597/3180
f 4124/4591/3183 4139/4606/3160 4138/4605/3159 4123/4590/3181
f 4132/4599/3184 4147/4614/3162 4146/4613/3161 4131/4598/3182
f 4125/4592/3185 4140/4607/3163 4139/4606/3160 4124/4591/3183
f 4133/4600/3186 4148/4615/3164 4147/4614/3162 4132/4599/3184
f 4126/4593/3187 4141/4608/3165 4140/4607/3163 4125/4592/3185
f 4134/4601/3188 4149/4616/3166 4148/4615/3164 4133/4600/3186
f 4127/4594/3174 4142/4609/3167 4141/4608/3165 4126/4593/3187
f 4135/4602/3176 4150/4617/3168 4149/4616/3166 4134/4601/3188
f 4128/4595/3175 4143/4610/3169 4142/4609/3167 4127/4594/3174
f 4136/4603/3177 4151/4618/3170 4150/4617/3168 4135/4602/3176
f 4129/4596/3178 4144/4611/3171 4143/4610/3169 4128/4595/3175
f 4122/4589/3179 4137/4604/3172 4362/4835/3039
f 4518/5037/3041 4151/4618/3170 4136/4603/3177
f 4130/4597/3180 4145/4612/3173 4144/4611/3171 4129/4596/3178
f 4123/4590/3181 4138/4605/3159 4137/4604/3172 4122/4589/3179
f 4150/4617/3168 4165/4632/3145 4164/4631/3144 4149/4616/3166
f 4143/4610/3169 4158/4625/3147 4157/4624/3146 4142/4609/3167
f 4151/4618/3170 4166/4633/3148 4165/4632/3145 4150/4617/3168
f 4144/4611/3171 4159/4626/3149 4158/4625/3147 4143/4610/3169
f 4137/4604/3172 4152/4619/3150 4362/4836/3039
f 4518/5038/3041 4166/4633/3148 4151/4618/3170
f 4145/4612/3173 4160/4627/3151 4159/4626/3149 4144/4611/3171
f 4138/4605/3159 4153/4620/3152 4152/4619/3150 4137/4604/3172
f 4146/4613/3161 4161/4628/3153 4160/4627/3151 4145/4612/3173
f 4139/4606/3160 4154/4621/3154 4153/4620/3152 4138/4605/3159
f 4147/4614/3162 4162/4629/3155 4161/4628/3153 4146/4613/3161
f 4140/4607/3163 4155/4622/3156 4154/4621/3154 4139/4606/3160
f 4148/4615/3164 4163/4630/3157 4162/4629/3155 4147/4614/3162
f 4141/4608/3165 4156/4623/3158 4155/4622/3156 4140/4607/3163
f 4149/4616/3166 4164/4631/3144 4163/4630/3157 4148/4615/3164
f 4142/4609/3167 4157/4624/3146 4156/4623/3158 4141/4608/3165
f 4154/4621/3154 4169/4636/3132 4168/4635/3131 4153/4620/3152
f 4162/4629/3155 4177/4644/3133 4176/4643/3130 4161/4628/3153
f 4155/4622/3156 4170/4637/3134 4169/4636/3132 4154/4621/3154
f 4163/4630/3157 4178/4645/3135 4177/4644/3133 4162/4629/3155
f 4156/4623/3158 4171/4638/3136 4170/4637/3134 4155/4622/3156
f 4164/4631/3144 4179/4646/3137 4178/4645/3135 4163/4630/3157
f 4157/4624/3146 4172/4639/3138 4171/4638/3136 4156/4623/3158
f 4165/4632/3145 4180/4647/3139 4179/4646/3137 4164/4631/3144
f 4158/4625/3147 4173/4640/3140 4172/4639/3138 4157/4624/3146
f 4166/4633/3148 4181/4648/3141 4180/4647/3139 4165/4632/3145
f 4159/4626/3149 4174/4641/3142 4173/4640/3140 4158/4625/3147
f 4152/4619/3150 4167/4634/3143 4362/4837/3039
f 4518/5039/3041 4181/4648/3141 4166/4633/3148
f 4160/4627/3151 4175/4642/3129 4174/4641/3142 4159/4626/3149
f 4153/4620/3152 4168/4635/3131 4167/4634/3143 4152/4619/3150
f 4161/4628/3153 4176/4643/3130 4175/4642/3129 4160/4627/3151
f 4173/4640/3140 4188/4655/3119 4187/4654/3117 4172/4639/3138
f 4181/4648/3141 4196/4663/3120 4195/4662/3118 4180/4647/3139
f 4174/4641/3142 4189/4656/3121 4188/4655/3119 4173/4640/3140
f 4167/4634/3143 4182/4649/3122 4362/4838/3039
f 4518/5040/3041 4196/4663/3120 4181/4648/3141
f 4175/4642/3129 4190/4657/3123 4189/4656/3121 4174/4641/3142
f 4168/4635/3131 4183/4650/3124 4182/4649/3122 4167/4634/3143
f 4176/4643/3130 4191/4658/3125 4190/4657/3123 4175/4642/3129
f 4169/4636/3132 4184/4651/3126 4183/4650/3124 4168/4635/3131
f 4177/4644/3133 4192/4659/3127 4191/4658/3125 4176/4643/3130
f 4170/4637/3134 4185/4652/3128 4184/4651/3126 4169/4636/3132
f 4178/4645/3135 4193/4660/3114 4192/4659/3127 4177/4644/3133
f 4171/4638/3136 4186/4653/3116 4185/4652/3128 4170/4637/3134
f 4179/4646/3137 4194/4661/3115 4193/4660/3114 4178/4645/3135
f 4172/4639/3138 4187/4654/3117 4186/4653/3116 4171/4638/3136
f 4180/4647/3139 4195/4662/3118 4194/4661/3115 4179/4646/3137
f 4192/4659/3127 4207/4674/3105 4206/4673/3103 4191/4658/3125
f 4185/4652/3128 4200/4667/3106 4199/4666/3104 4184/4651/3126
f 4193/4660/3114 4208/4675/3107 4207/4674/3105 4192/4659/3127
f 4186/4653/3116 4201/4668/3108 4200/4667/3106 4185/4652/3128
f 4194/4661/3115 4209/4676/3109 4208/4675/3107 4193/4660/3114
f 4187/4654/3117 4202/4669/3110 4201/4668/3108 4186/4653/3116
f 4195/4662/3118 4210/4677/3111 4209/4676/3109 4194/4661/3115
f 4188/4655/3119 4203/4670/3112 4202/4669/3110 4187/4654/3117
f 4196/4663/3120 4211/4678/3113 4210/4677/3111 4195/4662/3118
f 4189/4656/3121 4204/4671/3099 4203/4670/3112 4188/4655/3119
f 4182/4649/3122 4197/4664/3101 4362/4839/3039
f 4518/5041/3041 4211/4678/3113 4196/4663/3120
f 4190/4657/3123 4205/4672/3100 4204/4671/3099 4189/4656/3121
f 4183/4650/3124 4198/4665/3102 4197/4664/3101 4182/4649/3122
f 4191/4658/3125 4206/4673/3103 4205/4672/3100 4190/4657/3123
f 4184/4651/3126 4199/4666/3104 4198/4665/3102 4183/4650/3124
f 4211/4678/3113 4226/4693/3091 4225/4692/3089 4210/4677/3111
f 4204/4671/3099 4219/4686/3092 4218/4685/3090 4203/4670/3112
f 4197/4664/3101 4212/4679/3093 4362/4840/3039
f 4518/5042/3041 4226/4693/3091 4211/4678/3113
f 4205/4672/3100 4220/4687/3094 4219/4686/3092 4204/4671/3099
f 4198/4665/3102 4213/4680/3095 4212/4679/3093 4197/4664/3101
f 4206/4673/3103 4221/4688/3096 4220/4687/3094 4205/4672/3100
f 4199/4666/3104 4214/4681/3097 4213/4680/3095 4198/4665/3102
f 4207/4674/3105 4222/4689/3098 4221/4688/3096 4206/4673/3103
f 4200/4667/3106 4215/4682/3084 4214/4681/3097 4199/4666/3104
f 4208/4675/3107 4223/4690/3086 4222/4689/3098 4207/4674/3105
f 4201/4668/3108 4216/4683/3085 4215/4682/3084 4200/4667/3106
f 4209/4676/3109 4224/4691/3087 4223/4690/3086 4208/4675/3107
f 4202/4669/3110 4217/4684/3088 4216/4683/3085 4201/4668/3108
f 4210/4677/3111 4225/4692/3089 4224/4691/3087 4209/4676/3109
f 4203/4670/3112 4218/4685/3090 4217/4684/3088 4202/4669/3110
f 4215/4682/3084 4230/4697/3077 4229/4696/3075 4214/4681/3097
f 4223/4690/3086 4238/4705/3078 4237/4704/3076 4222/4689/3098
f 4216/4683/3085 4231/4698/3079 4230/4697/3077 4215/4682/3084
f 4224/4691/3087 4239/4706/3080 4238/4705/3078 4223/4690/3086
f 4217/4684/3088 4232/4699/3081 4231/4698/3079 4216/4683/3085
f 4225/4692/3089 4240/4707/3082 4239/4706/3080 4224/4691/3087
f 4218/4685/3090 4233/4700/3083 4232/4699/3081 4217/4684/3088
f 4226/4693/3091 4241/4708/3070 4240/4707/3082 4225/4692/3089
f 4219/4686/3092 4234/4701/3071 4233/4700/3083 4218/4685/3090
f 4212/4679/3093 4227/4694/3069 4362/4841/3039
f 4518/5043/3041 4241/4708/3070 4226/4693/3091
f 4220/4687/3094 4235/4702/3072 4234/4701/3071 4219/4686/3092
f 4213/4680/3095 4228/4695/3073 4227/4694/3069 4212/4679/3093
f 4221/4688/3096 4236/4703/3074 4235/4702/3072 4220/4687/3094
f 4214/4681/3097 4229/4696/3075 4228/4695/3073 4213/4680/3095
f 4222/4689/3098 4237/4704/3076 4236/4703/3074 4221/4688/3096
f 4234/4701/3071 4249/4716/3063 4248/4715/3061 4233/4700/3083
f 4227/4694/3069 4242/4709/3064 4362/4842/3039
f 4518/5044/3041 4256/4723/3062 4241/4708/3070
f 4235/4702/3072 4250/4717/3065 4249/4716/3063 4234/4701/3071
f 4228/4695/3073 4243/4710/3066 4242/4709/3064 4227/4694/3069
f 4236/4703/3074 4251/4718/3067 4250/4717/3065 4235/4702/3072
f 4229/4696/3075 4244/4711/3068 4243/4710/3066 4228/4695/3073
f 4237/4704/3076 4252/4719/3054 4251/4718/3067 4236/4703/3074
f 4230/4697/3077 4245/4712/3056 4244/4711/3068 4229/4696/3075
f 4238/4705/3078 4253/4720/3055 4252/4719/3054 4237/4704/3076
f 4231/4698/3079 4246/4713/3057 4245/4712/3056 4230/4697/3077
f 4239/4706/3080 4254/4721/3058 4253/4720/3055 4238/4705/3078
f 4232/4699/3081 4247/4714/3059 4246/4713/3057 4231/4698/3079
f 4240/4707/3082 4255/4722/3060 4254/4721/3058 4239/4706/3080
f 4233/4700/3083 4248/4715/3061 4247/4714/3059 4232/4699/3081
f 4241/4708/3070 4256/4723/3062 4255/4722/3060 4240/4707/3082
f 4253/4720/3055 4268/4735/3024 4267/4734/3051 4252/4719/3054
f 4246/4713/3057 4261/4728/3028 4260/4727/3053 4245/4712/3056
f 4254/4721/3058 4269/4736/3025 4268/4735/3024 4253/4720/3055
f 4247/4714/3059 4262/4729/3029 4261/4728/3028 4246/4713/3057
f 4255/4722/3060 4270/4737/3031 4269/4736/3025 4254/4721/3058
f 4248/4715/3061 4263/4730/3033 4262/4729/3029 4247/4714/3059
f 4256/4723/3062 4271/4738/3035 4270/4737/3031 4255/4722/3060
f 4249/4716/3063 4264/4731/3037 4263/4730/3033 4248/4715/3061
f 4242/4709/3064 4257/4724/3040 4362/4843/3039
f 4518/5045/3041 4271/4738/3035 4256/4723/3062
f 4250/4717/3065 4265/4732/3043 4264/4731/3037 4249/4716/3063
f 4243/4710/3066 4258/4725/3045 4257/4724/3040 4242/4709/3064
f 4251/4718/3067 4266/4733/3047 4265/4732/3043 4250/4717/3065
f 4244/4711/3068 4259/4726/3049 4258/4725/3045 4243/4710/3066
f 4252/4719/3054 4267/4734/3051 4266/4733/3047 4251/4718/3067
f 4245/4712/3056 4260/4727/3053 4259/4726/3049 4244/4711/3068
f 4518/5046/3041 4286/4753/3034 4271/4738/3035
f 4265/4732/3043 4280/4747/3042 4279/4746/3036 4264/4731/3037
f 4258/4725/3045 4273/4740/3044 4272/4739/3038 4257/4724/3040
f 4266/4733/3047 4281/4748/3046 4280/4747/3042 4265/4732/3043
f 4259/4726/3049 4274/4741/3048 4273/4740/3044 4258/4725/3045
f 4267/4734/3051 4282/4749/3050 4281/4748/3046 4266/4733/3047
f 4260/4727/3053 4275/4742/3052 4274/4741/3048 4259/4726/3049
f 4268/4735/3024 4283/4750/3023 4282/4749/3050 4267/4734/3051
f 4261/4728/3028 4276/4743/3027 4275/4742/3052 4260/4727/3053
f 4269/4736/3025 4284/4751/3022 4283/4750/3023 4268/4735/3024
f 4262/4729/3029 4277/4744/3026 4276/4743/3027 4261/4728/3028
f 4270/4737/3031 4285/4752/3030 4284/4751/3022 4269/4736/3025
f 4263/4730/3033 4278/4745/3032 4277/4744/3026 4262/4729/3029
f 4271/4738/3035 4286/4753/3034 4285/4752/3030 4270/4737/3031
f 4264/4731/3037 4279/4746/3036 4278/4745/3032 4263/4730/3033
f 4257/4724/3040 4272/4739/3038 4362/4844/3039
f 4284/4751/3022 4299/4766/3498 4298/4765/3496 4283/4750/3023
f 4277/4744/3026 4292/4759/3499 4291/4758/3497 4276/4743/3027
f 4285/4752/3030 4300/4767/3500 4299/4766/3498 4284/4751/3022
f 4278/4745/3032 4293/4760/3501 4292/4759/3499 4277/4744/3026
f 4286/4753/3034 4301/4768/3502 4300/4767/3500 4285/4752/3030
f 4279/4746/3036 4294/4761/3503 4293/4760/3501 4278/4745/3032
f 4272/4739/3038 4287/4754/3489 4362/4845/3039
f 4518/5047/3041 4301/4768/3502 4286/4753/3034
f 4280/4747/3042 4295/4762/3491 4294/4761/3503 4279/4746/3036
f 4273/4740/3044 4288/4755/3490 4287/4754/3489 4272/4739/3038
f 4281/4748/3046 4296/4763/3492 4295/4762/3491 4280/4747/3042
f 4274/4741/3048 4289/4756/3493 4288/4755/3490 4273/4740/3044
f 4282/4749/3050 4297/4764/3494 4296/4763/3492 4281/4748/3046
f 4275/4742/3052 4290/4757/3495 4289/4756/3493 4274/4741/3048
f 4283/4750/3023 4298/4765/3496 4297/4764/3494 4282/4749/3050
f 4276/4743/3027 4291/4758/3497 4290/4757/3495 4275/4742/3052
f 4288/4755/3490 4303/4770/3484 4302/4769/3482 4287/4754/3489
f 4296/4763/3492 4311/4778/3485 4310/4777/3483 4295/4762/3491
f 4289/4756/3493 4304/4771/3486 4303/4770/3484 4288/4755/3490
f 4297/4764/3494 4312/4779/3487 4311/4778/3485 4296/4763/3492
f 4290/4757/3495 4305/4772/3488 4304/4771/3486 4289/4756/3493
f 4298/4765/3496 4313/4780/3474 4312/4779/3487 4297/4764/3494
f 4291/4758/3497 4306/4773/3476 4305/4772/3488 4290/4757/3495
f 4299/4766/3498 4314/4781/3475 4313/4780/3474 4298/4765/3496
f 4292/4759/3499 4307/4774/3477 4306/4773/3476 4291/4758/3497
f 4300/4767/3500 4315/4782/3478 4314/4781/3475 4299/4766/3498
f 4293/4760/3501 4308/4775/3479 4307/4774/3477 4292/4759/3499
f 4301/4768/3502 4316/4783/3480 4315/4782/3478 4300/4767/3500
f 4294/4761/3503 4309/4776/3481 4308/4775/3479 4293/4760/3501
f 4287/4754/3489 4302/4769/3482 4362/4846/3039
f 4518/5048/3041 4316/4783/3480 4301/4768/3502
f 4295/4762/3491 4310/4777/3483 4309/4776/3481 4294/4761/3503
f 4307/4774/3477 4322/4789/3470 4321/4788/3468 4306/4773/3476
f 4315/4782/3478 4330/4797/3471 4329/4796/3469 4314/4781/3475
f 4308/4775/3479 4323/4790/3472 4322/4789/3470 4307/4774/3477
f 4316/4783/3480 4331/4798/3473 4330/4797/3471 4315/4782/3478
f 4309/4776/3481 4324/4791/3459 4323/4790/3472 4308/4775/3479
f 4302/4769/3482 4317/4784/3461 4362/4847/3039
f 4518/5049/3041 4331/4798/3473 4316/4783/3480
f 4310/4777/3483 4325/4792/3460 4324/4791/3459 4309/4776/3481
f 4303/4770/3484 4318/4785/3462 4317/4784/3461 4302/4769/3482
f 4311/4778/3485 4326/4793/3463 4325/4792/3460 4310/4777/3483
f 4304/4771/3486 4319/4786/3464 4318/4785/3462 4303/4770/3484
f 4312/4779/3487 4327/4794/3465 4326/4793/3463 4311/4778/3485
f 4305/4772/3488 4320/4787/3466 4319/4786/3464 4304/4771/3486
f 4313/4780/3474 4328/4795/3467 4327/4794/3465 4312/4779/3487
f 4306/4773/3476 4321/4788/3468 4320/4787/3466 4305/4772/3488
f 4314/4781/3475 4329/4796/3469 4328/4795/3467 4313/4780/3474
f 4326/4793/3463 4341/4808/3456 4340/4807/3454 4325/4792/3460
f 4319/4786/3464 4334/4801/3457 4333/4800/3455 4318/4785/3462
f 4327/4794/3465 4342/4809/3458 4341/4808/3456 4326/4793/3463
f 4320/4787/3466 4335/4802/3444 4334/4801/3457 4319/4786/3464
f 4328/4795/3467 4343/4810/3446 4342/4809/3458 4327/4794/3465
f 4321/4788/3468 4336/4803/3445 4335/4802/3444 4320/4787/3466
f 4329/4796/3469 4344/4811/3447 4343/4810/3446 4328/4795/3467
f 4322/4789/3470 4337/4804/3448 4336/4803/3445 4321/4788/3468
f 4330/4797/3471 4345/4812/3449 4344/4811/3447 4329/4796/3469
f 4323/4790/3472 4338/4805/3450 4337/4804/3448 4322/4789/3470
f 4331/4798/3473 4346/4813/3451 4345/4812/3449 4330/4797/3471
f 4324/4791/3459 4339/4806/3452 4338/4805/3450 4323/4790/3472
f 4317/4784/3461 4332/4799/3453 4362/4848/3039
f 4518/5050/3041 4346/4813/3451 4331/4798/3473
f 4325/4792/3460 4340/4807/3454 4339/4806/3452 4324/4791/3459
f 4318/4785/3462 4333/4800/3455 4332/4799/3453 4317/4784/3461
f 4345/4812/3449 4360/4827/3442 4359/4826/3440 4344/4811/3447
f 4338/4805/3450 4353/4820/3443 4352/4819/3441 4337/4804/3448
f 4346/4813/3451 4361/4828/3430 4360/4827/3442 4345/4812/3449
f 4339/4806/3452 4354/4821/3431 4353/4820/3443 4338/4805/3450
f 4332/4799/3453 4347/4814/3429 4362/4849/3039
f 4518/5051/3041 4361/4828/3430 4346/4813/3451
f 4340/4807/3454 4355/4822/3432 4354/4821/3431 4339/4806/3452
f 4333/4800/3455 4348/4815/3433 4347/4814/3429 4332/4799/3453
f 4341/4808/3456 4356/4823/3434 4355/4822/3432 4340/4807/3454
f 4334/4801/3457 4349/4816/3435 4348/4815/3433 4333/4800/3455
f 4342/4809/3458 4357/4824/3436 4356/4823/3434 4341/4808/3456
f 4335/4802/3444 4350/4817/3437 4349/4816/3435 4334/4801/3457
f 4343/4810/3446 4358/4825/3438 4357/4824/3436 4342/4809/3458
f 4336/4803/3445 4351/4818/3439 4350/4817/3437 4335/4802/3444
f 4344/4811/3447 4359/4826/3440 4358/4825/3438 4343/4810/3446
f 4337/4804/3448 4352/4819/3441 4351/4818/3439 4336/4803/3445
f 4349/4816/3435 4365/4863/3428 4364/4862/3426 4348/4815/3433
f 4357/4824/3436 4373/4871/3414 4372/4870/3427 4356/4823/3434
f 4350/4817/3437 4366/4864/3416 4365/4863/3428 4349/4816/3435
f 4358/4825/3438 4374/4872/3415 4373/4871/3414 4357/4824/3436
f 4351/4818/3439 4367/4865/3417 4366/4864/3416 4350/4817/3437
f 4359/4826/3440 4375/4873/3418 4374/4872/3415 4358/4825/3438
f 4352/4819/3441 4368/4866/3419 4367/4865/3417 4351/4818/3439
f 4360/4827/3442 4376/4874/3420 4375/4873/3418 4359/4826/3440
f 4353/4820/3443 4369/4867/3421 4368/4866/3419 4352/4819/3441
f 4361/4828/3430 4377/4875/3422 4376/4874/3420 4360/4827/3442
f 4354/4821/3431 4370/4868/3423 4369/4867/3421 4353/4820/3443
f 4347/4814/3429 4363/4861/3424 4362/4850/3039
f 4518/5052/3041 4377/4875/3422 4361/4828/3430
f 4355/4822/3432 4371/4869/3425 4370/4868/3423 4354/4821/3431
f 4348/4815/3433 4364/4862/3426 4363/4861/3424 4347/4814/3429
f 4356/4823/3434 4372/4870/3427 4371/4869/3425 4355/4822/3432
f 4369/4867/3421 4384/4882/3401 4383/4881/3413 4368/4866/3419
f 4377/4875/3422 4392/4890/3400 4391/4889/3399 4376/4874/3420
f 4370/4868/3423 4385/4883/3402 4384/4882/3401 4369/4867/3421
f 4363/4861/3424 4378/4876/3403 4362/4851/3039
f 4518/5053/3041 4392/4890/3400 4377/4875/3422
f 4371/4869/3425 4386/4884/3404 4385/4883/3402 4370/4868/3423
f 4364/4862/3426 4379/4877/3405 4378/4876/3403 4363/4861/3424
f 4372/4870/3427 4387/4885/3406 4386/4884/3404 4371/4869/3425
f 4365/4863/3428 4380/4878/3407 4379/4877/3405 4364/4862/3426
f 4373/4871/3414 4388/4886/3408 4387/4885/3406 4372/4870/3427
f 4366/4864/3416 4381/4879/3409 4380/4878/3407 4365/4863/3428
f 4374/4872/3415 4389/4887/3410 4388/4886/3408 4373/4871/3414
f 4367/4865/3417 4382/4880/3411 4381/4879/3409 4366/4864/3416
f 4375/4873/3418 4390/4888/3412 4389/4887/3410 4374/4872/3415
f 4368/4866/3419 4383/4881/3413 4382/4880/3411 4367/4865/3417
f 4376/4874/3420 4391/4889/3399 4390/4888/3412 4375/4873/3418
f 4388/4886/3408 4403/4911/3385 4402/4909/3384 4387/4885/3406
f 4381/4879/3409 4396/4897/3387 4395/4895/3386 4380/4878/3407
f 4389/4887/3410 4404/4913/3388 4403/4911/3385 4388/4886/3408
f 4382/4880/3411 4397/4899/3389 4396/4897/3387 4381/4879/3409
f 4390/4888/3412 4405/4915/3390 4404/4913/3388 4389/4887/3410
f 4383/4881/3413 4398/4901/3391 4397/4899/3389 4382/4880/3411
f 4391/4889/3399 4406/4917/3392 4405/4915/3390 4390/4888/3412
f 4384/4882/3401 4399/4903/3393 4398/4901/3391 4383/4881/3413
f 4392/4890/3400 4407/4919/3394 4406/4917/3392 4391/4889/3399
f 4385/4883/3402 4400/4905/3395 4399/4903/3393 4384/4882/3401
f 4378/4876/3403 4393/4891/3396 4362/4852/3039
f 4518/5054/3041 4407/4919/3394 4392/4890/3400
f 4386/4884/3404 4401/4907/3397 4400/4905/3395 4385/4883/3402
f 4379/4877/3405 4394/4893/3398 4393/4891/3396 4378/4876/3403
f 4387/4885/3406 4402/4909/3384 4401/4907/3397 4386/4884/3404
f 4380/4878/3407 4395/4895/3386 4394/4893/3398 4379/4877/3405
f 4407/4920/3394 4422/4935/3372 4421/4934/3371 4406/4918/3392
f 4400/4906/3395 4415/4928/3373 4414/4927/3370 4399/4904/3393
f 4393/4892/3396 4408/4921/3374 4362/4853/3039
f 4518/5055/3041 4422/4935/3372 4407/4920/3394
f 4401/4908/3397 4416/4929/3375 4415/4928/3373 4400/4906/3395
f 4394/4894/3398 4409/4922/3376 4408/4921/3374 4393/4892/3396
f 4402/4910/3384 4417/4930/3377 4416/4929/3375 4401/4908/3397
f 4395/4896/3386 4410/4923/3378 4409/4922/3376 4394/4894/3398
f 4403/4912/3385 4418/4931/3379 4417/4930/3377 4402/4910/3384
f 4396/4898/3387 4411/4924/3380 4410/4923/3378 4395/4896/3386
f 4404/4914/3388 4419/4932/3381 4418/4931/3379 4403/4912/3385
f 4397/4900/3389 4412/4925/3382 4411/4924/3380 4396/4898/3387
f 4405/4916/3390 4420/4933/3383 4419/4932/3381 4404/4914/3388
f 4398/4902/3391 4413/4926/3369 4412/4925/3382 4397/4900/3389
f 4406/4918/3392 4421/4934/3371 4420/4933/3383 4405/4916/3390
f 4399/4904/3393 4414/4927/3370 4413/4926/3369 4398/4902/3391
f 4419/4932/3381 4434/4947/3359 4433/4946/3357 4418/4931/3379
f 4412/4925/3382 4427/4940/3360 4426/4939/3358 4411/4924/3380
f 4420/4933/3383 4435/4948/3361 4434/4947/3359 4419/4932/3381
f 4413/4926/3369 4428/4941/3362 4427/4940/3360 4412/4925/3382
f 4421/4934/3371 4436/4949/3363 4435/4948/3361 4420/4933/3383
f 4414/4927/3370 4429/4942/3364 4428/4941/3362 4413/4926/3369
f 4422/4935/3372 4437/4950/3365 4436/4949/3363 4421/4934/3371
f 4415/4928/3373 4430/4943/3366 4429/4942/3364 4414/4927/3370
f 4408/4921/3374 4423/4936/3367 4362/4854/3039
f 4518/5056/3041 4437/4950/3365 4422/4935/3372
f 4416/4929/3375 4431/4944/3368 4430/4943/3366 4415/4928/3373
f 4409/4922/3376 4424/4937/3354 4423/4936/3367 4408/4921/3374
f 4417/4930/3377 4432/4945/3356 4431/4944/3368 4416/4929/3375
f 4410/4923/3378 4425/4938/3355 4424/4937/3354 4409/4922/3376
f 4418/4931/3379 4433/4946/3357 4432/4945/3356 4417/4930/3377
f 4411/4924/3380 4426/4939/3358 4425/4938/3355 4410/4923/3378
f 4423/4936/3367 4438/4951/3345 4362/4855/3039
f 4518/5057/3041 4452/4965/3343 4437/4950/3365
f 4431/4944/3368 4446/4959/3346 4445/4958/3344 4430/4943/3366
f 4424/4937/3354 4439/4952/3347 4438/4951/3345 4423/4936/3367
f 4432/4945/3356 4447/4960/3348 4446/4959/3346 4431/4944/3368
f 4425/4938/3355 4440/4953/3349 4439/4952/3347 4424/4937/3354
f 4433/4946/3357 4448/4961/3350 4447/4960/3348 4432/4945/3356
f 4426/4939/3358 4441/4954/3351 4440/4953/3349 4425/4938/3355
f 4434/4947/3359 4449/4962/3352 4448/4961/3350 4433/4946/3357
f 4427/4940/3360 4442/4955/3353 4441/4954/3351 4426/4939/3358
f 4435/4948/3361 4450/4963/3339 4449/4962/3352 4434/4947/3359
f 4428/4941/3362 4443/4956/3341 4442/4955/3353 4427/4940/3360
f 4436/4949/3363 4451/4964/3340 4450/4963/3339 4435/4948/3361
f 4429/4942/3364 4444/4957/3342 4443/4956/3341 4428/4941/3362
f 4437/4950/3365 4452/4965/3343 4451/4964/3340 4436/4949/3363
f 4430/4943/3366 4445/4958/3344 4444/4957/3342 4429/4942/3364
f 4442/4955/3353 4457/4970/3331 4456/4969/3329 4441/4954/3351
f 4450/4963/3339 4465/4978/3332 4464/4977/3330 4449/4962/3352
f 4443/4956/3341 4458/4971/3333 4457/4970/3331 4442/4955/3353
f 4451/4964/3340 4466/4979/3334 4465/4978/3332 4450/4963/3339
f 4444/4957/3342 4459/4972/3335 4458/4971/3333 4443/4956/3341
f 4452/4965/3343 4467/4980/3336 4466/4979/3334 4451/4964/3340
f 4445/4958/3344 4460/4973/3337 4459/4972/3335 4444/4957/3342
f 4438/4951/3345 4453/4966/3338 4362/4856/3039
f 4518/5058/3041 4467/4980/3336 4452/4965/3343
f 4446/4959/3346 4461/4974/3324 4460/4973/3337 4445/4958/3344
f 4439/4952/3347 4454/4967/3326 4453/4966/3338 4438/4951/3345
f 4447/4960/3348 4462/4975/3325 4461/4974/3324 4446/4959/3346
f 4440/4953/3349 4455/4968/3327 4454/4967/3326 4439/4952/3347
f 4448/4961/3350 4463/4976/3328 4462/4975/3325 4447/4960/3348
f 4441/4954/3351 4456/4969/3329 4455/4968/3327 4440/4953/3349
f 4449/4962/3352 4464/4977/3330 4463/4976/3328 4448/4961/3350
f 4461/4974/3324 4476/4989/3317 4475/4988/3315 4460/4973/3337
f 4454/4967/3326 4469/4982/3318 4468/4981/3316 4453/4966/3338
f 4462/4975/3325 4477/4990/3319 4476/4989/3317 4461/4974/3324
f 4455/4968/3327 4470/4983/3320 4469/4982/3318 4454/4967/3326
f 4463/4976/3328 4478/4991/3321 4477/4990/3319 4462/4975/3325
f 4456/4969/3329 4471/4984/3322 4470/4983/3320 4455/4968/3327
f 4464/4977/3330 4479/4992/3323 4478/4991/3321 4463/4976/3328
f 4457/4970/3331 4472/4985/3309 4471/4984/3322 4456/4969/3329
f 4465/4978/3332 4480/4993/3311 4479/4992/3323 4464/4977/3330
f 4458/4971/3333 4473/4986/3310 4472/4985/3309 4457/4970/3331
f 4466/4979/3334 4481/4994/3312 4480/4993/3311 4465/4978/3332
f 4459/4972/3335 4474/4987/3313 4473/4986/3310 4458/4971/3333
f 4467/4980/3336 4482/4995/3314 4481/4994/3312 4466/4979/3334
f 4460/4973/3337 4475/4988/3315 4474/4987/3313 4459/4972/3335
f 4453/4966/3338 4468/4981/3316 4362/4857/3039
f 4518/5059/3041 4482/4995/3314 4467/4980/3336
f 4480/4993/3311 4495/5008/3303 4494/5007/3301 4479/4992/3323
f 4473/4986/3310 4488/5001/3304 4487/5000/3302 4472/4985/3309
f 4481/4994/3312 4496/5009/3305 4495/5008/3303 4480/4993/3311
f 4474/4987/3313 4489/5002/3306 4488/5001/3304 4473/4986/3310
f 4482/4995/3314 4497/5010/3307 4496/5009/3305 4481/4994/3312
f 4475/4988/3315 4490/5003/3308 4489/5002/3306 4474/4987/3313
f 4468/4981/3316 4483/4996/3294 4362/4858/3039
f 4518/5060/3041 4497/5010/3307 4482/4995/3314
f 4476/4989/3317 4491/5004/3296 4490/5003/3308 4475/4988/3315
f 4469/4982/3318 4484/4997/3295 4483/4996/3294 4468/4981/3316
f 4477/4990/3319 4492/5005/3297 4491/5004/3296 4476/4989/3317
f 4470/4983/3320 4485/4998/3298 4484/4997/3295 4469/4982/3318
f 4478/4991/3321 4493/5006/3299 4492/5005/3297 4477/4990/3319
f 4471/4984/3322 4486/4999/3300 4485/4998/3298 4470/4983/3320
f 4479/4992/3323 4494/5007/3301 4493/5006/3299 4478/4991/3321
f 4472/4985/3309 4487/5000/3302 4486/4999/3300 4471/4984/3322
f 4484/4997/3295 4499/5012/3289 4498/5011/3287 4483/4996/3294
f 4492/5005/3297 4507/5020/3290 4506/5019/3288 4491/5004/3296
f 4485/4998/3298 4500/5013/3291 4499/5012/3289 4484/4997/3295
f 4493/5006/3299 4508/5021/3292 4507/5020/3290 4492/5005/3297
f 4486/4999/3300 4501/5014/3293 4500/5013/3291 4485/4998/3298
f 4494/5007/3301 4509/5022/3279 4508/5021/3292 4493/5006/3299
f 4487/5000/3302 4502/5015/3281 4501/5014/3293 4486/4999/3300
f 4495/5008/3303 4510/5023/3280 4509/5022/3279 4494/5007/3301
f 4488/5001/3304 4503/5016/3282 4502/5015/3281 4487/5000/3302
f 4496/5009/3305 4511/5024/3283 4510/5023/3280 4495/5008/3303
f 4489/5002/3306 4504/5017/3284 4503/5016/3282 4488/5001/3304
f 4497/5010/3307 4512/5025/3285 4511/5024/3283 4496/5009/3305
f 4490/5003/3308 4505/5018/3286 4504/5017/3284 4489/5002/3306
f 4483/4996/3294 4498/5011/3287 4362/4859/3039
f 4518/5061/3041 4512/5025/3285 4497/5010/3307
f 4491/5004/3296 4506/5019/3288 4505/5018/3286 4490/5003/3308
f 4503/5016/3282 4042/4509/3276 4041/4508/3274 4502/5015/3281
f 4511/5024/3283 4516/5029/3277 4046/4513/3275 4510/5023/3280
f 4504/5017/3284 4043/4510/3278 4042/4509/3276 4503/5016/3282
f 4512/5025/3285 4517/5030/3264 4516/5029/3277 4511/5024/3283
f 4505/5018/3286 4513/5026/3265 4043/4510/3278 4504/5017/3284
f 4498/5011/3287 4037/4504/3267 4362/4860/3039
f 4518/5062/3041 4517/5030/3264 4512/5025/3285
f 4506/5019/3288 4514/5027/3266 4513/5026/3265 4505/5018/3286
f 4499/5012/3289 4038/4505/3268 4037/4504/3267 4498/5011/3287
f 4507/5020/3290 4515/5028/3269 4514/5027/3266 4506/5019/3288
f 4500/5013/3291 4039/4506/3270 4038/4505/3268 4499/5012/3289
f 4508/5021/3292 4044/4511/3271 4515/5028/3269 4507/5020/3290
f 4501/5014/3293 4040/4507/3272 4039/4506/3270 4500/5013/3291
f 4509/5022/3279 4045/4512/3273 4044/4511/3271 4508/5021/3292
f 4502/5015/3281 4041/4508/3274 4040/4507/3272 4501/5014/3293
f 4510/5023/3280 4046/4513/3275 4045/4512/3273 4509/5022/3279
